transaction_id,customer_id,transaction_date,transaction_time,merchant,transaction_amount,location,payment_method,account_age_days,fraud_flag
T000001,C0082,2026-01-18,09:43,Target,126.22,Atlanta GA,Debit Card,1546,0
T000002,C0070,2026-01-12,12:14,Target,20.73,Miami FL,Debit Card,1064,0
T000003,C0078,2026-03-31,23:26,Walmart,359.43,Miami FL,Credit Card,481,0
T000004,C0058,2026-01-21,19:21,CVS,380.61,Jonesboro GA,Credit Card,599,0
T000005,C0020,2026-01-13,17:54,Amazon,50.91,Jonesboro GA,Credit Card,734,0
T000006,C0078,2026-02-18,08:35,Shell,270.43,Atlanta GA,Debit Card,630,0
T000007,C0081,2026-01-06,13:49,CVS,353.76,Jonesboro GA,Credit Card,622,0
T000008,C0011,2026-03-23,17:10,Amazon,142.6,Atlanta GA,Debit Card,788,0
T000009,C0046,2026-03-29,08:38,Amazon,352.4,Charlotte NC,Debit Card,1330,0
T000010,C0022,2026-02-18,14:59,Home Depot,85.88,Charlotte NC,Credit Card,1340,0
T000011,C0089,2026-01-08,13:52,Home Depot,422.21,Marietta GA,Debit Card,95,0
T000012,C0041,2026-03-14,16:13,Best Buy,109.44,Jonesboro GA,Credit Card,1372,0
T000013,C0064,2026-01-18,13:47,Best Buy,75.72,Charlotte NC,Debit Card,1179,0
T000014,C0069,2026-02-21,17:14,Shell,449.42,Charlotte NC,Debit Card,313,0
T000015,C0066,2026-01-20,11:50,PetSmart,431.25,Atlanta GA,Credit Card,1423,0
T000016,C0055,2026-03-01,22:16,CVS,193.9,Atlanta GA,Debit Card,1163,0
T000017,C0002,2026-02-13,09:18,Target,385.46,Charlotte NC,Debit Card,920,0
T000018,C0021,2026-01-23,22:58,PetSmart,486.08,Atlanta GA,Debit Card,247,0
T000019,C0081,2026-01-21,23:49,Shell,80.66,Charlotte NC,Credit Card,1919,0
T000020,C0068,2026-01-15,17:56,Walmart,246.86,Miami FL,Debit Card,1733,0
T000021,C0040,2026-01-11,08:46,Amazon,439.61,Atlanta GA,Credit Card,1025,0
T000022,C0009,2026-03-12,11:16,Home Depot,331.58,Marietta GA,Credit Card,1110,0
T000023,C0078,2026-02-21,17:28,Best Buy,357.91,Marietta GA,Credit Card,1872,0
T000024,C0067,2026-02-13,06:37,PetSmart,116.23,Atlanta GA,Credit Card,1164,0
T000025,C0030,2026-03-22,07:14,CVS,40.14,Marietta GA,Credit Card,168,0
T000026,C0005,2026-03-04,12:34,Publix,142.85,Atlanta GA,Credit Card,300,0
T000027,C0093,2026-03-02,19:12,CVS,125.28,Miami FL,Debit Card,223,0
T000028,C0013,2026-01-07,09:03,Best Buy,208.5,Jonesboro GA,Debit Card,854,0
T000029,C0094,2026-03-10,20:08,Publix,99.84,Atlanta GA,Credit Card,894,0
T000030,C0024,2026-01-10,20:51,Shell,437.87,Savannah GA,Credit Card,1794,0
T000031,C0071,2026-01-31,11:26,Target,484.65,Atlanta GA,Credit Card,1024,0
T000032,C0062,2026-01-01,18:16,Amazon,86.5,Savannah GA,Credit Card,1927,0
T000033,C0059,2026-02-07,12:03,Shell,81.62,Savannah GA,Debit Card,1216,0
T000034,C0095,2026-03-16,21:32,Home Depot,33.3,Atlanta GA,Debit Card,1912,0
T000035,C0068,2026-01-09,08:43,Starbucks,426.41,Atlanta GA,Credit Card,1795,0
T000036,C0031,2026-01-06,08:26,Best Buy,291.56,Atlanta GA,Credit Card,1376,0
T000037,C0075,2026-01-27,16:15,CVS,467.68,Miami FL,Debit Card,573,0
T000038,C0051,2026-01-10,06:29,Starbucks,231.33,Charlotte NC,Debit Card,1302,0
T000039,C0073,2026-01-17,17:56,Target,255.41,Atlanta GA,Credit Card,170,0
T000040,C0032,2026-03-11,15:39,Publix,221.9,Jonesboro GA,Credit Card,1682,0
T000041,C0084,2026-01-14,10:16,Home Depot,466.22,Atlanta GA,Debit Card,266,0
T000042,C0014,2026-01-27,16:13,Home Depot,144.47,Marietta GA,Debit Card,1437,0
T000043,C0082,2026-01-07,08:40,Shell,129.31,Miami FL,Debit Card,897,0
T000044,C0036,2026-03-23,14:10,Walmart,386.7,Atlanta GA,Debit Card,1548,0
T000045,C0057,2026-01-15,08:56,Home Depot,282.65,Charlotte NC,Debit Card,1445,0
T000046,C0020,2026-01-19,19:08,Home Depot,293.34,Atlanta GA,Debit Card,115,0
T000047,C0040,2026-02-01,09:22,Publix,108.99,Atlanta GA,Debit Card,1627,0
T000048,C0072,2026-01-31,11:51,Best Buy,463.25,Miami FL,Credit Card,1690,0
T000049,C0023,2026-02-12,19:51,Best Buy,369.6,Atlanta GA,Credit Card,1401,0
T000050,C0095,2026-01-14,18:55,Amazon,394.75,Jonesboro GA,Credit Card,109,0
T000051,C0061,2026-01-30,13:01,Amazon,178.08,Marietta GA,Debit Card,1381,0
T000052,C0025,2026-02-05,17:41,Best Buy,432.85,Jonesboro GA,Debit Card,1073,0
T000053,C0052,2026-02-03,11:37,Home Depot,62.09,Jonesboro GA,Credit Card,573,0
T000054,C0005,2026-02-10,19:38,Target,176.12,Miami FL,Debit Card,1077,0
T000055,C0015,2026-02-25,06:33,Best Buy,131.09,Miami FL,Credit Card,1925,0
T000056,C0069,2026-03-27,16:39,Amazon,39.64,Jonesboro GA,Debit Card,672,0
T000057,C0085,2026-03-27,19:20,Target,256.03,Charlotte NC,Debit Card,854,0
T000058,C0090,2026-03-27,18:43,Shell,99.96,Miami FL,Credit Card,1562,0
T000059,C0023,2026-01-01,15:18,CVS,206.01,Miami FL,Debit Card,460,0
T000060,C0056,2026-02-26,12:32,CVS,235.17,Miami FL,Debit Card,999,0
T000061,C0095,2026-03-26,16:05,Starbucks,145.47,Charlotte NC,Credit Card,1706,0
T000062,C0097,2026-01-26,10:01,Amazon,116.2,Charlotte NC,Debit Card,124,0
T000063,C0032,2026-03-22,12:45,PetSmart,230.43,Miami FL,Credit Card,1456,0
T000064,C0050,2026-03-30,06:57,PetSmart,78.05,Savannah GA,Credit Card,1567,0
T000065,C0099,2026-03-31,22:29,Target,92.06,Savannah GA,Credit Card,132,0
T000066,C0072,2026-03-01,22:35,Amazon,71.0,Atlanta GA,Debit Card,1249,0
T000067,C0041,2026-03-12,20:57,PetSmart,416.13,Miami FL,Debit Card,355,0
T000068,C0096,2026-03-23,14:49,PetSmart,377.13,Savannah GA,Debit Card,1622,0
T000069,C0067,2026-01-10,15:15,PetSmart,140.93,Charlotte NC,Credit Card,586,0
T000070,C0043,2026-01-30,18:44,Publix,73.5,Miami FL,Credit Card,342,0
T000071,C0091,2026-03-11,20:26,Amazon,206.76,Atlanta GA,Debit Card,157,0
T000072,C0027,2026-03-15,18:30,Best Buy,429.08,Savannah GA,Credit Card,42,0
T000073,C0046,2026-03-11,13:31,Shell,271.42,Savannah GA,Debit Card,479,0
T000074,C0035,2026-03-27,18:46,Best Buy,197.48,Savannah GA,Credit Card,368,0
T000075,C0060,2026-03-17,06:05,Starbucks,453.93,Miami FL,Credit Card,1346,0
T000076,C0055,2026-02-18,16:13,Starbucks,29.89,Savannah GA,Credit Card,961,0
T000077,C0042,2026-02-23,14:53,Publix,377.24,Savannah GA,Debit Card,197,0
T000078,C0061,2026-02-14,13:41,Walmart,499.95,Charlotte NC,Credit Card,170,0
T000079,C0100,2026-01-03,10:15,Walmart,103.68,Atlanta GA,Credit Card,288,0
T000080,C0061,2026-02-02,17:10,Target,235.19,Miami FL,Credit Card,1270,0
T000081,C0078,2026-01-04,15:36,Target,58.51,Marietta GA,Debit Card,1417,0
T000082,C0049,2026-03-30,13:06,Best Buy,42.62,Charlotte NC,Credit Card,1457,0
T000083,C0099,2026-03-14,07:22,Shell,399.13,Charlotte NC,Credit Card,1121,0
T000084,C0055,2026-02-23,21:06,Publix,11.26,Atlanta GA,Debit Card,917,0
T000085,C0047,2026-03-08,14:39,PetSmart,220.57,Charlotte NC,Credit Card,1685,0
T000086,C0069,2026-03-17,14:20,PetSmart,413.74,Savannah GA,Debit Card,1774,0
T000087,C0032,2026-03-01,18:21,Target,125.71,Jonesboro GA,Debit Card,88,0
T000088,C0064,2026-02-03,16:17,Publix,110.0,Marietta GA,Debit Card,1832,0
T000089,C0077,2026-01-25,08:15,Shell,260.73,Miami FL,Credit Card,1504,0
T000090,C0053,2026-03-24,21:28,PetSmart,346.85,Miami FL,Credit Card,1653,0
T000091,C0003,2026-02-01,15:42,Target,205.18,Jonesboro GA,Credit Card,1221,0
T000092,C0048,2026-03-12,16:22,PetSmart,215.62,Miami FL,Debit Card,1469,0
T000093,C0059,2026-01-25,16:07,Shell,119.12,Jonesboro GA,Debit Card,1551,0
T000094,C0069,2026-02-05,22:38,Starbucks,370.61,Marietta GA,Credit Card,609,0
T000095,C0013,2026-02-08,06:45,Amazon,183.64,Jonesboro GA,Credit Card,1123,0
T000096,C0017,2026-03-31,10:40,Shell,278.91,Atlanta GA,Credit Card,1808,0
T000097,C0097,2026-03-02,21:28,PetSmart,289.16,Atlanta GA,Credit Card,727,0
T000098,C0024,2026-01-09,18:31,Walmart,61.47,Jonesboro GA,Debit Card,181,0
T000099,C0074,2026-02-08,08:15,Walmart,406.52,Marietta GA,Credit Card,272,0
T000100,C0072,2026-02-18,20:58,Best Buy,388.97,Miami FL,Credit Card,936,0
T000101,C0039,2026-01-08,09:48,CVS,286.47,Savannah GA,Debit Card,455,0
T000102,C0081,2026-01-23,23:04,Amazon,82.74,Jonesboro GA,Credit Card,350,0
T000103,C0001,2026-01-30,15:45,Best Buy,149.17,Savannah GA,Debit Card,609,0
T000104,C0090,2026-03-22,12:27,PetSmart,462.34,Atlanta GA,Credit Card,265,0
T000105,C0070,2026-01-19,08:03,Amazon,454.66,Charlotte NC,Credit Card,369,0
T000106,C0040,2026-03-01,15:44,CVS,222.38,Charlotte NC,Debit Card,854,0
T000107,C0035,2026-03-18,07:56,Home Depot,221.69,Miami FL,Debit Card,914,0
T000108,C0095,2026-01-30,06:48,Publix,17.8,Miami FL,Debit Card,1406,0
T000109,C0035,2026-03-25,20:58,CVS,237.9,Atlanta GA,Credit Card,599,0
T000110,C0024,2026-03-02,17:26,CVS,484.68,Savannah GA,Debit Card,712,0
T000111,C0042,2026-03-05,15:42,Target,208.76,Marietta GA,Debit Card,1965,0
T000112,C0052,2026-02-02,16:07,Home Depot,48.59,Atlanta GA,Debit Card,1612,0
T000113,C0052,2026-01-25,22:23,Home Depot,209.56,Atlanta GA,Debit Card,1305,0
T000114,C0097,2026-01-27,14:35,PetSmart,381.2,Charlotte NC,Debit Card,298,0
T000115,C0037,2026-03-22,13:45,PetSmart,65.11,Charlotte NC,Debit Card,354,0
T000116,C0040,2026-01-15,20:07,Home Depot,51.14,Atlanta GA,Debit Card,1356,0
T000117,C0020,2026-02-04,19:53,PetSmart,256.89,Charlotte NC,Debit Card,1018,0
T000118,C0061,2026-03-18,22:47,Amazon,194.88,Savannah GA,Credit Card,1830,0
T000119,C0018,2026-03-06,14:52,Target,173.24,Jonesboro GA,Debit Card,35,0
T000120,C0037,2026-02-27,23:30,Shell,433.3,Miami FL,Debit Card,736,0
T000121,C0043,2026-02-11,12:44,Home Depot,230.4,Miami FL,Debit Card,519,0
T000122,C0074,2026-03-02,18:24,Best Buy,26.61,Marietta GA,Debit Card,1389,0
T000123,C0084,2026-03-17,16:55,Starbucks,67.49,Savannah GA,Credit Card,235,0
T000124,C0057,2026-01-19,19:55,Target,12.6,Miami FL,Debit Card,1370,0
T000125,C0020,2026-03-30,18:41,Target,172.59,Savannah GA,Debit Card,194,0
T000126,C0043,2026-03-04,23:02,Home Depot,315.27,Savannah GA,Debit Card,1294,0
T000127,C0009,2026-01-12,19:06,Amazon,498.73,Charlotte NC,Debit Card,1587,0
T000128,C0082,2026-01-04,07:20,Target,348.53,Savannah GA,Credit Card,1660,0
T000129,C0008,2026-02-01,22:26,Shell,218.19,Jonesboro GA,Debit Card,1189,0
T000130,C0088,2026-02-18,13:31,Starbucks,44.09,Marietta GA,Credit Card,1899,0
T000131,C0075,2026-02-28,14:42,Starbucks,320.76,Marietta GA,Debit Card,49,0
T000132,C0060,2026-02-14,15:40,Shell,41.56,Charlotte NC,Credit Card,2000,0
T000133,C0055,2026-02-19,21:06,Shell,103.61,Savannah GA,Debit Card,515,0
T000134,C0049,2026-02-07,06:53,CVS,496.38,Jonesboro GA,Debit Card,1378,0
T000135,C0051,2026-03-05,15:49,Shell,455.76,Atlanta GA,Credit Card,1666,0
T000136,C0030,2026-03-21,14:43,CVS,320.13,Jonesboro GA,Credit Card,1577,0
T000137,C0093,2026-03-24,07:19,Starbucks,452.18,Charlotte NC,Credit Card,1645,0
T000138,C0057,2026-01-12,15:20,Walmart,367.52,Miami FL,Debit Card,1560,0
T000139,C0054,2026-02-16,22:32,Starbucks,394.32,Marietta GA,Credit Card,1900,0
T000140,C0035,2026-02-07,16:51,Starbucks,483.86,Jonesboro GA,Debit Card,265,0
T000141,C0060,2026-03-28,18:54,Target,430.77,Marietta GA,Credit Card,1677,0
T000142,C0072,2026-03-10,09:29,Publix,11.89,Atlanta GA,Debit Card,784,0
T000143,C0087,2026-02-17,09:43,Shell,412.1,Miami FL,Debit Card,508,0
T000144,C0061,2026-01-29,08:40,Walmart,458.05,Miami FL,Debit Card,1717,0
T000145,C0060,2026-01-06,07:19,Shell,62.75,Charlotte NC,Debit Card,1038,0
T000146,C0015,2026-02-17,23:26,Target,197.38,Marietta GA,Credit Card,1232,0
T000147,C0096,2026-03-20,19:17,Starbucks,417.68,Savannah GA,Credit Card,97,0
T000148,C0089,2026-01-31,17:06,Publix,225.12,Marietta GA,Debit Card,1434,0
T000149,C0048,2026-02-05,12:07,Home Depot,34.97,Charlotte NC,Debit Card,1973,0
T000150,C0059,2026-03-18,06:03,Target,322.64,Charlotte NC,Credit Card,1641,0
T000151,C0043,2026-03-12,12:37,Amazon,38.96,Marietta GA,Credit Card,472,0
T000152,C0030,2026-01-19,10:34,Publix,142.25,Marietta GA,Credit Card,543,0
T000153,C0023,2026-02-15,13:37,Target,70.24,Charlotte NC,Credit Card,693,0
T000154,C0003,2026-02-23,22:07,Starbucks,67.75,Jonesboro GA,Credit Card,1557,0
T000155,C0009,2026-01-14,20:32,PetSmart,259.05,Savannah GA,Debit Card,483,0
T000156,C0079,2026-01-04,07:30,Walmart,231.73,Charlotte NC,Debit Card,1765,0
T000157,C0052,2026-02-26,08:57,Best Buy,247.68,Charlotte NC,Credit Card,195,0
T000158,C0042,2026-03-21,23:45,CVS,67.46,Marietta GA,Credit Card,695,0
T000159,C0049,2026-03-19,19:06,CVS,229.59,Miami FL,Debit Card,1654,0
T000160,C0090,2026-01-30,19:21,Target,217.88,Charlotte NC,Credit Card,1724,0
T000161,C0059,2026-02-10,14:23,Best Buy,159.71,Savannah GA,Credit Card,1982,0
T000162,C0020,2026-01-12,19:06,PetSmart,416.73,Atlanta GA,Credit Card,1554,0
T000163,C0095,2026-03-13,23:21,Publix,295.3,Marietta GA,Credit Card,1402,0
T000164,C0016,2026-01-07,15:38,Best Buy,434.71,Jonesboro GA,Debit Card,669,0
T000165,C0046,2026-03-03,13:54,Target,81.59,Miami FL,Credit Card,251,0
T000166,C0045,2026-03-15,13:51,Home Depot,382.49,Jonesboro GA,Credit Card,908,0
T000167,C0072,2026-03-26,14:01,CVS,306.45,Miami FL,Credit Card,399,0
T000168,C0035,2026-01-19,18:04,Shell,8.02,Jonesboro GA,Debit Card,320,0
T000169,C0095,2026-02-28,16:10,Walmart,191.22,Atlanta GA,Credit Card,787,0
T000170,C0040,2026-01-20,11:48,Publix,442.25,Miami FL,Credit Card,1295,0
T000171,C0007,2026-03-04,20:26,Target,332.66,Jonesboro GA,Debit Card,589,0
T000172,C0028,2026-02-06,21:33,Home Depot,217.81,Atlanta GA,Debit Card,1396,0
T000173,C0040,2026-01-08,06:13,Walmart,492.3,Marietta GA,Debit Card,647,0
T000174,C0028,2026-01-01,21:47,Starbucks,167.42,Jonesboro GA,Debit Card,911,0
T000175,C0023,2026-03-27,17:04,Starbucks,252.63,Savannah GA,Credit Card,843,0
T000176,C0095,2026-01-10,16:36,Walmart,232.58,Savannah GA,Credit Card,909,0
T000177,C0074,2026-02-21,06:20,Best Buy,148.31,Charlotte NC,Debit Card,381,0
T000178,C0080,2026-01-14,13:27,PetSmart,48.62,Charlotte NC,Debit Card,1236,0
T000179,C0052,2026-02-13,13:21,Home Depot,435.91,Atlanta GA,Debit Card,1625,0
T000180,C0022,2026-01-25,17:22,Target,267.65,Miami FL,Credit Card,1519,0
T000181,C0083,2026-01-26,11:38,Starbucks,77.49,Marietta GA,Credit Card,343,0
T000182,C0098,2026-03-14,20:43,Target,234.66,Marietta GA,Debit Card,1922,0
T000183,C0073,2026-01-09,21:28,CVS,79.72,Jonesboro GA,Debit Card,1323,0
T000184,C0039,2026-01-10,15:29,Shell,179.21,Miami FL,Credit Card,955,0
T000185,C0005,2026-01-12,22:24,Walmart,42.98,Jonesboro GA,Debit Card,977,0
T000186,C0075,2026-03-15,12:20,Home Depot,227.62,Charlotte NC,Credit Card,1269,0
T000187,C0061,2026-02-13,08:32,Home Depot,228.01,Marietta GA,Credit Card,1353,0
T000188,C0023,2026-03-09,22:39,Walmart,495.54,Marietta GA,Debit Card,355,0
T000189,C0047,2026-02-13,07:50,Publix,207.34,Jonesboro GA,Debit Card,1322,0
T000190,C0083,2026-03-28,18:18,Publix,51.78,Atlanta GA,Debit Card,546,0
T000191,C0093,2026-03-26,10:58,CVS,45.34,Marietta GA,Debit Card,746,0
T000192,C0040,2026-02-18,16:52,Best Buy,158.24,Marietta GA,Credit Card,291,0
T000193,C0086,2026-01-03,17:19,Home Depot,256.7,Atlanta GA,Debit Card,399,0
T000194,C0028,2026-01-18,10:04,Publix,117.14,Savannah GA,Credit Card,635,0
T000195,C0013,2026-03-21,10:38,Home Depot,332.65,Miami FL,Credit Card,801,0
T000196,C0020,2026-01-06,19:23,Starbucks,361.99,Marietta GA,Credit Card,1415,0
T000197,C0093,2026-02-27,13:34,Amazon,377.43,Savannah GA,Debit Card,519,0
T000198,C0040,2026-03-15,20:29,PetSmart,340.76,Marietta GA,Debit Card,1605,0
T000199,C0037,2026-01-26,10:55,Best Buy,483.3,Miami FL,Debit Card,542,0
T000200,C0007,2026-03-08,09:18,PetSmart,357.14,Jonesboro GA,Credit Card,201,0
T000201,C0098,2026-01-19,19:05,Starbucks,453.13,Jonesboro GA,Debit Card,1968,0
T000202,C0029,2026-02-20,22:23,PetSmart,210.37,Jonesboro GA,Credit Card,512,0
T000203,C0050,2026-01-13,16:50,Target,18.95,Jonesboro GA,Credit Card,329,0
T000204,C0018,2026-01-18,21:28,Walmart,349.56,Jonesboro GA,Debit Card,1290,0
T000205,C0001,2026-01-20,23:46,Target,111.75,Atlanta GA,Debit Card,1276,0
T000206,C0068,2026-01-16,07:15,Best Buy,122.63,Atlanta GA,Debit Card,889,0
T000207,C0082,2026-03-05,23:01,CVS,59.87,Savannah GA,Credit Card,1324,0
T000208,C0066,2026-01-01,17:15,CVS,149.18,Marietta GA,Credit Card,1198,0
T000209,C0054,2026-02-16,08:33,Starbucks,264.12,Charlotte NC,Credit Card,1144,0
T000210,C0065,2026-03-02,07:40,Home Depot,198.27,Miami FL,Credit Card,822,0
T000211,C0048,2026-01-09,17:15,Shell,181.76,Charlotte NC,Credit Card,1531,0
T000212,C0085,2026-02-15,23:21,Target,71.04,Miami FL,Debit Card,1696,0
T000213,C0083,2026-03-03,11:51,Starbucks,490.51,Charlotte NC,Debit Card,306,0
T000214,C0009,2026-01-26,07:20,PetSmart,104.79,Atlanta GA,Debit Card,1941,0
T000215,C0040,2026-03-24,12:18,Home Depot,130.39,Savannah GA,Debit Card,761,0
T000216,C0100,2026-02-17,19:56,Walmart,140.24,Charlotte NC,Debit Card,849,0
T000217,C0096,2026-03-05,21:23,PetSmart,486.99,Savannah GA,Debit Card,1922,0
T000218,C0067,2026-03-19,11:34,Shell,44.07,Atlanta GA,Debit Card,631,0
T000219,C0042,2026-02-09,20:38,Target,332.16,Atlanta GA,Debit Card,1499,0
T000220,C0055,2026-01-06,17:39,Starbucks,179.02,Charlotte NC,Debit Card,920,0
T000221,C0036,2026-03-28,11:01,Walmart,184.84,Atlanta GA,Debit Card,322,0
T000222,C0078,2026-03-24,17:23,PetSmart,38.28,Atlanta GA,Credit Card,814,0
T000223,C0073,2026-02-17,17:28,Walmart,341.14,Miami FL,Credit Card,1592,0
T000224,C0010,2026-03-25,14:15,CVS,202.03,Marietta GA,Debit Card,1997,0
T000225,C0015,2026-02-19,23:07,Walmart,252.03,Charlotte NC,Credit Card,566,0
T000226,C0100,2026-03-20,15:44,Shell,111.21,Charlotte NC,Debit Card,1906,0
T000227,C0063,2026-02-27,11:57,Amazon,427.15,Atlanta GA,Credit Card,1490,0
T000228,C0057,2026-01-09,23:34,Target,335.58,Charlotte NC,Debit Card,624,0
T000229,C0039,2026-03-07,13:07,Starbucks,397.88,Charlotte NC,Credit Card,441,0
T000230,C0018,2026-03-15,17:29,Amazon,183.64,Savannah GA,Credit Card,1675,0
T000231,C0071,2026-02-20,21:33,Starbucks,37.55,Miami FL,Credit Card,871,0
T000232,C0099,2026-02-10,08:28,Best Buy,67.04,Miami FL,Credit Card,984,0
T000233,C0088,2026-03-12,11:49,Home Depot,439.59,Jonesboro GA,Credit Card,294,0
T000234,C0056,2026-02-08,11:10,Home Depot,261.46,Atlanta GA,Credit Card,690,0
T000235,C0091,2026-02-02,12:40,Amazon,423.74,Jonesboro GA,Debit Card,1988,0
T000236,C0071,2026-01-12,22:41,Shell,309.14,Marietta GA,Debit Card,375,0
T000237,C0076,2026-03-19,16:53,CVS,331.07,Marietta GA,Credit Card,1922,0
T000238,C0073,2026-03-24,14:41,Walmart,27.5,Atlanta GA,Credit Card,461,0
T000239,C0099,2026-03-22,23:18,CVS,251.53,Savannah GA,Credit Card,1344,0
T000240,C0039,2026-01-10,07:10,PetSmart,152.23,Marietta GA,Debit Card,930,0
T000241,C0054,2026-01-19,16:55,PetSmart,173.4,Savannah GA,Credit Card,1501,0
T000242,C0041,2026-03-07,23:06,Publix,381.53,Savannah GA,Credit Card,683,0
T000243,C0031,2026-01-19,09:03,PetSmart,227.55,Atlanta GA,Debit Card,624,0
T000244,C0050,2026-01-21,16:59,CVS,481.53,Savannah GA,Credit Card,1213,0
T000245,C0093,2026-03-07,20:31,Publix,251.64,Marietta GA,Credit Card,1830,0
T000246,C0040,2026-03-06,20:15,PetSmart,472.89,Atlanta GA,Credit Card,470,0
T000247,C0075,2026-03-18,21:18,Publix,144.27,Atlanta GA,Credit Card,1129,0
T000248,C0002,2026-02-16,18:23,Target,441.82,Savannah GA,Credit Card,122,0
T000249,C0052,2026-02-06,08:24,Walmart,184.45,Miami FL,Credit Card,1062,0
T000250,C0058,2026-01-13,18:23,Home Depot,68.69,Jonesboro GA,Credit Card,1657,0
T000251,C0044,2026-03-07,18:32,Home Depot,103.53,Jonesboro GA,Credit Card,112,0
T000252,C0006,2026-03-08,20:09,Walmart,402.96,Marietta GA,Debit Card,1271,0
T000253,C0066,2026-03-20,15:37,Starbucks,85.44,Jonesboro GA,Debit Card,718,0
T000254,C0065,2026-02-08,21:52,Home Depot,355.83,Miami FL,Debit Card,64,0
T000255,C0048,2026-03-16,15:50,Publix,490.05,Charlotte NC,Credit Card,1870,0
T000256,C0093,2026-03-25,13:46,Walmart,136.44,Miami FL,Debit Card,135,0
T000257,C0075,2026-03-29,13:02,PetSmart,78.15,Marietta GA,Debit Card,1202,0
T000258,C0090,2026-02-23,10:26,Target,223.31,Marietta GA,Credit Card,1444,0
T000259,C0027,2026-01-08,10:33,Best Buy,437.04,Miami FL,Debit Card,454,0
T000260,C0072,2026-02-10,11:29,Publix,265.11,Charlotte NC,Debit Card,1898,0
T000261,C0069,2026-03-29,14:39,Publix,339.55,Miami FL,Debit Card,1021,0
T000262,C0025,2026-02-08,15:45,Amazon,116.31,Jonesboro GA,Debit Card,454,0
T000263,C0089,2026-02-05,15:07,PetSmart,177.66,Jonesboro GA,Debit Card,1204,0
T000264,C0087,2026-01-19,15:02,Home Depot,410.1,Savannah GA,Debit Card,619,0
T000265,C0092,2026-03-03,12:12,Target,329.71,Jonesboro GA,Debit Card,1725,0
T000266,C0069,2026-03-20,13:15,Shell,72.95,Miami FL,Debit Card,133,0
T000267,C0086,2026-02-22,16:45,Home Depot,30.98,Marietta GA,Credit Card,997,0
T000268,C0013,2026-03-02,21:41,Starbucks,206.42,Atlanta GA,Credit Card,438,0
T000269,C0097,2026-01-12,13:34,Shell,324.72,Jonesboro GA,Debit Card,1542,0
T000270,C0093,2026-01-23,07:53,Walmart,441.71,Marietta GA,Debit Card,843,0
T000271,C0064,2026-01-02,15:36,Starbucks,438.99,Charlotte NC,Debit Card,1264,0
T000272,C0014,2026-03-11,22:31,Publix,494.6,Jonesboro GA,Debit Card,1851,0
T000273,C0018,2026-01-15,16:10,Home Depot,100.44,Savannah GA,Debit Card,1527,0
T000274,C0059,2026-02-13,15:36,Shell,11.97,Charlotte NC,Credit Card,1411,0
T000275,C0097,2026-03-07,16:05,Amazon,414.36,Marietta GA,Debit Card,850,0
T000276,C0086,2026-02-01,06:16,Target,241.34,Marietta GA,Credit Card,815,0
T000277,C0031,2026-03-15,06:16,PetSmart,154.46,Jonesboro GA,Debit Card,1368,0
T000278,C0047,2026-01-21,18:43,Amazon,235.37,Atlanta GA,Credit Card,1059,0
T000279,C0091,2026-02-07,17:39,Shell,321.16,Charlotte NC,Credit Card,482,0
T000280,C0029,2026-03-19,17:26,Starbucks,230.21,Savannah GA,Credit Card,1467,0
T000281,C0071,2026-03-29,08:33,PetSmart,382.12,Miami FL,Credit Card,944,0
T000282,C0068,2026-03-12,22:12,Publix,35.57,Atlanta GA,Credit Card,1202,0
T000283,C0069,2026-02-26,09:43,Starbucks,427.97,Marietta GA,Debit Card,450,0
T000284,C0092,2026-02-27,07:29,CVS,449.95,Savannah GA,Credit Card,300,0
T000285,C0066,2026-03-28,15:46,Best Buy,281.6,Savannah GA,Credit Card,74,0
T000286,C0051,2026-01-06,19:22,Shell,291.26,Atlanta GA,Credit Card,1464,0
T000287,C0009,2026-03-02,07:18,Home Depot,493.14,Atlanta GA,Credit Card,867,0
T000288,C0024,2026-02-18,20:55,Starbucks,190.36,Charlotte NC,Debit Card,1908,0
T000289,C0049,2026-02-14,09:11,Best Buy,328.5,Atlanta GA,Credit Card,1130,0
T000290,C0051,2026-01-03,15:29,Home Depot,418.24,Marietta GA,Credit Card,1409,0
T000291,C0093,2026-02-01,20:22,Home Depot,412.56,Savannah GA,Debit Card,347,0
T000292,C0036,2026-03-26,19:39,Amazon,20.95,Charlotte NC,Credit Card,1598,0
T000293,C0003,2026-01-05,20:38,Amazon,54.94,Marietta GA,Credit Card,1406,0
T000294,C0091,2026-01-30,23:13,Walmart,204.12,Marietta GA,Credit Card,1574,0
T000295,C0100,2026-03-15,16:36,Walmart,120.91,Marietta GA,Debit Card,1254,0
T000296,C0099,2026-03-26,22:14,Publix,438.75,Marietta GA,Debit Card,876,0
T000297,C0039,2026-02-24,23:31,Shell,314.87,Atlanta GA,Credit Card,126,0
T000298,C0045,2026-02-22,10:19,Best Buy,349.67,Miami FL,Debit Card,800,0
T000299,C0024,2026-02-08,10:51,Home Depot,425.42,Savannah GA,Credit Card,978,0
T000300,C0008,2026-01-18,18:15,Home Depot,280.86,Savannah GA,Debit Card,552,0
T000301,C0027,2026-02-17,08:34,Publix,461.5,Charlotte NC,Credit Card,1513,0
T000302,C0025,2026-03-19,07:55,Walmart,338.47,Jonesboro GA,Debit Card,179,0
T000303,C0025,2026-02-12,15:58,CVS,242.3,Charlotte NC,Credit Card,61,0
T000304,C0028,2026-03-03,13:44,Amazon,374.71,Charlotte NC,Credit Card,1267,0
T000305,C0091,2026-02-06,18:29,Amazon,278.28,Savannah GA,Credit Card,1122,0
T000306,C0084,2026-03-05,20:06,Publix,183.02,Jonesboro GA,Debit Card,1674,0
T000307,C0093,2026-02-22,07:36,PetSmart,188.5,Jonesboro GA,Credit Card,1799,0
T000308,C0029,2026-03-16,19:18,Starbucks,278.89,Atlanta GA,Debit Card,342,0
T000309,C0026,2026-02-01,21:35,Publix,287.05,Marietta GA,Debit Card,1370,0
T000310,C0088,2026-03-24,21:29,Publix,483.42,Jonesboro GA,Debit Card,374,0
T000311,C0094,2026-03-04,11:58,Publix,361.56,Marietta GA,Credit Card,1851,0
T000312,C0070,2026-01-10,07:48,Walmart,420.34,Miami FL,Credit Card,43,0
T000313,C0053,2026-01-20,06:13,Starbucks,38.64,Charlotte NC,Credit Card,1065,0
T000314,C0059,2026-01-03,06:34,Publix,331.35,Atlanta GA,Debit Card,1159,0
T000315,C0053,2026-02-06,06:32,Walmart,270.19,Atlanta GA,Debit Card,1695,0
T000316,C0090,2026-03-09,10:15,Best Buy,459.43,Marietta GA,Credit Card,423,0
T000317,C0080,2026-02-20,08:23,Home Depot,137.33,Jonesboro GA,Debit Card,1994,0
T000318,C0052,2026-01-29,15:43,PetSmart,495.17,Miami FL,Credit Card,1725,0
T000319,C0011,2026-03-12,21:03,Walmart,192.74,Atlanta GA,Debit Card,1334,0
T000320,C0002,2026-03-24,16:36,Starbucks,423.44,Atlanta GA,Debit Card,1787,0
T000321,C0013,2026-03-30,21:17,Home Depot,109.65,Atlanta GA,Credit Card,125,0
T000322,C0010,2026-02-10,06:13,Shell,93.78,Miami FL,Credit Card,1232,0
T000323,C0019,2026-01-31,18:43,Best Buy,85.41,Atlanta GA,Debit Card,1866,0
T000324,C0070,2026-03-30,08:32,Publix,396.3,Savannah GA,Credit Card,1556,0
T000325,C0045,2026-01-10,16:38,Walmart,119.91,Atlanta GA,Debit Card,1604,0
T000326,C0079,2026-02-04,20:31,CVS,19.66,Savannah GA,Debit Card,497,0
T000327,C0046,2026-03-16,18:05,Home Depot,96.94,Savannah GA,Debit Card,1611,0
T000328,C0080,2026-01-20,18:45,Shell,45.61,Marietta GA,Credit Card,1635,0
T000329,C0082,2026-01-14,08:00,Starbucks,161.76,Charlotte NC,Debit Card,1961,0
T000330,C0040,2026-01-12,11:27,PetSmart,55.6,Jonesboro GA,Debit Card,949,0
T000331,C0072,2026-01-12,17:35,Home Depot,56.13,Miami FL,Debit Card,220,0
T000332,C0077,2026-02-22,18:49,CVS,11.11,Jonesboro GA,Debit Card,203,0
T000333,C0093,2026-01-22,10:17,Home Depot,344.23,Marietta GA,Credit Card,646,0
T000334,C0035,2026-02-05,19:19,PetSmart,87.77,Marietta GA,Credit Card,1021,0
T000335,C0010,2026-03-05,12:29,Publix,361.85,Jonesboro GA,Credit Card,249,0
T000336,C0018,2026-03-21,18:51,Shell,169.45,Atlanta GA,Debit Card,1795,0
T000337,C0043,2026-03-25,10:19,PetSmart,408.66,Jonesboro GA,Debit Card,686,0
T000338,C0078,2026-02-20,16:18,Amazon,92.93,Savannah GA,Debit Card,1535,0
T000339,C0089,2026-02-05,18:23,PetSmart,166.31,Miami FL,Credit Card,263,0
T000340,C0073,2026-03-12,06:46,Amazon,342.45,Miami FL,Credit Card,975,0
T000341,C0091,2026-01-09,19:43,Amazon,416.48,Savannah GA,Debit Card,1052,0
T000342,C0018,2026-02-24,18:04,Shell,331.04,Marietta GA,Debit Card,949,0
T000343,C0077,2026-03-30,19:34,PetSmart,269.51,Miami FL,Debit Card,105,0
T000344,C0047,2026-02-01,17:10,Home Depot,59.14,Miami FL,Credit Card,1355,0
T000345,C0079,2026-02-12,19:06,Walmart,483.57,Miami FL,Debit Card,51,0
T000346,C0013,2026-02-20,20:49,Shell,225.66,Marietta GA,Credit Card,1421,0
T000347,C0076,2026-03-03,09:18,Home Depot,498.86,Marietta GA,Debit Card,881,0
T000348,C0011,2026-02-13,20:50,Target,177.42,Charlotte NC,Credit Card,453,0
T000349,C0067,2026-03-31,20:20,PetSmart,53.32,Jonesboro GA,Debit Card,167,0
T000350,C0039,2026-02-13,09:43,Walmart,16.18,Charlotte NC,Credit Card,1668,0
T000351,C0022,2026-02-12,23:27,Amazon,278.2,Miami FL,Credit Card,1992,0
T000352,C0060,2026-03-26,19:25,Amazon,97.26,Savannah GA,Credit Card,89,0
T000353,C0095,2026-02-19,06:45,CVS,298.14,Marietta GA,Debit Card,469,0
T000354,C0027,2026-03-10,11:23,Shell,290.79,Charlotte NC,Credit Card,697,0
T000355,C0026,2026-03-04,22:40,PetSmart,337.0,Atlanta GA,Debit Card,671,0
T000356,C0077,2026-02-14,17:54,Best Buy,295.57,Miami FL,Debit Card,967,0
T000357,C0080,2026-03-17,08:43,Starbucks,459.75,Charlotte NC,Debit Card,304,0
T000358,C0041,2026-02-17,10:32,Target,62.89,Marietta GA,Debit Card,825,0
T000359,C0054,2026-03-04,23:44,CVS,214.4,Marietta GA,Debit Card,1912,0
T000360,C0083,2026-01-18,11:20,Starbucks,247.37,Miami FL,Credit Card,1754,0
T000361,C0058,2026-03-04,10:12,CVS,476.16,Atlanta GA,Debit Card,1699,0
T000362,C0050,2026-03-04,19:45,Home Depot,207.52,Miami FL,Debit Card,1750,0
T000363,C0057,2026-01-29,15:02,PetSmart,284.87,Marietta GA,Credit Card,592,0
T000364,C0029,2026-03-14,21:35,Home Depot,391.47,Jonesboro GA,Credit Card,1076,0
T000365,C0015,2026-02-16,23:52,CVS,388.68,Atlanta GA,Debit Card,1579,0
T000366,C0006,2026-01-14,13:19,PetSmart,494.94,Miami FL,Credit Card,1821,0
T000367,C0005,2026-01-12,20:55,PetSmart,431.79,Jonesboro GA,Debit Card,270,0
T000368,C0100,2026-03-20,19:10,Amazon,431.22,Marietta GA,Debit Card,1291,0
T000369,C0018,2026-03-10,14:38,Amazon,287.19,Marietta GA,Credit Card,1133,0
T000370,C0022,2026-02-04,22:57,Publix,148.22,Charlotte NC,Debit Card,1421,0
T000371,C0013,2026-03-25,10:44,Starbucks,496.28,Savannah GA,Credit Card,1803,0
T000372,C0017,2026-03-28,18:31,Amazon,415.1,Marietta GA,Debit Card,321,0
T000373,C0074,2026-01-10,08:25,Shell,190.71,Charlotte NC,Debit Card,1085,0
T000374,C0096,2026-03-04,16:37,Shell,230.07,Charlotte NC,Debit Card,35,0
T000375,C0100,2026-03-31,17:54,Target,319.25,Charlotte NC,Debit Card,159,0
T000376,C0069,2026-03-05,14:20,Best Buy,413.3,Marietta GA,Debit Card,1726,0
T000377,C0037,2026-03-04,16:57,Publix,285.24,Miami FL,Credit Card,1427,0
T000378,C0098,2026-02-28,06:07,Walmart,314.96,Atlanta GA,Credit Card,1933,0
T000379,C0021,2026-02-24,12:44,PetSmart,495.96,Savannah GA,Credit Card,1892,0
T000380,C0017,2026-02-16,14:05,Shell,51.2,Marietta GA,Debit Card,791,0
T000381,C0086,2026-03-31,13:27,Starbucks,314.67,Atlanta GA,Debit Card,1372,0
T000382,C0012,2026-01-17,13:33,Target,241.02,Atlanta GA,Credit Card,1422,0
T000383,C0057,2026-02-24,10:30,Walmart,409.47,Atlanta GA,Debit Card,175,0
T000384,C0030,2026-02-17,15:08,Best Buy,56.08,Atlanta GA,Credit Card,813,0
T000385,C0100,2026-03-14,06:39,Starbucks,38.86,Charlotte NC,Credit Card,1361,0
T000386,C0022,2026-01-20,19:39,PetSmart,315.9,Jonesboro GA,Credit Card,1436,0
T000387,C0057,2026-01-16,18:22,Amazon,74.31,Atlanta GA,Credit Card,909,0
T000388,C0041,2026-02-01,23:38,Starbucks,324.09,Marietta GA,Debit Card,1258,0
T000389,C0093,2026-03-26,15:13,CVS,424.71,Jonesboro GA,Credit Card,1090,0
T000390,C0078,2026-01-07,13:31,Home Depot,151.29,Marietta GA,Debit Card,820,0
T000391,C0015,2026-01-02,17:59,Amazon,266.5,Savannah GA,Credit Card,678,0
T000392,C0017,2026-03-29,11:48,Best Buy,185.88,Miami FL,Debit Card,994,0
T000393,C0099,2026-01-28,07:59,Target,11.83,Atlanta GA,Credit Card,153,0
T000394,C0051,2026-02-21,08:40,Home Depot,214.67,Jonesboro GA,Debit Card,1128,0
T000395,C0069,2026-01-11,22:58,CVS,46.38,Marietta GA,Debit Card,446,0
T000396,C0020,2026-03-25,08:19,Home Depot,295.29,Jonesboro GA,Debit Card,1460,0
T000397,C0056,2026-02-25,09:29,Amazon,47.68,Atlanta GA,Credit Card,1283,0
T000398,C0078,2026-01-18,06:10,Walmart,64.12,Jonesboro GA,Credit Card,1046,0
T000399,C0045,2026-01-17,14:46,Home Depot,87.65,Miami FL,Debit Card,1845,0
T000400,C0016,2026-01-09,14:45,Walmart,139.63,Jonesboro GA,Debit Card,1210,0
T000401,C0081,2026-01-08,21:54,Target,257.84,Savannah GA,Debit Card,1190,0
T000402,C0022,2026-03-15,09:14,Publix,387.8,Marietta GA,Debit Card,1547,0
T000403,C0066,2026-03-02,17:24,Walmart,126.05,Atlanta GA,Credit Card,1914,0
T000404,C0020,2026-02-01,19:58,Starbucks,116.14,Atlanta GA,Debit Card,1505,0
T000405,C0041,2026-03-28,07:11,Shell,64.1,Atlanta GA,Debit Card,487,0
T000406,C0067,2026-02-06,15:20,Walmart,439.11,Savannah GA,Credit Card,206,0
T000407,C0071,2026-03-14,15:47,PetSmart,104.33,Atlanta GA,Debit Card,1305,0
T000408,C0032,2026-01-26,23:48,PetSmart,498.9,Jonesboro GA,Debit Card,1660,0
T000409,C0032,2026-03-11,17:40,Starbucks,16.84,Atlanta GA,Debit Card,1749,0
T000410,C0089,2026-02-18,15:06,Walmart,380.67,Jonesboro GA,Credit Card,450,0
T000411,C0068,2026-01-19,14:05,Amazon,480.79,Savannah GA,Debit Card,119,0
T000412,C0030,2026-01-11,09:32,Home Depot,231.94,Savannah GA,Debit Card,303,0
T000413,C0082,2026-01-17,13:18,Best Buy,220.32,Atlanta GA,Credit Card,564,0
T000414,C0041,2026-02-04,13:04,Best Buy,162.44,Charlotte NC,Debit Card,1962,0
T000415,C0026,2026-01-22,20:29,Starbucks,81.93,Miami FL,Credit Card,673,0
T000416,C0053,2026-01-27,20:19,Target,482.49,Miami FL,Debit Card,978,0
T000417,C0034,2026-02-08,07:13,Target,404.76,Atlanta GA,Credit Card,1741,0
T000418,C0042,2026-02-20,22:03,Starbucks,484.36,Atlanta GA,Credit Card,1416,0
T000419,C0039,2026-02-27,23:47,Shell,476.29,Marietta GA,Credit Card,1156,0
T000420,C0032,2026-01-18,09:00,Target,402.93,Savannah GA,Credit Card,156,0
T000421,C0100,2026-02-17,08:37,Amazon,412.72,Marietta GA,Credit Card,1230,0
T000422,C0034,2026-03-24,20:51,Target,102.89,Atlanta GA,Credit Card,293,0
T000423,C0012,2026-01-07,11:59,Publix,471.43,Atlanta GA,Credit Card,1205,0
T000424,C0056,2026-02-24,11:22,Best Buy,194.45,Savannah GA,Credit Card,469,0
T000425,C0024,2026-01-05,13:41,Shell,442.29,Jonesboro GA,Debit Card,634,0
T000426,C0064,2026-02-05,18:08,Best Buy,35.18,Miami FL,Debit Card,888,0
T000427,C0026,2026-02-15,21:34,Home Depot,494.75,Marietta GA,Credit Card,1630,0
T000428,C0063,2026-01-24,06:20,Publix,197.25,Miami FL,Debit Card,1252,0
T000429,C0029,2026-03-02,22:22,Walmart,405.28,Jonesboro GA,Credit Card,1600,0
T000430,C0075,2026-01-31,14:34,Amazon,127.69,Marietta GA,Credit Card,1701,0
T000431,C0095,2026-01-23,11:15,Walmart,180.63,Marietta GA,Debit Card,1243,0
T000432,C0041,2026-02-15,10:36,Publix,353.21,Miami FL,Credit Card,1972,0
T000433,C0025,2026-01-05,08:03,PetSmart,91.9,Miami FL,Debit Card,506,0
T000434,C0078,2026-03-20,12:51,Amazon,5.34,Atlanta GA,Debit Card,297,0
T000435,C0044,2026-03-17,10:49,Starbucks,15.85,Jonesboro GA,Credit Card,257,0
T000436,C0068,2026-03-26,18:37,Publix,353.75,Atlanta GA,Debit Card,236,0
T000437,C0044,2026-02-25,21:41,Shell,488.05,Jonesboro GA,Credit Card,679,0
T000438,C0023,2026-03-17,11:24,Home Depot,115.5,Charlotte NC,Debit Card,658,0
T000439,C0094,2026-03-31,18:54,Shell,365.77,Marietta GA,Credit Card,1608,0
T000440,C0073,2026-03-20,13:40,Walmart,460.91,Marietta GA,Debit Card,1188,0
T000441,C0014,2026-01-31,17:20,PetSmart,373.94,Marietta GA,Debit Card,373,0
T000442,C0082,2026-02-03,12:15,Target,226.08,Charlotte NC,Debit Card,1449,0
T000443,C0009,2026-01-07,18:28,Publix,361.6,Jonesboro GA,Credit Card,1530,0
T000444,C0054,2026-02-14,23:24,Starbucks,441.48,Savannah GA,Debit Card,237,0
T000445,C0062,2026-01-10,07:18,CVS,85.51,Charlotte NC,Credit Card,71,0
T000446,C0041,2026-02-18,11:46,Shell,174.2,Atlanta GA,Credit Card,183,0
T000447,C0071,2026-02-25,11:38,Target,353.73,Jonesboro GA,Debit Card,1852,0
T000448,C0056,2026-01-25,19:44,Starbucks,168.89,Atlanta GA,Credit Card,1164,0
T000449,C0093,2026-01-13,07:25,Home Depot,152.21,Jonesboro GA,Debit Card,1200,0
T000450,C0071,2026-02-24,08:18,PetSmart,183.61,Marietta GA,Credit Card,1717,0
T000451,C0085,2026-01-27,11:40,CVS,53.01,Savannah GA,Credit Card,627,0
T000452,C0011,2026-03-02,21:57,PetSmart,393.51,Atlanta GA,Debit Card,1383,0
T000453,C0034,2026-02-18,17:11,Target,96.52,Charlotte NC,Debit Card,942,0
T000454,C0006,2026-02-04,07:09,Shell,135.38,Savannah GA,Debit Card,1570,0
T000455,C0090,2026-02-22,13:35,Target,405.05,Atlanta GA,Debit Card,154,0
T000456,C0050,2026-01-31,21:19,Home Depot,288.49,Savannah GA,Debit Card,191,0
T000457,C0051,2026-02-27,11:10,Walmart,64.54,Miami FL,Credit Card,463,0
T000458,C0025,2026-03-29,19:12,Starbucks,43.79,Atlanta GA,Debit Card,1714,0
T000459,C0081,2026-01-09,08:24,Starbucks,163.28,Miami FL,Debit Card,1169,0
T000460,C0051,2026-01-02,22:50,Home Depot,262.25,Jonesboro GA,Debit Card,889,0
T000461,C0015,2026-03-16,09:59,Best Buy,285.46,Marietta GA,Credit Card,246,0
T000462,C0073,2026-02-03,18:41,Target,439.56,Jonesboro GA,Debit Card,1024,0
T000463,C0074,2026-02-21,10:39,CVS,90.24,Savannah GA,Credit Card,1276,0
T000464,C0088,2026-02-12,13:03,Best Buy,445.34,Atlanta GA,Debit Card,1557,0
T000465,C0061,2026-02-08,15:17,Shell,172.24,Jonesboro GA,Credit Card,1756,0
T000466,C0063,2026-02-26,16:17,Target,153.74,Marietta GA,Credit Card,1522,0
T000467,C0054,2026-01-28,19:47,CVS,98.03,Charlotte NC,Credit Card,1022,0
T000468,C0098,2026-01-21,08:19,Home Depot,260.06,Jonesboro GA,Credit Card,1483,0
T000469,C0065,2026-01-26,07:15,Best Buy,91.0,Marietta GA,Credit Card,97,0
T000470,C0059,2026-03-01,22:25,Walmart,140.62,Jonesboro GA,Credit Card,1331,0
T000471,C0016,2026-02-27,11:55,Walmart,246.95,Marietta GA,Debit Card,1001,0
T000472,C0076,2026-02-03,08:18,Home Depot,85.94,Jonesboro GA,Debit Card,86,0
T000473,C0050,2026-03-24,13:43,Walmart,429.27,Marietta GA,Credit Card,453,0
T000474,C0035,2026-03-29,06:30,Best Buy,432.99,Miami FL,Credit Card,1896,0
T000475,C0017,2026-03-19,15:45,Starbucks,115.77,Miami FL,Credit Card,1482,0
T000476,C0083,2026-02-28,14:13,Shell,426.54,Savannah GA,Debit Card,985,0
T000477,C0039,2026-01-01,22:42,Home Depot,294.32,Miami FL,Debit Card,1757,0
T000478,C0048,2026-01-14,21:04,Home Depot,152.75,Charlotte NC,Debit Card,718,0
T000479,C0036,2026-03-25,15:12,Publix,329.78,Jonesboro GA,Debit Card,337,0
T000480,C0067,2026-03-29,10:46,Amazon,331.96,Atlanta GA,Debit Card,82,0
T000481,C0084,2026-02-21,18:47,PetSmart,453.92,Jonesboro GA,Debit Card,102,0
T000482,C0075,2026-01-29,23:40,CVS,364.64,Marietta GA,Debit Card,1637,0
T000483,C0061,2026-03-26,23:11,Publix,423.48,Miami FL,Debit Card,631,0
T000484,C0013,2026-03-13,11:43,PetSmart,363.97,Marietta GA,Debit Card,1872,0
T000485,C0043,2026-02-09,19:50,Target,115.55,Marietta GA,Debit Card,1846,0
T000486,C0043,2026-01-16,21:03,Publix,234.56,Jonesboro GA,Debit Card,1804,0
T000487,C0082,2026-01-25,22:07,CVS,238.75,Miami FL,Credit Card,1806,0
T000488,C0088,2026-01-20,10:12,Best Buy,209.49,Miami FL,Debit Card,731,0
T000489,C0053,2026-01-24,08:31,CVS,161.61,Savannah GA,Credit Card,711,0
T000490,C0081,2026-02-05,12:48,Starbucks,7.33,Jonesboro GA,Credit Card,1614,0
T000491,C0022,2026-01-12,10:39,CVS,393.68,Marietta GA,Debit Card,918,0
T000492,C0082,2026-02-19,06:02,Best Buy,482.84,Savannah GA,Debit Card,1123,0
T000493,C0026,2026-03-09,12:01,Publix,379.64,Atlanta GA,Debit Card,1415,0
T000494,C0001,2026-01-14,18:32,Amazon,159.49,Marietta GA,Debit Card,1235,0
T000495,C0040,2026-02-07,20:46,Starbucks,152.61,Atlanta GA,Credit Card,1095,0
T000496,C0077,2026-01-18,16:57,Home Depot,444.55,Jonesboro GA,Debit Card,1033,0
T000497,C0046,2026-01-29,10:13,Amazon,14.47,Marietta GA,Debit Card,1533,0
T000498,C0003,2026-03-25,07:24,CVS,65.97,Miami FL,Credit Card,1825,0
T000499,C0082,2026-01-07,09:41,Shell,298.99,Miami FL,Credit Card,1742,0
T000500,C0003,2026-02-18,09:35,Walmart,211.3,Charlotte NC,Credit Card,547,0
T000501,C0061,2026-03-26,09:42,Starbucks,154.05,Marietta GA,Credit Card,1095,0
T000502,C0035,2026-01-14,22:46,CVS,212.32,Miami FL,Credit Card,1295,0
T000503,C0016,2026-03-19,12:49,Shell,251.38,Atlanta GA,Credit Card,568,0
T000504,C0067,2026-01-06,23:31,Amazon,151.2,Jonesboro GA,Debit Card,1894,0
T000505,C0027,2026-03-27,08:58,PetSmart,6.36,Jonesboro GA,Credit Card,256,0
T000506,C0074,2026-01-10,09:57,PetSmart,390.87,Marietta GA,Credit Card,554,0
T000507,C0083,2026-01-07,09:52,Amazon,135.74,Savannah GA,Debit Card,387,0
T000508,C0006,2026-01-15,09:54,Shell,215.87,Jonesboro GA,Debit Card,1582,0
T000509,C0006,2026-02-26,14:56,Walmart,167.69,Marietta GA,Credit Card,1531,0
T000510,C0012,2026-02-21,20:17,Publix,61.35,Jonesboro GA,Credit Card,1741,0
T000511,C0050,2026-03-31,07:54,PetSmart,60.96,Savannah GA,Credit Card,356,0
T000512,C0014,2026-03-28,20:11,Best Buy,402.12,Miami FL,Debit Card,1281,0
T000513,C0049,2026-01-17,21:58,Publix,431.98,Miami FL,Credit Card,1029,0
T000514,C0015,2026-03-25,16:00,Best Buy,36.35,Savannah GA,Credit Card,1472,0
T000515,C0087,2026-03-27,16:33,Home Depot,489.06,Charlotte NC,Credit Card,1101,0
T000516,C0089,2026-02-01,21:22,CVS,332.55,Atlanta GA,Debit Card,1389,0
T000517,C0087,2026-01-21,22:54,Best Buy,10.76,Marietta GA,Credit Card,991,0
T000518,C0064,2026-02-12,14:03,Starbucks,163.71,Atlanta GA,Debit Card,1068,0
T000519,C0029,2026-01-31,08:29,Home Depot,204.62,Charlotte NC,Debit Card,939,0
T000520,C0074,2026-01-16,21:47,PetSmart,226.3,Atlanta GA,Debit Card,1368,0
T000521,C0003,2026-03-12,06:52,Target,22.74,Savannah GA,Debit Card,216,0
T000522,C0078,2026-03-13,12:41,CVS,445.6,Charlotte NC,Debit Card,1405,0
T000523,C0059,2026-02-28,16:35,Publix,409.21,Jonesboro GA,Credit Card,1601,0
T000524,C0080,2026-01-15,09:48,CVS,359.38,Savannah GA,Debit Card,1379,0
T000525,C0029,2026-02-07,23:33,Walmart,415.79,Jonesboro GA,Debit Card,795,0
T000526,C0090,2026-02-22,09:16,Target,248.75,Atlanta GA,Credit Card,1281,0
T000527,C0026,2026-01-25,16:06,Amazon,111.72,Atlanta GA,Debit Card,1580,0
T000528,C0054,2026-02-27,20:42,Walmart,387.21,Charlotte NC,Credit Card,1236,0
T000529,C0065,2026-01-07,23:59,Starbucks,267.53,Savannah GA,Credit Card,916,0
T000530,C0075,2026-01-23,10:06,PetSmart,347.45,Miami FL,Credit Card,823,0
T000531,C0085,2026-02-19,19:38,CVS,254.53,Miami FL,Debit Card,1905,0
T000532,C0089,2026-02-07,20:51,Amazon,481.98,Jonesboro GA,Debit Card,303,0
T000533,C0018,2026-03-12,16:45,Best Buy,422.32,Miami FL,Debit Card,1539,0
T000534,C0071,2026-02-07,17:58,Amazon,313.96,Marietta GA,Credit Card,1407,0
T000535,C0017,2026-02-15,23:30,Starbucks,356.62,Miami FL,Debit Card,1223,0
T000536,C0074,2026-02-24,06:33,Best Buy,439.35,Charlotte NC,Debit Card,248,0
T000537,C0004,2026-01-26,14:48,Best Buy,336.78,Marietta GA,Credit Card,1638,0
T000538,C0021,2026-01-08,15:13,Shell,77.48,Charlotte NC,Debit Card,1573,0
T000539,C0070,2026-03-28,23:55,Walmart,55.73,Jonesboro GA,Debit Card,489,0
T000540,C0096,2026-03-31,15:44,Home Depot,257.91,Savannah GA,Credit Card,1390,0
T000541,C0007,2026-03-29,16:35,Best Buy,478.57,Savannah GA,Debit Card,140,0
T000542,C0002,2026-03-23,17:48,Shell,415.84,Marietta GA,Debit Card,1235,0
T000543,C0070,2026-01-23,08:11,CVS,150.62,Marietta GA,Credit Card,385,0
T000544,C0095,2026-02-05,23:16,Home Depot,25.11,Atlanta GA,Debit Card,296,0
T000545,C0021,2026-01-20,07:09,CVS,168.63,Jonesboro GA,Credit Card,1931,0
T000546,C0042,2026-03-15,23:22,CVS,247.82,Atlanta GA,Debit Card,179,0
T000547,C0091,2026-03-08,08:50,Publix,478.71,Miami FL,Credit Card,1064,0
T000548,C0021,2026-01-29,12:42,Best Buy,50.51,Miami FL,Debit Card,709,0
T000549,C0043,2026-03-21,22:30,Publix,475.4,Jonesboro GA,Credit Card,1179,0
T000550,C0097,2026-03-24,13:02,Walmart,225.61,Atlanta GA,Debit Card,1427,0
T000551,C0042,2026-02-06,06:58,Best Buy,132.01,Atlanta GA,Debit Card,1088,0
T000552,C0099,2026-02-07,12:20,Publix,245.97,Miami FL,Debit Card,1082,0
T000553,C0011,2026-01-27,12:55,Target,315.33,Marietta GA,Credit Card,1433,0
T000554,C0055,2026-01-10,10:01,Target,325.05,Marietta GA,Debit Card,970,0
T000555,C0092,2026-01-23,14:35,Publix,41.26,Atlanta GA,Credit Card,174,0
T000556,C0074,2026-03-22,18:27,Amazon,197.08,Jonesboro GA,Debit Card,677,0
T000557,C0003,2026-03-24,08:48,Best Buy,269.74,Charlotte NC,Credit Card,1557,0
T000558,C0075,2026-03-06,09:18,Walmart,182.06,Charlotte NC,Credit Card,1641,0
T000559,C0088,2026-02-26,18:25,Shell,144.35,Miami FL,Credit Card,1713,0
T000560,C0085,2026-01-18,18:50,Walmart,269.07,Savannah GA,Credit Card,1663,0
T000561,C0070,2026-03-24,17:00,Shell,152.54,Charlotte NC,Credit Card,1163,0
T000562,C0072,2026-03-18,18:34,Starbucks,7.49,Atlanta GA,Credit Card,1151,0
T000563,C0011,2026-03-24,22:09,Shell,109.81,Marietta GA,Debit Card,359,0
T000564,C0024,2026-01-24,07:54,Amazon,101.19,Miami FL,Debit Card,1568,0
T000565,C0071,2026-01-09,14:06,PetSmart,148.87,Charlotte NC,Credit Card,434,0
T000566,C0093,2026-03-27,13:06,CVS,181.78,Savannah GA,Debit Card,613,0
T000567,C0080,2026-02-12,15:44,Target,245.5,Marietta GA,Debit Card,1226,0
T000568,C0020,2026-02-24,11:00,CVS,404.81,Miami FL,Debit Card,671,0
T000569,C0032,2026-02-16,10:43,Amazon,141.96,Charlotte NC,Debit Card,1531,0
T000570,C0043,2026-02-09,21:35,PetSmart,182.58,Savannah GA,Debit Card,252,0
T000571,C0023,2026-01-18,23:12,CVS,430.06,Atlanta GA,Debit Card,569,0
T000572,C0094,2026-03-06,06:52,Target,446.59,Charlotte NC,Credit Card,1221,0
T000573,C0075,2026-03-12,14:34,Best Buy,453.62,Miami FL,Credit Card,1860,0
T000574,C0070,2026-01-29,15:08,PetSmart,186.08,Charlotte NC,Credit Card,981,0
T000575,C0065,2026-01-02,13:54,Home Depot,185.11,Atlanta GA,Debit Card,1681,0
T000576,C0079,2026-01-23,10:47,Starbucks,225.88,Miami FL,Credit Card,1529,0
T000577,C0062,2026-01-30,08:16,Publix,381.93,Atlanta GA,Credit Card,786,0
T000578,C0030,2026-02-16,18:30,Walmart,261.35,Charlotte NC,Credit Card,1909,0
T000579,C0059,2026-03-08,14:53,Walmart,56.1,Atlanta GA,Debit Card,1549,0
T000580,C0034,2026-02-18,17:37,CVS,191.45,Miami FL,Credit Card,1368,0
T000581,C0010,2026-01-29,22:25,Home Depot,486.47,Jonesboro GA,Debit Card,752,0
T000582,C0045,2026-01-18,20:10,PetSmart,253.41,Savannah GA,Credit Card,501,0
T000583,C0010,2026-01-24,11:23,Home Depot,109.7,Charlotte NC,Debit Card,1262,0
T000584,C0092,2026-02-12,09:30,Target,210.23,Charlotte NC,Credit Card,1412,0
T000585,C0062,2026-02-22,06:15,PetSmart,325.39,Marietta GA,Credit Card,118,0
T000586,C0017,2026-03-07,07:57,CVS,71.69,Miami FL,Credit Card,1202,0
T000587,C0019,2026-03-08,18:38,Walmart,461.61,Marietta GA,Debit Card,1184,0
T000588,C0082,2026-01-28,20:38,Walmart,473.89,Charlotte NC,Debit Card,995,0
T000589,C0062,2026-03-16,11:39,Starbucks,302.42,Marietta GA,Debit Card,1380,0
T000590,C0066,2026-03-18,08:14,Shell,461.56,Marietta GA,Debit Card,804,0
T000591,C0050,2026-03-06,19:52,Starbucks,105.16,Atlanta GA,Credit Card,336,0
T000592,C0078,2026-03-18,07:56,Target,451.3,Marietta GA,Debit Card,1635,0
T000593,C0069,2026-01-17,23:52,Home Depot,243.71,Atlanta GA,Credit Card,32,0
T000594,C0100,2026-01-06,22:27,Best Buy,188.34,Miami FL,Debit Card,499,0
T000595,C0062,2026-02-02,21:49,Best Buy,215.62,Jonesboro GA,Credit Card,506,0
T000596,C0011,2026-01-01,06:36,Shell,132.61,Miami FL,Debit Card,1100,0
T000597,C0016,2026-03-30,16:26,Home Depot,329.0,Atlanta GA,Debit Card,771,0
T000598,C0014,2026-03-10,19:36,Starbucks,134.34,Savannah GA,Debit Card,778,0
T000599,C0079,2026-02-22,23:50,Shell,378.71,Charlotte NC,Debit Card,1171,0
T000600,C0062,2026-02-09,17:49,Starbucks,130.62,Jonesboro GA,Debit Card,1474,0
T000601,C0051,2026-02-27,11:06,Starbucks,375.17,Charlotte NC,Credit Card,469,0
T000602,C0066,2026-03-23,06:51,Best Buy,84.57,Jonesboro GA,Credit Card,216,0
T000603,C0019,2026-02-03,13:23,PetSmart,48.63,Miami FL,Debit Card,193,0
T000604,C0078,2026-02-21,22:18,Walmart,465.69,Charlotte NC,Debit Card,1487,0
T000605,C0077,2026-01-26,22:18,Walmart,222.29,Marietta GA,Debit Card,428,0
T000606,C0005,2026-03-28,07:23,CVS,309.52,Miami FL,Credit Card,519,0
T000607,C0084,2026-02-21,17:42,Walmart,498.42,Marietta GA,Credit Card,839,0
T000608,C0052,2026-01-09,08:35,CVS,369.78,Marietta GA,Credit Card,612,0
T000609,C0093,2026-02-05,13:38,Home Depot,177.0,Miami FL,Debit Card,428,0
T000610,C0059,2026-02-22,22:06,Best Buy,134.25,Miami FL,Credit Card,1174,0
T000611,C0010,2026-03-07,14:56,Home Depot,473.77,Jonesboro GA,Debit Card,1131,0
T000612,C0074,2026-03-14,21:49,Shell,483.2,Charlotte NC,Debit Card,528,0
T000613,C0097,2026-01-04,21:07,Publix,448.78,Savannah GA,Debit Card,558,0
T000614,C0009,2026-01-30,16:26,Best Buy,340.07,Charlotte NC,Credit Card,1986,0
T000615,C0046,2026-02-03,13:18,Home Depot,351.91,Miami FL,Credit Card,220,0
T000616,C0052,2026-02-15,12:57,Publix,240.89,Atlanta GA,Credit Card,1204,0
T000617,C0035,2026-01-26,13:47,Starbucks,252.0,Charlotte NC,Credit Card,525,0
T000618,C0034,2026-03-21,17:09,Amazon,418.3,Marietta GA,Credit Card,1625,0
T000619,C0014,2026-03-11,07:54,Target,308.84,Atlanta GA,Debit Card,1017,0
T000620,C0048,2026-03-15,14:31,CVS,449.57,Jonesboro GA,Debit Card,404,0
T000621,C0098,2026-03-15,10:03,Home Depot,114.94,Jonesboro GA,Debit Card,1106,0
T000622,C0055,2026-02-20,11:29,PetSmart,253.73,Miami FL,Credit Card,276,0
T000623,C0090,2026-01-02,12:24,Home Depot,346.16,Savannah GA,Debit Card,1219,0
T000624,C0013,2026-02-03,13:17,Publix,97.64,Jonesboro GA,Debit Card,995,0
T000625,C0079,2026-01-27,19:44,Publix,251.89,Jonesboro GA,Credit Card,1570,0
T000626,C0048,2026-03-15,10:36,Publix,228.11,Savannah GA,Debit Card,1434,0
T000627,C0030,2026-03-13,19:54,Target,403.02,Charlotte NC,Debit Card,810,0
T000628,C0026,2026-01-02,11:26,Starbucks,239.13,Charlotte NC,Credit Card,1053,0
T000629,C0018,2026-02-08,14:35,Home Depot,393.74,Miami FL,Debit Card,1788,0
T000630,C0073,2026-01-08,12:52,Walmart,346.82,Savannah GA,Credit Card,550,0
T000631,C0061,2026-02-16,23:35,Target,133.59,Savannah GA,Debit Card,1938,0
T000632,C0033,2026-03-28,12:36,Publix,65.01,Atlanta GA,Debit Card,1209,0
T000633,C0084,2026-03-28,22:31,Home Depot,180.78,Marietta GA,Debit Card,1616,0
T000634,C0095,2026-03-01,10:55,PetSmart,308.76,Atlanta GA,Debit Card,373,0
T000635,C0082,2026-01-10,08:10,Publix,425.21,Savannah GA,Debit Card,733,0
T000636,C0030,2026-03-19,18:17,Publix,356.66,Jonesboro GA,Debit Card,1847,0
T000637,C0057,2026-01-24,06:08,Publix,209.92,Charlotte NC,Debit Card,1520,0
T000638,C0031,2026-02-20,09:06,Shell,109.23,Charlotte NC,Credit Card,160,0
T000639,C0061,2026-03-09,08:06,Home Depot,386.61,Atlanta GA,Credit Card,567,0
T000640,C0080,2026-02-01,15:28,Starbucks,158.14,Atlanta GA,Debit Card,1313,0
T000641,C0017,2026-03-26,17:55,Starbucks,19.14,Miami FL,Credit Card,1904,0
T000642,C0042,2026-01-18,23:11,PetSmart,276.53,Savannah GA,Debit Card,1240,0
T000643,C0077,2026-03-23,23:19,PetSmart,264.11,Charlotte NC,Debit Card,1891,0
T000644,C0045,2026-02-26,15:23,PetSmart,403.33,Miami FL,Credit Card,874,0
T000645,C0034,2026-01-18,17:18,Starbucks,5.05,Jonesboro GA,Credit Card,990,0
T000646,C0069,2026-03-03,15:00,Walmart,473.74,Charlotte NC,Debit Card,1598,0
T000647,C0056,2026-03-12,17:12,Shell,399.4,Miami FL,Credit Card,873,0
T000648,C0072,2026-03-24,18:53,Best Buy,85.82,Savannah GA,Credit Card,804,0
T000649,C0029,2026-03-08,14:18,Shell,314.53,Atlanta GA,Debit Card,1358,0
T000650,C0096,2026-01-09,11:08,Home Depot,98.06,Jonesboro GA,Debit Card,623,0
T000651,C0015,2026-03-21,21:12,PetSmart,139.71,Miami FL,Debit Card,686,0
T000652,C0003,2026-01-14,15:17,Starbucks,97.04,Atlanta GA,Credit Card,286,0
T000653,C0092,2026-01-20,06:31,PetSmart,120.24,Charlotte NC,Credit Card,474,0
T000654,C0044,2026-03-01,07:21,Best Buy,498.99,Jonesboro GA,Debit Card,194,0
T000655,C0097,2026-01-10,23:30,Starbucks,388.95,Atlanta GA,Debit Card,401,0
T000656,C0025,2026-02-01,18:49,Shell,65.37,Savannah GA,Credit Card,937,0
T000657,C0032,2026-01-13,22:42,Walmart,368.98,Marietta GA,Debit Card,456,0
T000658,C0061,2026-01-21,07:47,Best Buy,468.43,Charlotte NC,Debit Card,1949,0
T000659,C0071,2026-02-08,12:23,Home Depot,243.21,Atlanta GA,Debit Card,1847,0
T000660,C0007,2026-02-11,06:10,Amazon,318.29,Atlanta GA,Credit Card,1656,0
T000661,C0036,2026-01-02,07:37,CVS,395.63,Atlanta GA,Debit Card,1634,0
T000662,C0089,2026-01-12,13:10,PetSmart,188.84,Charlotte NC,Credit Card,1053,0
T000663,C0012,2026-03-24,10:44,CVS,34.59,Jonesboro GA,Credit Card,1128,0
T000664,C0014,2026-03-13,17:51,Starbucks,161.79,Savannah GA,Credit Card,1856,0
T000665,C0057,2026-01-18,14:57,Amazon,182.29,Atlanta GA,Debit Card,110,0
T000666,C0063,2026-03-04,12:36,PetSmart,273.65,Miami FL,Debit Card,412,0
T000667,C0070,2026-03-18,23:10,Publix,141.29,Jonesboro GA,Debit Card,171,0
T000668,C0068,2026-03-11,17:29,Starbucks,410.61,Savannah GA,Debit Card,31,0
T000669,C0100,2026-03-21,17:49,Home Depot,442.05,Savannah GA,Credit Card,1300,0
T000670,C0031,2026-03-10,18:12,Publix,330.85,Charlotte NC,Credit Card,1103,0
T000671,C0088,2026-02-11,19:41,PetSmart,308.45,Miami FL,Credit Card,689,0
T000672,C0015,2026-01-17,11:55,Target,26.67,Miami FL,Credit Card,94,0
T000673,C0026,2026-03-15,18:42,Target,53.88,Savannah GA,Credit Card,1033,0
T000674,C0068,2026-01-29,08:00,CVS,29.3,Charlotte NC,Debit Card,1935,0
T000675,C0027,2026-01-08,17:35,PetSmart,401.5,Atlanta GA,Debit Card,1552,0
T000676,C0054,2026-02-04,22:02,Publix,412.7,Charlotte NC,Credit Card,1533,0
T000677,C0010,2026-01-13,09:46,Shell,480.49,Atlanta GA,Credit Card,503,0
T000678,C0069,2026-02-01,11:35,Best Buy,265.47,Marietta GA,Credit Card,1564,0
T000679,C0072,2026-03-15,17:43,Best Buy,384.31,Charlotte NC,Credit Card,969,0
T000680,C0090,2026-03-12,18:32,Best Buy,397.27,Atlanta GA,Credit Card,721,0
T000681,C0085,2026-02-10,23:20,Starbucks,467.09,Miami FL,Debit Card,1760,0
T000682,C0048,2026-02-11,13:36,Best Buy,413.95,Charlotte NC,Debit Card,1147,0
T000683,C0028,2026-02-27,20:25,Best Buy,183.2,Miami FL,Debit Card,30,0
T000684,C0093,2026-02-08,06:19,Walmart,261.22,Jonesboro GA,Credit Card,484,0
T000685,C0028,2026-03-07,23:36,Publix,459.96,Atlanta GA,Debit Card,1926,0
T000686,C0074,2026-01-20,10:16,Starbucks,232.88,Atlanta GA,Credit Card,781,0
T000687,C0075,2026-01-12,18:36,Amazon,406.48,Marietta GA,Debit Card,1909,0
T000688,C0028,2026-01-23,21:52,Target,397.49,Charlotte NC,Debit Card,1871,0
T000689,C0089,2026-03-15,18:05,CVS,23.5,Atlanta GA,Debit Card,1627,0
T000690,C0008,2026-01-16,13:47,Publix,211.18,Jonesboro GA,Debit Card,1366,0
T000691,C0078,2026-03-09,07:20,Walmart,31.79,Charlotte NC,Debit Card,1135,0
T000692,C0073,2026-03-28,18:28,Starbucks,80.83,Jonesboro GA,Credit Card,1571,0
T000693,C0077,2026-02-07,18:09,CVS,114.93,Miami FL,Credit Card,300,0
T000694,C0044,2026-02-03,08:25,Target,276.34,Savannah GA,Credit Card,1057,0
T000695,C0056,2026-03-04,18:41,Starbucks,281.85,Marietta GA,Debit Card,1200,0
T000696,C0026,2026-02-04,19:20,Home Depot,124.95,Miami FL,Credit Card,1432,0
T000697,C0074,2026-02-14,12:20,Target,214.65,Atlanta GA,Debit Card,735,0
T000698,C0077,2026-03-20,20:39,Walmart,493.89,Jonesboro GA,Credit Card,328,0
T000699,C0057,2026-01-20,08:07,Walmart,344.25,Marietta GA,Credit Card,1544,0
T000700,C0007,2026-02-06,06:21,Amazon,435.03,Miami FL,Credit Card,1450,0
T000701,C0015,2026-01-27,23:13,Shell,16.26,Savannah GA,Debit Card,447,0
T000702,C0070,2026-01-19,06:24,Home Depot,313.41,Jonesboro GA,Debit Card,1223,0
T000703,C0085,2026-02-06,12:50,Home Depot,89.31,Atlanta GA,Debit Card,1456,0
T000704,C0080,2026-01-02,08:24,Shell,329.11,Atlanta GA,Debit Card,1382,0
T000705,C0035,2026-03-25,18:14,Publix,149.79,Atlanta GA,Credit Card,809,0
T000706,C0066,2026-03-10,08:11,Target,434.05,Jonesboro GA,Debit Card,437,0
T000707,C0065,2026-03-09,15:21,PetSmart,24.68,Miami FL,Credit Card,1033,0
T000708,C0051,2026-02-15,15:15,Starbucks,343.73,Atlanta GA,Debit Card,1056,0
T000709,C0036,2026-01-04,23:17,Walmart,439.95,Charlotte NC,Debit Card,491,0
T000710,C0020,2026-02-18,22:43,Publix,48.46,Savannah GA,Credit Card,1284,0
T000711,C0081,2026-02-24,15:58,Amazon,288.58,Savannah GA,Credit Card,1269,0
T000712,C0043,2026-01-18,23:43,PetSmart,107.34,Miami FL,Credit Card,1668,0
T000713,C0026,2026-01-19,11:20,Starbucks,217.88,Jonesboro GA,Credit Card,168,0
T000714,C0072,2026-01-19,06:48,Home Depot,96.15,Charlotte NC,Credit Card,682,0
T000715,C0053,2026-03-23,14:09,Best Buy,374.08,Jonesboro GA,Debit Card,1625,0
T000716,C0025,2026-03-20,14:38,Target,17.97,Marietta GA,Credit Card,1191,0
T000717,C0079,2026-01-04,17:05,Amazon,119.3,Miami FL,Credit Card,1439,0
T000718,C0100,2026-02-17,11:54,PetSmart,357.45,Marietta GA,Debit Card,823,0
T000719,C0063,2026-01-05,19:48,PetSmart,100.66,Marietta GA,Credit Card,60,0
T000720,C0035,2026-01-09,11:59,Best Buy,380.1,Marietta GA,Credit Card,1985,0
T000721,C0057,2026-02-01,19:25,CVS,434.05,Savannah GA,Debit Card,1619,0
T000722,C0006,2026-02-20,23:33,CVS,361.5,Charlotte NC,Debit Card,1343,0
T000723,C0091,2026-01-06,13:33,Walmart,228.55,Miami FL,Credit Card,1131,0
T000724,C0051,2026-03-22,07:12,Walmart,260.48,Miami FL,Debit Card,626,0
T000725,C0057,2026-02-24,15:39,Best Buy,233.37,Jonesboro GA,Debit Card,1912,0
T000726,C0007,2026-02-27,08:46,Home Depot,415.8,Marietta GA,Debit Card,1055,0
T000727,C0015,2026-02-11,20:01,Starbucks,199.57,Miami FL,Credit Card,396,0
T000728,C0059,2026-01-12,14:20,CVS,441.86,Charlotte NC,Credit Card,1446,0
T000729,C0084,2026-02-27,17:05,Starbucks,50.14,Charlotte NC,Credit Card,1102,0
T000730,C0091,2026-02-18,07:49,Best Buy,192.45,Charlotte NC,Credit Card,379,0
T000731,C0043,2026-01-19,11:49,CVS,85.25,Charlotte NC,Credit Card,1488,0
T000732,C0007,2026-02-27,15:40,Best Buy,366.43,Jonesboro GA,Debit Card,400,0
T000733,C0016,2026-02-02,06:29,Starbucks,313.17,Marietta GA,Credit Card,1049,0
T000734,C0064,2026-03-17,21:29,Home Depot,122.75,Atlanta GA,Debit Card,869,0
T000735,C0057,2026-03-12,14:39,Target,126.13,Miami FL,Credit Card,1317,0
T000736,C0072,2026-03-25,17:02,Amazon,78.39,Atlanta GA,Credit Card,327,0
T000737,C0005,2026-01-12,07:06,CVS,168.9,Miami FL,Debit Card,883,0
T000738,C0023,2026-03-30,23:11,Starbucks,307.49,Charlotte NC,Debit Card,962,0
T000739,C0096,2026-02-08,16:23,CVS,51.1,Jonesboro GA,Credit Card,1868,0
T000740,C0049,2026-01-18,09:44,Target,149.95,Savannah GA,Credit Card,1790,0
T000741,C0036,2026-03-31,12:39,Publix,264.7,Miami FL,Debit Card,149,0
T000742,C0014,2026-03-30,15:27,CVS,244.41,Charlotte NC,Credit Card,1276,0
T000743,C0041,2026-03-20,21:33,Shell,463.92,Miami FL,Debit Card,1523,0
T000744,C0081,2026-01-30,15:12,PetSmart,442.41,Savannah GA,Credit Card,33,0
T000745,C0016,2026-01-27,19:26,Walmart,370.05,Savannah GA,Credit Card,123,0
T000746,C0043,2026-01-26,15:16,Publix,10.59,Miami FL,Credit Card,1648,0
T000747,C0009,2026-01-15,16:21,Shell,384.68,Jonesboro GA,Debit Card,841,0
T000748,C0093,2026-01-25,16:53,CVS,416.86,Miami FL,Credit Card,722,0
T000749,C0087,2026-03-03,10:40,PetSmart,324.6,Savannah GA,Credit Card,973,0
T000750,C0069,2026-01-08,22:19,Publix,464.26,Savannah GA,Debit Card,1187,0
T000751,C0093,2026-03-29,16:51,Publix,108.09,Miami FL,Credit Card,1906,0
T000752,C0046,2026-02-13,18:40,Target,421.17,Marietta GA,Debit Card,1124,0
T000753,C0022,2026-01-15,15:45,CVS,97.75,Miami FL,Debit Card,1786,0
T000754,C0041,2026-01-31,17:28,Walmart,47.96,Jonesboro GA,Debit Card,1728,0
T000755,C0039,2026-02-17,07:49,Amazon,91.63,Miami FL,Debit Card,443,0
T000756,C0012,2026-03-06,10:12,PetSmart,400.52,Miami FL,Credit Card,726,0
T000757,C0062,2026-01-13,22:43,Home Depot,75.93,Jonesboro GA,Debit Card,301,0
T000758,C0027,2026-03-08,09:00,Walmart,358.27,Savannah GA,Debit Card,666,0
T000759,C0006,2026-01-06,09:33,CVS,236.1,Atlanta GA,Debit Card,1599,0
T000760,C0085,2026-01-27,16:12,Shell,321.23,Atlanta GA,Debit Card,424,0
T000761,C0037,2026-03-27,09:17,Shell,387.53,Miami FL,Debit Card,335,0
T000762,C0021,2026-03-13,22:06,Shell,479.36,Atlanta GA,Credit Card,453,0
T000763,C0070,2026-02-06,13:10,Publix,139.17,Miami FL,Debit Card,175,0
T000764,C0040,2026-01-04,21:57,CVS,30.11,Jonesboro GA,Debit Card,1413,0
T000765,C0007,2026-02-20,11:45,Target,47.63,Savannah GA,Credit Card,1250,0
T000766,C0076,2026-01-26,23:05,PetSmart,159.66,Miami FL,Debit Card,1919,0
T000767,C0097,2026-03-31,20:06,PetSmart,50.99,Miami FL,Credit Card,963,0
T000768,C0040,2026-01-19,14:58,PetSmart,473.99,Savannah GA,Credit Card,774,0
T000769,C0051,2026-02-11,20:31,Starbucks,395.45,Charlotte NC,Debit Card,91,0
T000770,C0009,2026-01-22,15:49,PetSmart,241.93,Atlanta GA,Debit Card,743,0
T000771,C0078,2026-01-14,16:35,CVS,205.81,Marietta GA,Credit Card,1360,0
T000772,C0010,2026-02-22,13:39,Shell,203.4,Miami FL,Debit Card,529,0
T000773,C0071,2026-01-27,19:50,Starbucks,37.7,Savannah GA,Debit Card,921,0
T000774,C0073,2026-03-27,08:47,Publix,90.68,Miami FL,Credit Card,1936,0
T000775,C0092,2026-03-01,16:35,CVS,298.12,Savannah GA,Credit Card,229,0
T000776,C0057,2026-01-14,18:20,Starbucks,39.46,Jonesboro GA,Debit Card,1042,0
T000777,C0083,2026-03-16,06:48,Walmart,409.43,Atlanta GA,Credit Card,330,0
T000778,C0085,2026-03-15,20:12,Starbucks,198.04,Savannah GA,Debit Card,451,0
T000779,C0088,2026-02-25,17:05,Publix,459.66,Jonesboro GA,Debit Card,1223,0
T000780,C0002,2026-02-07,07:23,CVS,424.58,Miami FL,Debit Card,1875,0
T000781,C0071,2026-02-06,06:15,Walmart,59.3,Atlanta GA,Debit Card,914,0
T000782,C0090,2026-02-21,18:27,CVS,357.33,Savannah GA,Debit Card,1146,0
T000783,C0028,2026-02-19,17:53,Starbucks,98.17,Savannah GA,Credit Card,884,0
T000784,C0020,2026-01-10,06:09,Shell,71.47,Charlotte NC,Credit Card,1507,0
T000785,C0063,2026-02-23,20:57,Best Buy,72.92,Marietta GA,Credit Card,1645,0
T000786,C0090,2026-02-24,23:52,CVS,229.93,Savannah GA,Credit Card,951,0
T000787,C0050,2026-01-01,21:54,Publix,215.26,Marietta GA,Credit Card,1526,0
T000788,C0031,2026-03-15,17:02,Home Depot,463.65,Jonesboro GA,Debit Card,107,0
T000789,C0073,2026-03-03,08:09,PetSmart,61.02,Charlotte NC,Debit Card,1525,0
T000790,C0094,2026-03-08,08:15,Home Depot,260.89,Jonesboro GA,Debit Card,997,0
T000791,C0081,2026-02-13,23:49,Target,308.45,Charlotte NC,Debit Card,52,0
T000792,C0061,2026-02-12,19:22,PetSmart,289.11,Miami FL,Debit Card,1997,0
T000793,C0038,2026-03-18,15:46,Shell,349.05,Marietta GA,Credit Card,1637,0
T000794,C0073,2026-03-15,07:42,Shell,291.18,Atlanta GA,Debit Card,627,0
T000795,C0095,2026-01-17,22:04,CVS,244.96,Atlanta GA,Debit Card,1773,0
T000796,C0036,2026-02-02,06:47,Shell,141.23,Marietta GA,Debit Card,258,0
T000797,C0078,2026-02-17,11:16,Starbucks,331.28,Miami FL,Credit Card,1632,0
T000798,C0090,2026-01-05,16:05,Amazon,400.69,Savannah GA,Credit Card,327,0
T000799,C0077,2026-01-31,20:46,Starbucks,386.33,Savannah GA,Debit Card,1335,0
T000800,C0022,2026-02-03,09:03,Amazon,31.89,Miami FL,Debit Card,373,0
T000801,C0060,2026-03-10,13:24,Best Buy,240.75,Savannah GA,Debit Card,1429,0
T000802,C0091,2026-02-25,06:18,Best Buy,76.85,Savannah GA,Debit Card,1928,0
T000803,C0058,2026-03-29,07:06,Best Buy,481.07,Charlotte NC,Debit Card,1909,0
T000804,C0069,2026-02-04,09:16,Publix,170.81,Savannah GA,Debit Card,1370,0
T000805,C0075,2026-03-17,12:33,Best Buy,368.49,Savannah GA,Credit Card,721,0
T000806,C0087,2026-01-09,06:26,Starbucks,338.04,Jonesboro GA,Credit Card,230,0
T000807,C0068,2026-02-06,14:12,Target,179.0,Charlotte NC,Debit Card,99,0
T000808,C0004,2026-03-26,12:38,CVS,469.56,Atlanta GA,Credit Card,1336,0
T000809,C0016,2026-03-24,11:57,Target,191.1,Atlanta GA,Credit Card,257,0
T000810,C0090,2026-01-10,20:59,Starbucks,236.14,Jonesboro GA,Debit Card,596,0
T000811,C0099,2026-01-10,14:49,Best Buy,132.38,Charlotte NC,Debit Card,157,0
T000812,C0049,2026-02-03,11:28,Best Buy,132.83,Jonesboro GA,Credit Card,172,0
T000813,C0063,2026-03-04,09:09,Amazon,93.33,Miami FL,Debit Card,1137,0
T000814,C0099,2026-02-03,09:02,Best Buy,456.74,Marietta GA,Credit Card,179,0
T000815,C0010,2026-01-03,21:09,CVS,389.73,Charlotte NC,Debit Card,1367,0
T000816,C0082,2026-03-31,16:57,Walmart,136.89,Atlanta GA,Debit Card,831,0
T000817,C0074,2026-02-21,08:34,Walmart,241.68,Miami FL,Debit Card,492,0
T000818,C0001,2026-03-10,17:21,Best Buy,65.0,Charlotte NC,Debit Card,1426,0
T000819,C0039,2026-02-13,08:53,Best Buy,185.85,Atlanta GA,Credit Card,971,0
T000820,C0098,2026-01-06,18:42,Shell,92.43,Charlotte NC,Credit Card,421,0
T000821,C0039,2026-03-22,20:47,Best Buy,245.82,Atlanta GA,Debit Card,418,0
T000822,C0018,2026-03-17,13:31,Walmart,361.27,Marietta GA,Credit Card,826,0
T000823,C0009,2026-02-27,06:02,Home Depot,252.34,Charlotte NC,Debit Card,724,0
T000824,C0008,2026-01-28,22:29,Publix,205.73,Charlotte NC,Credit Card,1955,0
T000825,C0087,2026-01-05,10:31,Home Depot,462.78,Marietta GA,Credit Card,1369,0
T000826,C0003,2026-03-25,10:00,PetSmart,125.13,Miami FL,Credit Card,382,0
T000827,C0081,2026-01-22,08:52,Walmart,230.81,Jonesboro GA,Credit Card,1704,0
T000828,C0014,2026-01-26,19:21,Target,36.24,Savannah GA,Credit Card,1691,0
T000829,C0095,2026-03-15,23:08,Best Buy,488.05,Jonesboro GA,Credit Card,688,0
T000830,C0028,2026-01-16,14:09,Walmart,171.07,Miami FL,Credit Card,1581,0
T000831,C0054,2026-02-26,13:59,Starbucks,278.94,Charlotte NC,Debit Card,1221,0
T000832,C0006,2026-01-03,21:05,Starbucks,389.94,Atlanta GA,Debit Card,43,0
T000833,C0001,2026-03-02,10:13,Starbucks,211.03,Atlanta GA,Debit Card,323,0
T000834,C0082,2026-01-23,07:38,Shell,208.96,Miami FL,Debit Card,398,0
T000835,C0092,2026-02-08,17:26,PetSmart,315.46,Miami FL,Credit Card,39,0
T000836,C0072,2026-01-13,17:55,Amazon,493.37,Marietta GA,Credit Card,1588,0
T000837,C0070,2026-03-26,12:17,Home Depot,386.31,Marietta GA,Debit Card,138,0
T000838,C0025,2026-01-21,07:03,Target,251.27,Marietta GA,Debit Card,1350,0
T000839,C0047,2026-03-20,20:02,Shell,129.43,Marietta GA,Debit Card,243,0
T000840,C0095,2026-01-04,21:32,Walmart,83.23,Miami FL,Credit Card,267,0
T000841,C0010,2026-02-11,19:12,Amazon,298.39,Charlotte NC,Debit Card,1560,0
T000842,C0087,2026-01-13,13:47,Publix,166.44,Marietta GA,Credit Card,874,0
T000843,C0026,2026-03-04,07:56,Best Buy,238.14,Marietta GA,Credit Card,922,0
T000844,C0019,2026-02-17,10:29,Amazon,93.14,Miami FL,Debit Card,1504,0
T000845,C0025,2026-01-05,07:17,Publix,171.27,Jonesboro GA,Credit Card,309,0
T000846,C0015,2026-02-13,13:56,PetSmart,89.74,Savannah GA,Debit Card,634,0
T000847,C0078,2026-03-12,13:05,Starbucks,291.17,Charlotte NC,Credit Card,873,0
T000848,C0067,2026-02-05,06:46,PetSmart,419.31,Marietta GA,Debit Card,906,0
T000849,C0095,2026-01-29,10:58,Amazon,219.95,Marietta GA,Debit Card,1204,0
T000850,C0001,2026-03-06,07:27,Best Buy,495.68,Atlanta GA,Credit Card,1117,0
T000851,C0051,2026-01-31,08:35,PetSmart,228.96,Charlotte NC,Credit Card,1572,0
T000852,C0002,2026-01-31,08:01,Best Buy,182.41,Marietta GA,Credit Card,1012,0
T000853,C0086,2026-03-16,06:29,Shell,429.67,Marietta GA,Debit Card,979,0
T000854,C0099,2026-02-17,20:45,Starbucks,96.55,Charlotte NC,Debit Card,1327,0
T000855,C0001,2026-02-07,19:48,Target,267.81,Savannah GA,Debit Card,582,0
T000856,C0090,2026-01-11,16:47,CVS,394.91,Miami FL,Credit Card,1939,0
T000857,C0008,2026-01-15,18:23,Home Depot,444.55,Charlotte NC,Debit Card,983,0
T000858,C0080,2026-03-13,08:35,Walmart,91.76,Jonesboro GA,Debit Card,1482,0
T000859,C0100,2026-01-15,21:47,Amazon,123.12,Marietta GA,Debit Card,1953,0
T000860,C0097,2026-01-29,16:22,CVS,377.82,Charlotte NC,Credit Card,1868,0
T000861,C0035,2026-01-09,17:22,Home Depot,142.19,Charlotte NC,Debit Card,956,0
T000862,C0063,2026-03-10,23:57,Home Depot,237.73,Miami FL,Credit Card,628,0
T000863,C0058,2026-02-28,08:05,CVS,98.24,Jonesboro GA,Credit Card,830,0
T000864,C0023,2026-01-15,10:31,Shell,86.56,Atlanta GA,Credit Card,338,0
T000865,C0027,2026-03-29,23:59,Home Depot,150.12,Charlotte NC,Credit Card,300,0
T000866,C0061,2026-01-03,15:12,Publix,370.17,Savannah GA,Debit Card,158,0
T000867,C0003,2026-02-13,16:31,Amazon,208.79,Miami FL,Debit Card,1245,0
T000868,C0086,2026-03-14,10:57,Home Depot,231.71,Miami FL,Debit Card,1646,0
T000869,C0040,2026-02-06,07:09,Starbucks,244.7,Jonesboro GA,Credit Card,753,0
T000870,C0037,2026-02-06,11:11,PetSmart,357.35,Marietta GA,Credit Card,1748,0
T000871,C0091,2026-02-10,10:28,Starbucks,62.87,Marietta GA,Credit Card,563,0
T000872,C0048,2026-02-14,10:23,Starbucks,334.45,Marietta GA,Credit Card,948,0
T000873,C0070,2026-01-04,18:59,Starbucks,65.14,Miami FL,Debit Card,1052,0
T000874,C0099,2026-03-11,22:21,Starbucks,82.25,Savannah GA,Debit Card,1355,0
T000875,C0091,2026-03-15,10:51,Shell,484.95,Savannah GA,Debit Card,1187,0
T000876,C0094,2026-01-06,10:43,PetSmart,367.16,Jonesboro GA,Credit Card,1158,0
T000877,C0015,2026-01-29,20:22,Shell,310.67,Atlanta GA,Debit Card,219,0
T000878,C0042,2026-01-29,14:12,Walmart,293.8,Miami FL,Credit Card,76,0
T000879,C0011,2026-02-20,12:31,Home Depot,488.04,Savannah GA,Credit Card,680,0
T000880,C0078,2026-02-16,18:09,CVS,454.68,Miami FL,Credit Card,1496,0
T000881,C0055,2026-02-14,17:19,Publix,11.03,Savannah GA,Debit Card,942,0
T000882,C0072,2026-02-23,20:18,Target,372.06,Marietta GA,Debit Card,365,0
T000883,C0094,2026-03-17,08:09,Best Buy,74.09,Charlotte NC,Debit Card,455,0
T000884,C0039,2026-03-17,18:05,PetSmart,37.73,Miami FL,Debit Card,43,0
T000885,C0053,2026-03-14,10:12,Shell,280.13,Savannah GA,Credit Card,410,0
T000886,C0049,2026-02-08,15:31,Shell,25.91,Miami FL,Debit Card,1175,0
T000887,C0095,2026-01-20,14:19,PetSmart,396.65,Marietta GA,Credit Card,1987,0
T000888,C0082,2026-03-04,13:01,PetSmart,211.49,Atlanta GA,Debit Card,274,0
T000889,C0098,2026-02-16,21:36,Shell,301.45,Savannah GA,Credit Card,923,0
T000890,C0034,2026-03-15,06:54,PetSmart,189.74,Charlotte NC,Credit Card,561,0
T000891,C0021,2026-03-30,10:22,CVS,163.24,Atlanta GA,Credit Card,364,0
T000892,C0007,2026-02-15,07:18,Shell,319.94,Jonesboro GA,Debit Card,627,0
T000893,C0068,2026-01-24,09:38,Target,384.39,Miami FL,Credit Card,1571,0
T000894,C0022,2026-03-29,15:17,Home Depot,414.28,Jonesboro GA,Debit Card,1433,0
T000895,C0090,2026-01-02,10:33,Publix,412.54,Atlanta GA,Debit Card,606,0
T000896,C0048,2026-01-21,09:13,PetSmart,460.85,Savannah GA,Debit Card,346,0
T000897,C0065,2026-01-10,09:52,Amazon,211.59,Marietta GA,Credit Card,298,0
T000898,C0003,2026-01-18,20:56,PetSmart,347.07,Jonesboro GA,Debit Card,1253,0
T000899,C0067,2026-01-16,13:08,Publix,19.24,Marietta GA,Debit Card,1784,0
T000900,C0089,2026-01-27,10:05,Starbucks,157.18,Charlotte NC,Credit Card,900,0
T000901,C0089,2026-02-25,07:12,Target,388.47,Atlanta GA,Credit Card,250,0
T000902,C0005,2026-02-02,07:04,Home Depot,237.2,Miami FL,Credit Card,647,0
T000903,C0086,2026-01-27,12:11,Walmart,460.45,Atlanta GA,Credit Card,1403,0
T000904,C0045,2026-02-05,17:22,Walmart,423.7,Atlanta GA,Credit Card,358,0
T000905,C0065,2026-03-16,06:33,CVS,54.06,Marietta GA,Credit Card,474,0
T000906,C0092,2026-03-10,06:46,Amazon,451.32,Jonesboro GA,Credit Card,232,0
T000907,C0028,2026-03-17,11:28,Home Depot,186.4,Charlotte NC,Debit Card,1409,0
T000908,C0014,2026-03-07,13:26,Starbucks,214.93,Jonesboro GA,Debit Card,261,0
T000909,C0098,2026-01-18,21:48,Publix,59.61,Atlanta GA,Debit Card,769,0
T000910,C0091,2026-03-05,09:24,Shell,45.71,Miami FL,Credit Card,610,0
T000911,C0059,2026-02-26,13:35,CVS,345.09,Charlotte NC,Debit Card,864,0
T000912,C0038,2026-03-02,17:11,Best Buy,447.9,Marietta GA,Credit Card,56,0
T000913,C0087,2026-03-08,08:07,PetSmart,201.2,Charlotte NC,Credit Card,323,0
T000914,C0051,2026-01-22,08:23,Best Buy,372.01,Charlotte NC,Credit Card,437,0
T000915,C0044,2026-02-24,21:17,Amazon,65.77,Miami FL,Debit Card,1596,0
T000916,C0092,2026-03-24,18:22,CVS,379.37,Miami FL,Debit Card,1004,0
T000917,C0086,2026-01-19,20:06,CVS,258.15,Savannah GA,Debit Card,280,0
T000918,C0033,2026-01-18,06:06,PetSmart,316.04,Savannah GA,Credit Card,1541,0
T000919,C0007,2026-02-18,16:09,Target,486.18,Savannah GA,Credit Card,650,0
T000920,C0080,2026-03-08,21:50,CVS,332.23,Atlanta GA,Credit Card,984,0
T000921,C0026,2026-02-03,23:21,Shell,247.67,Charlotte NC,Debit Card,1687,0
T000922,C0070,2026-01-16,18:28,Home Depot,495.4,Atlanta GA,Credit Card,674,0
T000923,C0049,2026-03-13,15:56,PetSmart,21.27,Savannah GA,Credit Card,1476,0
T000924,C0022,2026-02-19,21:48,PetSmart,159.67,Savannah GA,Credit Card,254,0
T000925,C0073,2026-01-21,22:03,PetSmart,240.58,Charlotte NC,Debit Card,831,0
T000926,C0034,2026-02-15,15:20,PetSmart,310.39,Miami FL,Debit Card,155,0
T000927,C0004,2026-02-14,06:48,CVS,419.28,Atlanta GA,Credit Card,1855,0
T000928,C0081,2026-02-15,19:22,Publix,216.93,Savannah GA,Credit Card,145,0
T000929,C0085,2026-03-17,08:58,Amazon,325.8,Marietta GA,Credit Card,1439,0
T000930,C0009,2026-03-10,16:02,Shell,89.04,Atlanta GA,Debit Card,973,0
T000931,C0085,2026-03-31,21:37,Best Buy,136.98,Miami FL,Debit Card,75,0
T000932,C0041,2026-01-13,21:06,Best Buy,164.6,Miami FL,Debit Card,1444,0
T000933,C0087,2026-03-27,16:10,Amazon,253.87,Jonesboro GA,Debit Card,1289,0
T000934,C0039,2026-01-10,23:13,Publix,250.99,Savannah GA,Credit Card,618,0
T000935,C0034,2026-03-21,08:45,Walmart,403.28,Jonesboro GA,Debit Card,1758,0
T000936,C0075,2026-03-14,22:30,Target,140.32,Miami FL,Debit Card,904,0
T000937,C0027,2026-02-08,19:42,Publix,254.8,Atlanta GA,Debit Card,1135,0
T000938,C0041,2026-03-07,20:42,Amazon,129.38,Savannah GA,Debit Card,1593,0
T000939,C0071,2026-01-28,20:17,Starbucks,290.54,Atlanta GA,Credit Card,1949,0
T000940,C0082,2026-03-22,07:33,Home Depot,467.64,Miami FL,Debit Card,440,0
T000941,C0047,2026-03-29,15:54,PetSmart,79.48,Marietta GA,Credit Card,921,0
T000942,C0053,2026-02-04,15:41,Publix,423.75,Atlanta GA,Credit Card,358,0
T000943,C0033,2026-01-20,12:01,CVS,123.05,Marietta GA,Debit Card,532,0
T000944,C0040,2026-01-05,12:10,PetSmart,213.9,Savannah GA,Debit Card,588,0
T000945,C0018,2026-01-23,07:46,Walmart,331.04,Jonesboro GA,Debit Card,1025,0
T000946,C0003,2026-01-09,19:57,Walmart,302.79,Atlanta GA,Debit Card,774,0
T000947,C0086,2026-03-15,22:59,Target,121.84,Savannah GA,Credit Card,277,0
T000948,C0067,2026-01-12,13:38,CVS,250.74,Miami FL,Debit Card,280,0
T000949,C0099,2026-01-31,19:13,Publix,403.89,Jonesboro GA,Debit Card,325,0
T000950,C0014,2026-02-02,07:31,Starbucks,222.54,Marietta GA,Debit Card,1122,0
T000951,C0048,2026-02-01,14:56,Target,240.05,Jonesboro GA,Debit Card,1636,0
T000952,C0019,2026-01-03,07:53,Publix,411.58,Savannah GA,Debit Card,1544,0
T000953,C0085,2026-02-19,15:40,Walmart,130.23,Charlotte NC,Credit Card,1992,0
T000954,C0090,2026-01-31,20:24,Publix,269.78,Charlotte NC,Credit Card,46,0
T000955,C0051,2026-01-31,15:13,Shell,468.48,Jonesboro GA,Credit Card,1790,0
T000956,C0021,2026-03-24,19:50,PetSmart,440.34,Charlotte NC,Debit Card,99,0
T000957,C0036,2026-02-12,19:56,Target,369.79,Savannah GA,Debit Card,1911,0
T000958,C0013,2026-02-15,19:38,Starbucks,255.64,Charlotte NC,Debit Card,1523,0
T000959,C0071,2026-03-24,11:40,Publix,382.18,Savannah GA,Credit Card,938,0
T000960,C0083,2026-02-09,16:36,Starbucks,104.04,Atlanta GA,Debit Card,198,0
T000961,C0015,2026-03-29,19:50,Starbucks,424.25,Marietta GA,Credit Card,1953,0
T000962,C0041,2026-03-29,16:51,PetSmart,134.04,Savannah GA,Credit Card,607,0
T000963,C0026,2026-02-18,13:01,Target,95.04,Savannah GA,Debit Card,1971,0
T000964,C0003,2026-03-01,12:16,Home Depot,453.89,Charlotte NC,Credit Card,1466,0
T000965,C0022,2026-01-20,08:23,Walmart,302.19,Savannah GA,Debit Card,378,0
T000966,C0073,2026-02-28,21:07,Target,387.81,Atlanta GA,Debit Card,489,0
T000967,C0092,2026-03-05,18:08,Amazon,147.54,Marietta GA,Debit Card,913,0
T000968,C0027,2026-01-25,19:11,CVS,364.72,Marietta GA,Debit Card,866,0
T000969,C0019,2026-02-27,13:23,Walmart,121.57,Jonesboro GA,Debit Card,1223,0
T000970,C0088,2026-02-11,18:43,PetSmart,237.1,Atlanta GA,Credit Card,464,0
T000971,C0092,2026-02-02,08:06,Best Buy,369.37,Charlotte NC,Debit Card,1170,0
T000972,C0008,2026-02-15,07:00,Walmart,238.11,Jonesboro GA,Credit Card,549,0
T000973,C0065,2026-03-27,17:08,CVS,488.87,Savannah GA,Debit Card,1857,0
T000974,C0072,2026-03-06,21:59,Walmart,133.84,Miami FL,Credit Card,724,0
T000975,C0060,2026-02-25,10:16,Starbucks,356.58,Atlanta GA,Debit Card,269,0
T000976,C0041,2026-02-05,17:59,Walmart,436.48,Marietta GA,Debit Card,910,0
T000977,C0037,2026-02-25,11:20,Shell,260.9,Miami FL,Debit Card,1539,0
T000978,C0063,2026-01-20,07:14,Starbucks,31.34,Miami FL,Debit Card,405,0
T000979,C0005,2026-02-25,09:57,PetSmart,354.45,Jonesboro GA,Credit Card,1928,0
T000980,C0064,2026-03-13,21:29,Walmart,494.47,Savannah GA,Debit Card,1039,0
T000981,C0015,2026-02-06,11:53,Starbucks,51.32,Atlanta GA,Debit Card,374,0
T000982,C0096,2026-01-01,22:49,Home Depot,293.86,Jonesboro GA,Credit Card,1198,0
T000983,C0024,2026-03-28,09:56,Best Buy,385.29,Atlanta GA,Credit Card,703,0
T000984,C0004,2026-03-17,09:53,Shell,200.11,Charlotte NC,Credit Card,692,0
T000985,C0020,2026-03-26,21:29,Walmart,416.2,Atlanta GA,Debit Card,1316,0
T000986,C0035,2026-01-06,20:20,CVS,168.07,Charlotte NC,Credit Card,1970,0
T000987,C0094,2026-03-24,15:20,CVS,432.32,Marietta GA,Credit Card,1664,0
T000988,C0008,2026-02-02,11:15,Target,50.81,Miami FL,Debit Card,1608,0
T000989,C0052,2026-02-21,15:41,Target,85.66,Atlanta GA,Credit Card,1571,0
T000990,C0084,2026-02-25,15:57,Starbucks,247.97,Atlanta GA,Debit Card,1432,0
T000991,C0078,2026-03-07,12:31,Starbucks,416.87,Jonesboro GA,Credit Card,942,0
T000992,C0050,2026-02-24,17:39,PetSmart,49.66,Jonesboro GA,Debit Card,411,0
T000993,C0056,2026-03-01,13:41,Best Buy,259.1,Atlanta GA,Credit Card,1435,0
T000994,C0092,2026-02-25,08:58,Starbucks,148.9,Savannah GA,Credit Card,1671,0
T000995,C0062,2026-02-08,13:33,Shell,343.74,Marietta GA,Credit Card,905,0
T000996,C0038,2026-03-07,09:32,CVS,459.06,Atlanta GA,Credit Card,900,0
T000997,C0053,2026-03-16,08:49,Target,180.95,Savannah GA,Debit Card,1061,0
T000998,C0003,2026-01-24,18:02,Target,93.88,Charlotte NC,Debit Card,200,0
T000999,C0054,2026-02-27,14:21,Shell,379.89,Jonesboro GA,Debit Card,1910,0
T001000,C0024,2026-03-19,14:55,Amazon,374.78,Marietta GA,Credit Card,1409,0
T001001,C0014,2026-01-15,06:10,Best Buy,7.89,Miami FL,Credit Card,1373,0
T001002,C0062,2026-03-19,21:19,PetSmart,435.05,Charlotte NC,Debit Card,1296,0
T001003,C0079,2026-01-12,10:08,Publix,403.3,Charlotte NC,Debit Card,58,0
T001004,C0025,2026-01-27,21:41,Target,430.21,Atlanta GA,Credit Card,327,0
T001005,C0084,2026-03-01,10:30,Amazon,47.62,Savannah GA,Credit Card,894,0
T001006,C0003,2026-02-26,21:30,Target,370.7,Marietta GA,Credit Card,70,0
T001007,C0058,2026-02-20,07:21,CVS,150.94,Marietta GA,Credit Card,46,0
T001008,C0014,2026-03-18,23:18,Best Buy,369.85,Savannah GA,Debit Card,105,0
T001009,C0063,2026-01-08,22:01,Best Buy,119.79,Savannah GA,Debit Card,894,0
T001010,C0074,2026-03-24,19:56,Publix,137.59,Miami FL,Credit Card,999,0
T001011,C0015,2026-02-25,06:10,PetSmart,226.92,Miami FL,Debit Card,619,0
T001012,C0093,2026-03-06,13:37,Amazon,221.86,Savannah GA,Debit Card,1891,0
T001013,C0088,2026-02-07,18:26,Publix,69.92,Miami FL,Debit Card,1736,0
T001014,C0087,2026-02-06,08:42,Publix,312.81,Savannah GA,Credit Card,1018,0
T001015,C0017,2026-01-13,19:31,Starbucks,304.85,Marietta GA,Credit Card,651,0
T001016,C0031,2026-02-15,14:22,Amazon,499.63,Miami FL,Credit Card,1416,0
T001017,C0021,2026-02-13,19:07,Starbucks,404.37,Miami FL,Credit Card,1294,0
T001018,C0030,2026-02-13,17:49,Target,245.75,Miami FL,Credit Card,125,0
T001019,C0099,2026-03-07,09:45,Home Depot,427.44,Jonesboro GA,Credit Card,133,0
T001020,C0057,2026-03-20,09:52,PetSmart,391.92,Atlanta GA,Credit Card,1181,0
T001021,C0006,2026-01-27,17:10,Home Depot,316.81,Atlanta GA,Credit Card,1521,0
T001022,C0038,2026-01-13,10:41,PetSmart,367.61,Miami FL,Debit Card,774,0
T001023,C0043,2026-02-23,06:15,Starbucks,222.36,Atlanta GA,Credit Card,1739,0
T001024,C0061,2026-02-17,19:23,Publix,47.19,Jonesboro GA,Credit Card,1319,0
T001025,C0086,2026-01-18,19:26,Amazon,394.67,Marietta GA,Debit Card,1910,0
T001026,C0053,2026-02-26,10:49,PetSmart,472.15,Miami FL,Debit Card,50,0
T001027,C0092,2026-02-21,11:27,Home Depot,172.46,Atlanta GA,Credit Card,155,0
T001028,C0051,2026-01-08,22:18,Walmart,451.74,Charlotte NC,Credit Card,888,0
T001029,C0052,2026-01-02,14:57,Home Depot,455.07,Jonesboro GA,Debit Card,1110,0
T001030,C0079,2026-01-27,23:39,Starbucks,225.86,Charlotte NC,Debit Card,1644,0
T001031,C0080,2026-03-25,18:49,PetSmart,444.4,Charlotte NC,Debit Card,434,0
T001032,C0039,2026-01-17,22:34,Target,198.05,Atlanta GA,Debit Card,611,0
T001033,C0028,2026-03-23,11:01,Target,263.06,Miami FL,Debit Card,87,0
T001034,C0070,2026-02-08,19:32,CVS,416.95,Jonesboro GA,Credit Card,256,0
T001035,C0094,2026-02-15,09:03,Walmart,315.36,Jonesboro GA,Debit Card,1579,0
T001036,C0084,2026-01-01,20:21,Target,288.36,Savannah GA,Debit Card,513,0
T001037,C0096,2026-02-06,10:45,CVS,178.42,Miami FL,Credit Card,803,0
T001038,C0067,2026-01-25,17:29,Amazon,260.64,Atlanta GA,Debit Card,230,0
T001039,C0019,2026-02-24,10:30,Best Buy,50.66,Savannah GA,Credit Card,469,0
T001040,C0058,2026-03-08,18:55,Target,296.18,Jonesboro GA,Debit Card,570,0
T001041,C0075,2026-03-30,21:46,PetSmart,498.27,Charlotte NC,Debit Card,883,0
T001042,C0021,2026-02-28,10:45,Starbucks,244.96,Miami FL,Credit Card,1081,0
T001043,C0068,2026-01-05,11:35,Target,230.44,Charlotte NC,Credit Card,786,0
T001044,C0016,2026-03-15,15:02,CVS,64.83,Savannah GA,Credit Card,1100,0
T001045,C0020,2026-02-08,15:31,Target,495.55,Jonesboro GA,Debit Card,87,0
T001046,C0019,2026-02-09,15:13,Starbucks,29.08,Miami FL,Debit Card,404,0
T001047,C0095,2026-01-09,07:26,PetSmart,276.03,Atlanta GA,Credit Card,1015,0
T001048,C0074,2026-02-18,21:53,Shell,450.64,Miami FL,Debit Card,1504,0
T001049,C0078,2026-03-27,20:09,Starbucks,382.03,Marietta GA,Debit Card,1804,0
T001050,C0094,2026-02-20,16:34,Publix,196.68,Atlanta GA,Debit Card,123,0
T001051,C0086,2026-01-22,06:36,PetSmart,324.73,Charlotte NC,Debit Card,1320,0
T001052,C0099,2026-01-11,12:39,Shell,323.74,Miami FL,Credit Card,1139,0
T001053,C0074,2026-03-06,06:07,Walmart,376.53,Miami FL,Credit Card,1378,0
T001054,C0069,2026-02-01,20:05,Starbucks,394.44,Atlanta GA,Debit Card,1682,0
T001055,C0069,2026-03-04,06:21,CVS,296.5,Jonesboro GA,Debit Card,925,0
T001056,C0024,2026-01-12,09:06,Best Buy,194.1,Atlanta GA,Debit Card,1139,0
T001057,C0022,2026-01-12,10:19,Shell,131.5,Marietta GA,Credit Card,1980,0
T001058,C0053,2026-01-08,15:24,Starbucks,94.82,Atlanta GA,Debit Card,232,0
T001059,C0041,2026-01-16,07:12,Starbucks,132.68,Savannah GA,Debit Card,520,0
T001060,C0097,2026-03-06,18:07,CVS,249.02,Miami FL,Credit Card,581,0
T001061,C0008,2026-01-04,19:40,Publix,37.4,Savannah GA,Debit Card,508,0
T001062,C0003,2026-03-13,10:19,Shell,126.93,Miami FL,Credit Card,1193,0
T001063,C0053,2026-01-19,17:34,PetSmart,392.53,Atlanta GA,Credit Card,374,0
T001064,C0032,2026-03-01,15:41,Home Depot,25.69,Savannah GA,Debit Card,372,0
T001065,C0001,2026-03-29,18:22,Walmart,300.94,Savannah GA,Debit Card,1755,0
T001066,C0081,2026-03-10,08:19,Amazon,27.51,Miami FL,Debit Card,213,0
T001067,C0051,2026-01-27,22:51,Target,439.75,Marietta GA,Debit Card,681,0
T001068,C0088,2026-02-27,14:15,Publix,489.92,Charlotte NC,Debit Card,1386,0
T001069,C0042,2026-02-12,06:58,Publix,479.7,Marietta GA,Debit Card,1446,0
T001070,C0018,2026-01-02,11:26,Walmart,7.12,Miami FL,Debit Card,1168,0
T001071,C0090,2026-03-25,08:34,PetSmart,394.72,Savannah GA,Credit Card,93,0
T001072,C0086,2026-02-18,17:24,PetSmart,179.73,Charlotte NC,Credit Card,392,0
T001073,C0099,2026-01-25,20:00,Walmart,188.39,Atlanta GA,Debit Card,483,0
T001074,C0096,2026-03-20,15:51,Walmart,99.8,Jonesboro GA,Debit Card,1500,0
T001075,C0029,2026-03-05,12:00,Amazon,23.21,Savannah GA,Debit Card,431,0
T001076,C0082,2026-03-05,11:35,Best Buy,286.71,Atlanta GA,Debit Card,426,0
T001077,C0085,2026-01-17,08:08,CVS,37.35,Charlotte NC,Credit Card,561,0
T001078,C0073,2026-03-28,06:44,Amazon,99.97,Miami FL,Debit Card,1418,0
T001079,C0069,2026-02-24,07:54,CVS,5.97,Jonesboro GA,Debit Card,1952,0
T001080,C0042,2026-03-08,20:31,Best Buy,65.25,Savannah GA,Debit Card,770,0
T001081,C0067,2026-02-23,23:28,Walmart,28.25,Charlotte NC,Credit Card,677,0
T001082,C0001,2026-03-15,06:47,Best Buy,45.5,Marietta GA,Debit Card,492,0
T001083,C0089,2026-02-12,15:04,Best Buy,102.45,Atlanta GA,Credit Card,1312,0
T001084,C0081,2026-01-04,16:53,Target,218.81,Atlanta GA,Debit Card,542,0
T001085,C0032,2026-01-07,16:33,Target,479.61,Savannah GA,Credit Card,1656,0
T001086,C0031,2026-03-22,20:37,Target,383.23,Miami FL,Debit Card,285,0
T001087,C0011,2026-03-30,08:50,Walmart,160.07,Atlanta GA,Debit Card,291,0
T001088,C0008,2026-02-25,08:06,PetSmart,307.32,Atlanta GA,Debit Card,1417,0
T001089,C0008,2026-02-21,09:39,Home Depot,425.72,Atlanta GA,Debit Card,1570,0
T001090,C0053,2026-03-01,19:56,Amazon,229.44,Miami FL,Credit Card,1300,0
T001091,C0080,2026-02-12,12:06,Target,229.77,Jonesboro GA,Credit Card,240,0
T001092,C0002,2026-01-25,10:40,CVS,298.48,Charlotte NC,Credit Card,1072,0
T001093,C0033,2026-02-26,11:15,Publix,363.69,Savannah GA,Debit Card,311,0
T001094,C0006,2026-03-07,17:19,Walmart,294.34,Marietta GA,Debit Card,1225,0
T001095,C0070,2026-02-13,15:23,Starbucks,157.79,Marietta GA,Debit Card,46,0
T001096,C0067,2026-03-06,23:54,CVS,33.37,Charlotte NC,Credit Card,141,0
T001097,C0055,2026-01-26,08:21,Publix,322.07,Marietta GA,Credit Card,417,0
T001098,C0086,2026-02-12,16:39,PetSmart,301.88,Charlotte NC,Debit Card,643,0
T001099,C0054,2026-01-06,21:14,Publix,229.88,Marietta GA,Credit Card,1914,0
T001100,C0001,2026-01-28,13:30,Amazon,235.94,Charlotte NC,Credit Card,1534,0
T001101,C0099,2026-01-24,06:23,Publix,106.63,Charlotte NC,Debit Card,50,0
T001102,C0010,2026-02-26,12:40,Publix,75.49,Atlanta GA,Credit Card,1229,0
T001103,C0098,2026-02-06,11:14,Publix,103.57,Atlanta GA,Credit Card,1843,0
T001104,C0034,2026-01-03,11:53,Starbucks,93.38,Jonesboro GA,Credit Card,566,0
T001105,C0013,2026-01-15,16:59,Walmart,192.57,Charlotte NC,Credit Card,460,0
T001106,C0040,2026-03-26,11:33,PetSmart,405.7,Marietta GA,Debit Card,1666,0
T001107,C0080,2026-01-17,12:12,Best Buy,63.65,Charlotte NC,Credit Card,1120,0
T001108,C0049,2026-02-01,07:48,Publix,488.61,Jonesboro GA,Debit Card,1291,0
T001109,C0076,2026-02-11,13:03,Amazon,395.85,Miami FL,Debit Card,1319,0
T001110,C0036,2026-01-11,21:50,Starbucks,108.57,Miami FL,Debit Card,1388,0
T001111,C0079,2026-03-24,22:23,Target,376.9,Marietta GA,Debit Card,1051,0
T001112,C0067,2026-03-09,21:45,PetSmart,357.68,Marietta GA,Debit Card,1987,0
T001113,C0064,2026-03-16,07:13,PetSmart,320.86,Jonesboro GA,Debit Card,479,0
T001114,C0026,2026-02-24,18:36,PetSmart,113.2,Marietta GA,Debit Card,351,0
T001115,C0048,2026-01-11,15:28,Shell,71.49,Miami FL,Credit Card,1092,0
T001116,C0046,2026-03-21,16:27,Amazon,235.3,Miami FL,Credit Card,953,0
T001117,C0060,2026-02-10,14:24,Best Buy,403.23,Savannah GA,Debit Card,80,0
T001118,C0023,2026-02-15,08:18,PetSmart,324.45,Marietta GA,Debit Card,1755,0
T001119,C0065,2026-01-30,09:07,Home Depot,394.01,Miami FL,Credit Card,176,0
T001120,C0047,2026-03-28,16:16,Walmart,170.21,Miami FL,Credit Card,649,0
T001121,C0096,2026-03-11,14:00,Shell,499.21,Marietta GA,Credit Card,1607,0
T001122,C0039,2026-03-16,06:30,Shell,473.18,Jonesboro GA,Debit Card,1369,0
T001123,C0066,2026-01-27,21:14,Starbucks,117.33,Savannah GA,Credit Card,1086,0
T001124,C0076,2026-01-11,16:54,Home Depot,173.63,Savannah GA,Debit Card,414,0
T001125,C0055,2026-03-13,06:23,Best Buy,227.74,Marietta GA,Debit Card,314,0
T001126,C0074,2026-03-26,17:21,Starbucks,252.4,Jonesboro GA,Credit Card,491,0
T001127,C0054,2026-03-30,23:19,Best Buy,382.61,Charlotte NC,Debit Card,697,0
T001128,C0076,2026-01-20,16:36,Walmart,461.46,Miami FL,Credit Card,1319,0
T001129,C0078,2026-01-27,18:04,CVS,490.19,Miami FL,Debit Card,1124,0
T001130,C0050,2026-02-27,15:05,Amazon,167.78,Savannah GA,Credit Card,381,0
T001131,C0014,2026-03-19,21:01,Home Depot,414.11,Marietta GA,Credit Card,412,0
T001132,C0026,2026-02-07,22:04,Target,106.92,Savannah GA,Debit Card,961,0
T001133,C0008,2026-02-22,18:10,Publix,90.05,Miami FL,Credit Card,256,0
T001134,C0017,2026-02-19,12:08,Home Depot,372.86,Savannah GA,Debit Card,1812,0
T001135,C0027,2026-03-15,15:37,Shell,83.6,Savannah GA,Debit Card,445,0
T001136,C0065,2026-01-19,20:04,PetSmart,8.68,Jonesboro GA,Credit Card,1718,0
T001137,C0052,2026-03-04,20:29,CVS,455.6,Marietta GA,Debit Card,1209,0
T001138,C0006,2026-02-08,18:39,Target,176.66,Jonesboro GA,Debit Card,1716,0
T001139,C0023,2026-02-25,20:24,Best Buy,450.48,Marietta GA,Credit Card,1895,0
T001140,C0085,2026-01-06,13:56,Starbucks,199.81,Charlotte NC,Credit Card,1812,0
T001141,C0021,2026-01-09,12:58,Shell,335.0,Charlotte NC,Debit Card,1040,0
T001142,C0053,2026-01-14,22:49,Home Depot,42.88,Atlanta GA,Debit Card,1626,0
T001143,C0042,2026-03-06,07:29,Best Buy,130.12,Savannah GA,Credit Card,84,0
T001144,C0010,2026-01-25,18:02,PetSmart,374.25,Savannah GA,Debit Card,51,0
T001145,C0033,2026-03-01,21:29,Target,166.92,Charlotte NC,Credit Card,169,0
T001146,C0011,2026-02-26,10:30,Home Depot,358.22,Charlotte NC,Credit Card,1710,0
T001147,C0036,2026-01-23,15:07,Starbucks,305.46,Marietta GA,Credit Card,1124,0
T001148,C0095,2026-01-02,14:09,Best Buy,337.34,Marietta GA,Credit Card,932,0
T001149,C0046,2026-03-10,12:28,Starbucks,446.88,Marietta GA,Credit Card,1456,0
T001150,C0007,2026-02-09,20:03,Home Depot,198.36,Charlotte NC,Credit Card,1255,0
T001151,C0001,2026-02-17,13:12,Walmart,464.77,Savannah GA,Credit Card,217,0
T001152,C0003,2026-01-25,08:14,Best Buy,171.87,Atlanta GA,Credit Card,1993,0
T001153,C0013,2026-03-07,09:52,Starbucks,26.79,Charlotte NC,Credit Card,699,0
T001154,C0042,2026-03-11,18:27,Home Depot,314.21,Charlotte NC,Credit Card,277,0
T001155,C0030,2026-01-02,18:41,Amazon,165.07,Atlanta GA,Debit Card,677,0
T001156,C0002,2026-03-26,14:41,Best Buy,113.95,Marietta GA,Debit Card,1307,0
T001157,C0048,2026-03-18,21:06,Walmart,208.49,Atlanta GA,Credit Card,1489,0
T001158,C0069,2026-03-18,16:40,CVS,479.72,Marietta GA,Debit Card,1456,0
T001159,C0050,2026-03-30,16:54,Starbucks,319.5,Jonesboro GA,Credit Card,1394,0
T001160,C0062,2026-03-16,20:24,Target,306.22,Jonesboro GA,Credit Card,1076,0
T001161,C0082,2026-03-20,09:19,Amazon,120.14,Miami FL,Credit Card,514,0
T001162,C0095,2026-02-17,21:18,Best Buy,34.66,Marietta GA,Credit Card,443,0
T001163,C0020,2026-03-18,20:47,Best Buy,122.84,Marietta GA,Credit Card,1826,0
T001164,C0043,2026-01-06,22:50,Starbucks,323.58,Jonesboro GA,Debit Card,879,0
T001165,C0083,2026-02-12,16:15,Shell,424.23,Atlanta GA,Credit Card,451,0
T001166,C0070,2026-03-31,13:38,Walmart,401.72,Charlotte NC,Credit Card,1817,0
T001167,C0049,2026-01-01,08:55,Home Depot,223.97,Jonesboro GA,Credit Card,1036,0
T001168,C0009,2026-01-17,08:11,Amazon,469.45,Atlanta GA,Credit Card,1243,0
T001169,C0071,2026-03-01,15:10,Amazon,215.99,Marietta GA,Credit Card,1507,0
T001170,C0026,2026-02-08,15:36,Amazon,304.9,Savannah GA,Credit Card,948,0
T001171,C0082,2026-02-16,18:24,Amazon,44.61,Jonesboro GA,Debit Card,373,0
T001172,C0061,2026-03-03,06:48,PetSmart,381.36,Savannah GA,Debit Card,811,0
T001173,C0055,2026-01-23,14:24,Target,278.66,Jonesboro GA,Credit Card,979,0
T001174,C0040,2026-03-03,08:21,PetSmart,283.26,Jonesboro GA,Debit Card,309,0
T001175,C0092,2026-01-01,06:55,PetSmart,458.49,Marietta GA,Credit Card,1055,0
T001176,C0094,2026-02-20,17:24,Publix,463.22,Savannah GA,Debit Card,1032,0
T001177,C0040,2026-01-16,18:59,CVS,443.07,Atlanta GA,Debit Card,1188,0
T001178,C0021,2026-02-14,22:45,Amazon,386.78,Savannah GA,Debit Card,1030,0
T001179,C0082,2026-02-24,13:15,Publix,327.2,Charlotte NC,Credit Card,1008,0
T001180,C0005,2026-03-24,10:16,Publix,350.25,Charlotte NC,Credit Card,1269,0
T001181,C0059,2026-03-26,11:00,Starbucks,303.06,Jonesboro GA,Credit Card,269,0
T001182,C0099,2026-03-17,08:33,Target,201.85,Charlotte NC,Debit Card,1893,0
T001183,C0025,2026-02-08,22:34,Best Buy,130.17,Marietta GA,Debit Card,1378,0
T001184,C0049,2026-01-12,09:40,CVS,377.47,Jonesboro GA,Debit Card,1202,0
T001185,C0100,2026-02-20,15:00,Publix,375.62,Marietta GA,Debit Card,374,0
T001186,C0063,2026-02-23,22:26,Walmart,388.0,Atlanta GA,Credit Card,1370,0
T001187,C0037,2026-01-18,12:31,Best Buy,190.45,Marietta GA,Credit Card,402,0
T001188,C0065,2026-01-08,11:51,Target,96.89,Savannah GA,Credit Card,1584,0
T001189,C0025,2026-03-21,09:55,Shell,315.28,Savannah GA,Debit Card,1333,0
T001190,C0022,2026-02-05,08:21,Target,191.98,Jonesboro GA,Credit Card,90,0
T001191,C0075,2026-01-13,06:03,Amazon,338.04,Savannah GA,Debit Card,574,0
T001192,C0097,2026-03-08,06:24,Walmart,52.94,Charlotte NC,Credit Card,1264,0
T001193,C0067,2026-03-19,19:21,Shell,379.67,Savannah GA,Debit Card,789,0
T001194,C0088,2026-03-27,18:24,Publix,470.79,Jonesboro GA,Credit Card,1280,0
T001195,C0008,2026-03-31,18:46,Publix,6.53,Jonesboro GA,Credit Card,1740,0
T001196,C0018,2026-02-05,13:23,Walmart,435.16,Miami FL,Credit Card,955,0
T001197,C0080,2026-01-01,16:01,PetSmart,331.81,Miami FL,Debit Card,1327,0
T001198,C0047,2026-01-30,21:25,Walmart,340.58,Charlotte NC,Debit Card,1543,0
T001199,C0079,2026-03-02,09:46,Target,469.85,Jonesboro GA,Debit Card,818,0
T001200,C0038,2026-03-15,22:02,CVS,435.58,Marietta GA,Credit Card,291,0
T001201,C0064,2026-02-27,09:30,Target,88.19,Jonesboro GA,Debit Card,1387,0
T001202,C0070,2026-03-26,08:06,Amazon,89.36,Marietta GA,Credit Card,920,0
T001203,C0092,2026-02-05,13:46,Walmart,451.81,Marietta GA,Debit Card,557,0
T001204,C0086,2026-03-10,21:05,PetSmart,334.41,Charlotte NC,Credit Card,1659,0
T001205,C0089,2026-02-18,18:41,Publix,323.77,Marietta GA,Credit Card,1345,0
T001206,C0072,2026-02-07,08:07,Best Buy,133.25,Marietta GA,Credit Card,212,0
T001207,C0044,2026-01-17,16:24,CVS,288.56,Marietta GA,Credit Card,1211,0
T001208,C0095,2026-01-25,18:27,Walmart,297.08,Jonesboro GA,Credit Card,684,0
T001209,C0099,2026-03-19,13:06,Publix,262.28,Charlotte NC,Credit Card,839,0
T001210,C0002,2026-02-07,13:31,Home Depot,76.63,Savannah GA,Debit Card,1422,0
T001211,C0059,2026-03-27,07:38,Starbucks,77.21,Miami FL,Debit Card,685,0
T001212,C0040,2026-03-15,21:40,Home Depot,140.36,Charlotte NC,Credit Card,1727,0
T001213,C0028,2026-02-12,10:52,PetSmart,34.11,Jonesboro GA,Debit Card,1497,0
T001214,C0027,2026-01-23,21:46,Amazon,461.96,Charlotte NC,Credit Card,832,0
T001215,C0039,2026-03-28,21:22,Starbucks,172.02,Atlanta GA,Debit Card,1581,0
T001216,C0051,2026-01-25,23:25,Best Buy,144.77,Atlanta GA,Debit Card,229,0
T001217,C0017,2026-02-08,20:41,Publix,425.66,Miami FL,Credit Card,365,0
T001218,C0074,2026-01-19,12:13,Starbucks,149.09,Savannah GA,Debit Card,1677,0
T001219,C0096,2026-03-15,09:43,Amazon,184.3,Charlotte NC,Credit Card,1638,0
T001220,C0019,2026-01-13,17:30,Best Buy,463.36,Savannah GA,Credit Card,397,0
T001221,C0007,2026-01-20,18:15,Target,298.73,Miami FL,Debit Card,99,0
T001222,C0016,2026-03-18,11:41,Amazon,154.83,Savannah GA,Debit Card,1556,0
T001223,C0049,2026-03-25,20:23,Target,141.23,Savannah GA,Debit Card,53,0
T001224,C0016,2026-03-27,22:14,Target,247.16,Atlanta GA,Credit Card,77,0
T001225,C0076,2026-01-13,11:24,CVS,140.49,Miami FL,Debit Card,1021,0
T001226,C0083,2026-01-09,23:11,Best Buy,54.22,Jonesboro GA,Credit Card,860,0
T001227,C0090,2026-03-16,23:45,Walmart,36.65,Savannah GA,Debit Card,1706,0
T001228,C0084,2026-03-18,11:00,Target,94.43,Marietta GA,Credit Card,1166,0
T001229,C0058,2026-01-27,11:05,Publix,68.76,Atlanta GA,Credit Card,1181,0
T001230,C0033,2026-02-16,23:10,Walmart,255.54,Atlanta GA,Credit Card,896,0
T001231,C0085,2026-03-08,15:42,Walmart,27.85,Marietta GA,Debit Card,1123,0
T001232,C0057,2026-03-08,17:38,Starbucks,349.08,Miami FL,Debit Card,1132,0
T001233,C0066,2026-01-06,13:02,Amazon,333.0,Charlotte NC,Credit Card,415,0
T001234,C0019,2026-01-28,17:17,Shell,303.06,Marietta GA,Credit Card,293,0
T001235,C0094,2026-02-03,18:41,CVS,277.18,Savannah GA,Credit Card,1880,0
T001236,C0021,2026-03-28,19:44,Best Buy,472.65,Savannah GA,Credit Card,323,0
T001237,C0069,2026-03-31,12:45,Amazon,497.7,Atlanta GA,Debit Card,792,0
T001238,C0073,2026-01-20,16:50,Home Depot,212.74,Miami FL,Credit Card,918,0
T001239,C0049,2026-01-16,23:07,Walmart,43.37,Miami FL,Credit Card,1430,0
T001240,C0071,2026-02-16,16:49,Best Buy,321.89,Atlanta GA,Debit Card,589,0
T001241,C0019,2026-01-29,18:06,Amazon,53.48,Jonesboro GA,Credit Card,1633,0
T001242,C0016,2026-03-04,09:33,Starbucks,296.47,Miami FL,Debit Card,744,0
T001243,C0090,2026-01-07,11:20,CVS,305.7,Jonesboro GA,Debit Card,1968,0
T001244,C0097,2026-03-28,23:35,Best Buy,404.01,Marietta GA,Debit Card,1247,0
T001245,C0052,2026-03-29,22:45,PetSmart,133.24,Miami FL,Credit Card,348,0
T001246,C0085,2026-02-04,07:58,Starbucks,285.94,Marietta GA,Debit Card,1515,0
T001247,C0082,2026-02-23,20:11,Publix,340.72,Charlotte NC,Credit Card,928,0
T001248,C0046,2026-02-24,22:45,PetSmart,141.53,Miami FL,Debit Card,1835,0
T001249,C0030,2026-02-22,16:54,Shell,473.99,Charlotte NC,Credit Card,214,0
T001250,C0082,2026-01-22,07:05,Target,472.71,Atlanta GA,Credit Card,1552,0
T001251,C0037,2026-02-24,22:59,Home Depot,481.27,Savannah GA,Credit Card,1526,0
T001252,C0018,2026-03-20,12:58,PetSmart,205.71,Savannah GA,Credit Card,1732,0
T001253,C0096,2026-02-14,13:47,Walmart,352.78,Charlotte NC,Debit Card,1384,0
T001254,C0068,2026-03-28,22:57,CVS,482.5,Atlanta GA,Debit Card,490,0
T001255,C0023,2026-01-07,19:31,Target,259.27,Jonesboro GA,Credit Card,806,0
T001256,C0022,2026-02-01,23:54,Publix,457.45,Atlanta GA,Debit Card,1599,0
T001257,C0016,2026-01-28,06:47,Shell,150.3,Jonesboro GA,Debit Card,1322,0
T001258,C0073,2026-03-24,22:52,Best Buy,464.91,Marietta GA,Debit Card,1859,0
T001259,C0005,2026-01-01,20:21,PetSmart,33.46,Miami FL,Debit Card,641,0
T001260,C0046,2026-01-24,18:22,Target,445.65,Atlanta GA,Debit Card,48,0
T001261,C0013,2026-03-07,10:26,Best Buy,46.95,Savannah GA,Credit Card,283,0
T001262,C0063,2026-02-20,17:19,Walmart,116.92,Marietta GA,Debit Card,776,0
T001263,C0055,2026-02-26,20:10,Starbucks,58.8,Miami FL,Debit Card,316,0
T001264,C0046,2026-01-26,09:12,Best Buy,442.37,Atlanta GA,Debit Card,613,0
T001265,C0006,2026-01-05,11:42,Starbucks,373.24,Savannah GA,Debit Card,437,0
T001266,C0062,2026-03-05,10:20,Shell,247.09,Atlanta GA,Debit Card,1568,0
T001267,C0098,2026-01-14,06:08,Best Buy,70.05,Miami FL,Debit Card,348,0
T001268,C0045,2026-02-13,19:38,Home Depot,30.76,Atlanta GA,Credit Card,1540,0
T001269,C0002,2026-01-11,19:15,Best Buy,144.7,Savannah GA,Debit Card,1294,0
T001270,C0020,2026-01-15,14:44,Home Depot,144.16,Marietta GA,Credit Card,536,0
T001271,C0086,2026-01-14,22:39,Best Buy,354.7,Marietta GA,Debit Card,401,0
T001272,C0025,2026-01-17,18:02,CVS,118.55,Charlotte NC,Credit Card,590,0
T001273,C0025,2026-01-12,07:24,Starbucks,310.15,Savannah GA,Credit Card,864,0
T001274,C0068,2026-02-24,21:03,Shell,114.78,Charlotte NC,Credit Card,1074,0
T001275,C0055,2026-02-05,17:45,Walmart,138.28,Jonesboro GA,Credit Card,886,0
T001276,C0032,2026-01-07,16:13,Publix,25.24,Atlanta GA,Credit Card,614,0
T001277,C0061,2026-02-02,21:23,Shell,218.3,Miami FL,Credit Card,714,0
T001278,C0039,2026-01-17,16:23,Target,343.07,Atlanta GA,Credit Card,1548,0
T001279,C0047,2026-02-05,12:37,CVS,122.93,Miami FL,Debit Card,816,0
T001280,C0012,2026-03-25,12:12,Target,25.31,Marietta GA,Credit Card,1473,0
T001281,C0058,2026-03-02,12:34,Target,154.23,Atlanta GA,Debit Card,1506,0
T001282,C0020,2026-02-02,23:22,Walmart,212.02,Marietta GA,Credit Card,1862,0
T001283,C0047,2026-01-09,21:26,PetSmart,455.87,Charlotte NC,Credit Card,1102,0
T001284,C0065,2026-01-17,15:02,Walmart,349.87,Marietta GA,Debit Card,1987,0
T001285,C0073,2026-02-20,21:43,Walmart,371.65,Charlotte NC,Credit Card,1120,0
T001286,C0066,2026-02-19,23:49,Target,376.61,Marietta GA,Debit Card,829,0
T001287,C0052,2026-01-21,12:37,CVS,96.11,Jonesboro GA,Credit Card,1456,0
T001288,C0002,2026-01-29,15:45,Home Depot,155.19,Savannah GA,Debit Card,579,0
T001289,C0071,2026-01-31,15:02,Target,27.58,Marietta GA,Credit Card,1339,0
T001290,C0019,2026-01-07,13:52,Shell,437.32,Marietta GA,Debit Card,460,0
T001291,C0069,2026-02-17,16:05,Target,318.18,Atlanta GA,Debit Card,1968,0
T001292,C0091,2026-03-20,15:20,Home Depot,207.13,Jonesboro GA,Credit Card,147,0
T001293,C0081,2026-02-05,11:16,Walmart,366.59,Jonesboro GA,Credit Card,62,0
T001294,C0069,2026-02-02,23:13,CVS,473.1,Atlanta GA,Debit Card,1702,0
T001295,C0057,2026-03-22,18:09,Amazon,105.94,Jonesboro GA,Debit Card,943,0
T001296,C0030,2026-01-12,21:11,Best Buy,451.57,Jonesboro GA,Credit Card,970,0
T001297,C0024,2026-01-24,15:01,Starbucks,471.96,Marietta GA,Debit Card,665,0
T001298,C0021,2026-01-10,19:15,Starbucks,39.38,Savannah GA,Credit Card,961,0
T001299,C0083,2026-01-02,09:24,Best Buy,364.75,Atlanta GA,Credit Card,816,0
T001300,C0003,2026-01-11,14:09,Target,70.43,Atlanta GA,Credit Card,1952,0
T001301,C0081,2026-01-14,23:47,CVS,479.02,Atlanta GA,Credit Card,1705,0
T001302,C0044,2026-03-14,20:52,Target,242.81,Marietta GA,Credit Card,364,0
T001303,C0040,2026-03-11,14:40,Publix,125.69,Savannah GA,Credit Card,1143,0
T001304,C0016,2026-01-14,22:56,Walmart,274.6,Atlanta GA,Credit Card,1743,0
T001305,C0054,2026-02-24,18:09,Starbucks,16.88,Atlanta GA,Credit Card,753,0
T001306,C0084,2026-01-15,21:10,Shell,344.95,Marietta GA,Debit Card,255,0
T001307,C0029,2026-02-12,09:23,Target,42.76,Jonesboro GA,Debit Card,1920,0
T001308,C0011,2026-03-09,16:38,Walmart,93.14,Miami FL,Credit Card,401,0
T001309,C0087,2026-02-06,17:56,Best Buy,314.26,Marietta GA,Debit Card,242,0
T001310,C0035,2026-01-10,06:55,PetSmart,466.78,Charlotte NC,Debit Card,1940,0
T001311,C0020,2026-03-03,08:07,Starbucks,198.35,Jonesboro GA,Credit Card,1213,0
T001312,C0055,2026-01-17,11:49,Shell,164.91,Marietta GA,Credit Card,818,0
T001313,C0046,2026-02-22,16:08,Publix,243.24,Savannah GA,Debit Card,1672,0
T001314,C0084,2026-03-10,23:31,Amazon,276.92,Savannah GA,Debit Card,1120,0
T001315,C0069,2026-02-23,22:36,Amazon,292.58,Savannah GA,Credit Card,1620,0
T001316,C0089,2026-01-01,12:54,Amazon,121.42,Charlotte NC,Credit Card,65,0
T001317,C0047,2026-01-08,17:23,Home Depot,460.85,Savannah GA,Credit Card,1768,0
T001318,C0100,2026-03-12,19:15,Starbucks,76.35,Jonesboro GA,Debit Card,461,0
T001319,C0029,2026-03-31,10:24,Walmart,63.03,Charlotte NC,Credit Card,1531,0
T001320,C0004,2026-03-26,08:30,Best Buy,352.19,Jonesboro GA,Credit Card,1745,0
T001321,C0077,2026-01-11,13:04,Starbucks,185.8,Atlanta GA,Credit Card,55,0
T001322,C0073,2026-01-18,22:44,Best Buy,237.53,Marietta GA,Credit Card,1973,0
T001323,C0039,2026-03-24,06:18,PetSmart,224.77,Savannah GA,Debit Card,257,0
T001324,C0020,2026-01-23,22:10,Walmart,304.07,Charlotte NC,Credit Card,52,0
T001325,C0051,2026-02-03,22:19,Best Buy,279.31,Charlotte NC,Debit Card,1482,0
T001326,C0030,2026-03-08,18:08,Best Buy,486.7,Marietta GA,Debit Card,1551,0
T001327,C0028,2026-01-24,23:38,Best Buy,113.36,Miami FL,Credit Card,1753,0
T001328,C0010,2026-02-21,18:10,PetSmart,328.09,Savannah GA,Debit Card,141,0
T001329,C0048,2026-01-10,17:38,Best Buy,58.66,Marietta GA,Debit Card,1624,0
T001330,C0043,2026-01-14,08:13,Walmart,85.57,Marietta GA,Debit Card,1252,0
T001331,C0002,2026-01-05,13:17,Shell,321.0,Marietta GA,Credit Card,204,0
T001332,C0073,2026-02-10,08:19,CVS,27.61,Atlanta GA,Debit Card,47,0
T001333,C0046,2026-02-20,17:08,Shell,160.66,Savannah GA,Credit Card,1469,0
T001334,C0087,2026-03-06,09:32,Target,448.77,Jonesboro GA,Debit Card,1683,0
T001335,C0100,2026-01-05,15:10,Starbucks,241.09,Atlanta GA,Debit Card,340,0
T001336,C0088,2026-01-30,12:51,PetSmart,476.65,Atlanta GA,Credit Card,1425,0
T001337,C0084,2026-03-06,22:46,Starbucks,496.74,Charlotte NC,Credit Card,1276,0
T001338,C0084,2026-02-13,15:23,Home Depot,393.75,Jonesboro GA,Debit Card,1306,0
T001339,C0056,2026-03-20,08:09,Walmart,123.36,Charlotte NC,Debit Card,1191,0
T001340,C0081,2026-02-09,23:55,PetSmart,75.6,Atlanta GA,Credit Card,1663,0
T001341,C0012,2026-02-07,11:04,PetSmart,160.29,Atlanta GA,Debit Card,603,0
T001342,C0074,2026-02-28,14:30,Publix,40.21,Jonesboro GA,Credit Card,554,0
T001343,C0098,2026-03-14,21:02,PetSmart,470.22,Charlotte NC,Credit Card,774,0
T001344,C0037,2026-03-07,16:23,Best Buy,223.21,Savannah GA,Credit Card,200,0
T001345,C0088,2026-03-29,07:39,Best Buy,135.1,Miami FL,Debit Card,1348,0
T001346,C0008,2026-01-14,15:24,Amazon,81.51,Charlotte NC,Credit Card,354,0
T001347,C0073,2026-03-01,08:22,Best Buy,197.17,Atlanta GA,Credit Card,984,0
T001348,C0060,2026-01-14,18:49,Home Depot,47.48,Savannah GA,Credit Card,917,0
T001349,C0026,2026-03-19,21:13,Best Buy,162.06,Jonesboro GA,Credit Card,1468,0
T001350,C0095,2026-03-11,10:30,PetSmart,230.02,Atlanta GA,Debit Card,328,0
T001351,C0082,2026-02-18,07:59,Amazon,493.97,Jonesboro GA,Credit Card,1685,0
T001352,C0047,2026-01-03,19:17,Best Buy,31.77,Savannah GA,Credit Card,546,0
T001353,C0082,2026-02-21,08:19,Starbucks,39.28,Atlanta GA,Credit Card,1819,0
T001354,C0092,2026-02-03,11:53,PetSmart,336.47,Savannah GA,Credit Card,140,0
T001355,C0012,2026-02-14,19:30,Best Buy,86.44,Jonesboro GA,Debit Card,1003,0
T001356,C0069,2026-03-30,18:52,Starbucks,180.57,Charlotte NC,Debit Card,50,0
T001357,C0072,2026-03-16,10:20,CVS,362.75,Marietta GA,Credit Card,1390,0
T001358,C0094,2026-01-19,21:55,Publix,448.77,Atlanta GA,Credit Card,678,0
T001359,C0015,2026-01-17,20:40,Best Buy,494.18,Jonesboro GA,Credit Card,1214,0
T001360,C0013,2026-03-11,11:38,Walmart,212.99,Marietta GA,Credit Card,803,0
T001361,C0028,2026-03-15,06:23,Publix,486.01,Marietta GA,Credit Card,1696,0
T001362,C0047,2026-01-16,21:41,Walmart,253.53,Jonesboro GA,Debit Card,963,0
T001363,C0053,2026-02-24,22:48,Best Buy,414.95,Jonesboro GA,Debit Card,717,0
T001364,C0015,2026-03-12,11:34,Starbucks,189.7,Savannah GA,Debit Card,922,0
T001365,C0049,2026-03-31,09:05,Shell,318.88,Charlotte NC,Debit Card,1680,0
T001366,C0014,2026-02-22,09:31,Target,310.05,Charlotte NC,Credit Card,1565,0
T001367,C0097,2026-03-06,07:42,CVS,318.59,Miami FL,Credit Card,623,0
T001368,C0054,2026-01-15,12:54,Amazon,278.04,Marietta GA,Debit Card,991,0
T001369,C0016,2026-03-24,18:00,Publix,454.46,Savannah GA,Debit Card,1954,0
T001370,C0048,2026-03-26,14:19,Amazon,137.47,Miami FL,Debit Card,1747,0
T001371,C0054,2026-01-04,10:50,Amazon,21.17,Atlanta GA,Debit Card,796,0
T001372,C0067,2026-03-15,19:15,CVS,89.35,Jonesboro GA,Debit Card,1168,0
T001373,C0051,2026-03-15,19:08,Amazon,415.13,Miami FL,Debit Card,1953,0
T001374,C0082,2026-02-10,22:10,Best Buy,204.54,Charlotte NC,Credit Card,925,0
T001375,C0030,2026-03-22,18:53,Target,254.61,Charlotte NC,Credit Card,1590,0
T001376,C0081,2026-01-27,08:05,Shell,474.61,Miami FL,Credit Card,82,0
T001377,C0056,2026-03-11,08:36,Walmart,18.77,Charlotte NC,Credit Card,813,0
T001378,C0004,2026-03-25,13:19,Starbucks,97.34,Savannah GA,Debit Card,426,0
T001379,C0069,2026-03-26,07:17,Amazon,386.34,Charlotte NC,Debit Card,199,0
T001380,C0019,2026-03-18,09:06,Walmart,59.91,Charlotte NC,Credit Card,320,0
T001381,C0037,2026-02-16,12:25,Shell,43.3,Marietta GA,Credit Card,236,0
T001382,C0063,2026-03-22,08:13,Walmart,245.83,Savannah GA,Credit Card,1437,0
T001383,C0054,2026-01-24,15:00,Best Buy,405.23,Jonesboro GA,Debit Card,1880,0
T001384,C0023,2026-02-13,17:30,CVS,63.02,Charlotte NC,Credit Card,1287,0
T001385,C0077,2026-02-02,09:12,Home Depot,263.27,Atlanta GA,Credit Card,1271,0
T001386,C0004,2026-02-16,09:57,Home Depot,112.07,Atlanta GA,Credit Card,474,0
T001387,C0004,2026-03-30,10:17,Publix,46.3,Marietta GA,Credit Card,590,0
T001388,C0062,2026-03-25,15:29,Amazon,355.5,Atlanta GA,Debit Card,1556,0
T001389,C0064,2026-02-02,11:12,Best Buy,461.56,Miami FL,Debit Card,1437,0
T001390,C0092,2026-03-17,15:10,Shell,293.91,Savannah GA,Credit Card,1656,0
T001391,C0027,2026-02-04,16:39,PetSmart,214.75,Savannah GA,Debit Card,250,0
T001392,C0078,2026-02-17,08:28,Best Buy,285.74,Savannah GA,Credit Card,372,0
T001393,C0005,2026-03-24,22:22,Home Depot,150.27,Jonesboro GA,Debit Card,845,0
T001394,C0004,2026-01-24,17:15,Target,217.55,Marietta GA,Debit Card,178,0
T001395,C0028,2026-01-16,06:20,Publix,390.86,Jonesboro GA,Credit Card,1439,0
T001396,C0002,2026-02-11,13:35,Publix,285.9,Marietta GA,Debit Card,165,0
T001397,C0050,2026-01-14,23:17,Shell,265.99,Miami FL,Credit Card,1496,0
T001398,C0078,2026-02-25,16:52,Target,342.66,Miami FL,Debit Card,685,0
T001399,C0026,2026-02-05,19:07,Amazon,251.83,Atlanta GA,Debit Card,284,0
T001400,C0058,2026-01-31,06:18,Starbucks,297.63,Miami FL,Debit Card,66,0
T001401,C0083,2026-02-21,07:57,CVS,145.76,Atlanta GA,Debit Card,1122,0
T001402,C0068,2026-01-13,19:46,Walmart,39.38,Jonesboro GA,Credit Card,646,0
T001403,C0036,2026-02-10,21:39,Publix,44.48,Jonesboro GA,Debit Card,126,0
T001404,C0051,2026-03-24,09:53,Shell,249.2,Charlotte NC,Debit Card,795,0
T001405,C0080,2026-01-02,10:06,Target,28.68,Atlanta GA,Credit Card,691,0
T001406,C0089,2026-02-17,23:00,Best Buy,48.57,Marietta GA,Credit Card,1943,0
T001407,C0089,2026-02-08,08:16,Walmart,59.85,Jonesboro GA,Credit Card,704,0
T001408,C0089,2026-01-18,20:07,CVS,350.84,Savannah GA,Debit Card,288,0
T001409,C0041,2026-03-27,09:33,Starbucks,320.27,Miami FL,Debit Card,1110,0
T001410,C0031,2026-02-11,21:14,CVS,488.29,Savannah GA,Debit Card,218,0
T001411,C0034,2026-02-01,12:44,Shell,179.74,Charlotte NC,Credit Card,189,0
T001412,C0010,2026-01-28,20:52,PetSmart,11.5,Atlanta GA,Credit Card,818,0
T001413,C0025,2026-03-17,22:32,PetSmart,108.29,Atlanta GA,Debit Card,1788,0
T001414,C0041,2026-03-06,09:58,Shell,329.37,Charlotte NC,Debit Card,296,0
T001415,C0029,2026-03-07,12:49,Publix,434.59,Savannah GA,Debit Card,849,0
T001416,C0025,2026-02-09,09:09,Target,86.28,Jonesboro GA,Debit Card,974,0
T001417,C0014,2026-01-24,14:01,Target,447.58,Marietta GA,Credit Card,1005,0
T001418,C0085,2026-03-12,08:22,Home Depot,136.46,Savannah GA,Debit Card,913,0
T001419,C0028,2026-01-07,20:17,Starbucks,256.42,Savannah GA,Debit Card,787,0
T001420,C0013,2026-02-24,12:18,Walmart,367.34,Charlotte NC,Debit Card,417,0
T001421,C0052,2026-03-05,22:27,Starbucks,267.13,Miami FL,Debit Card,253,0
T001422,C0088,2026-01-29,09:03,Walmart,479.69,Charlotte NC,Credit Card,1863,0
T001423,C0005,2026-01-13,14:14,CVS,37.59,Jonesboro GA,Credit Card,1837,0
T001424,C0080,2026-03-30,14:31,Best Buy,55.15,Savannah GA,Debit Card,451,0
T001425,C0022,2026-02-06,06:06,Amazon,354.4,Jonesboro GA,Debit Card,409,0
T001426,C0065,2026-03-30,13:10,CVS,427.02,Savannah GA,Debit Card,675,0
T001427,C0088,2026-02-28,10:00,Target,169.42,Marietta GA,Credit Card,1394,0
T001428,C0061,2026-02-03,08:10,Best Buy,92.87,Jonesboro GA,Credit Card,1421,0
T001429,C0098,2026-03-16,06:31,Walmart,484.92,Miami FL,Debit Card,1818,0
T001430,C0032,2026-03-14,15:53,PetSmart,410.37,Atlanta GA,Credit Card,497,0
T001431,C0068,2026-01-13,15:51,Home Depot,388.75,Marietta GA,Credit Card,1537,0
T001432,C0043,2026-02-02,21:16,PetSmart,494.95,Savannah GA,Debit Card,776,0
T001433,C0059,2026-03-08,21:07,Walmart,356.53,Jonesboro GA,Debit Card,582,0
T001434,C0088,2026-02-22,13:42,Home Depot,78.21,Charlotte NC,Credit Card,320,0
T001435,C0046,2026-03-31,19:23,PetSmart,290.9,Atlanta GA,Credit Card,452,0
T001436,C0096,2026-02-05,23:57,Target,321.17,Marietta GA,Debit Card,1898,0
T001437,C0058,2026-02-14,16:25,Home Depot,455.61,Marietta GA,Debit Card,1236,0
T001438,C0054,2026-03-08,16:53,Shell,25.34,Jonesboro GA,Credit Card,1284,0
T001439,C0016,2026-01-02,21:59,Best Buy,147.76,Savannah GA,Debit Card,1433,0
T001440,C0019,2026-02-07,23:42,PetSmart,263.98,Charlotte NC,Credit Card,363,0
T001441,C0039,2026-01-02,20:02,PetSmart,400.89,Jonesboro GA,Credit Card,475,0
T001442,C0037,2026-01-01,19:22,CVS,246.74,Atlanta GA,Credit Card,1382,0
T001443,C0001,2026-02-06,22:42,Walmart,178.36,Jonesboro GA,Credit Card,1993,0
T001444,C0099,2026-01-19,12:27,Home Depot,358.03,Marietta GA,Credit Card,1228,0
T001445,C0011,2026-02-15,13:51,Shell,239.22,Marietta GA,Credit Card,1419,0
T001446,C0082,2026-01-13,14:58,Best Buy,483.62,Savannah GA,Debit Card,648,0
T001447,C0077,2026-02-11,10:43,Shell,341.07,Marietta GA,Debit Card,1602,0
T001448,C0026,2026-02-08,15:05,Shell,279.37,Marietta GA,Debit Card,638,0
T001449,C0073,2026-02-25,09:08,PetSmart,191.1,Miami FL,Credit Card,1108,0
T001450,C0057,2026-02-24,20:26,Publix,236.85,Miami FL,Debit Card,1999,0
T001451,C0053,2026-02-23,08:48,PetSmart,478.96,Atlanta GA,Credit Card,317,0
T001452,C0079,2026-03-11,15:03,Shell,68.0,Marietta GA,Debit Card,1576,0
T001453,C0051,2026-03-08,20:53,Starbucks,234.09,Savannah GA,Credit Card,141,0
T001454,C0011,2026-01-13,15:36,Walmart,170.07,Jonesboro GA,Credit Card,1016,0
T001455,C0089,2026-03-28,22:47,Publix,371.53,Atlanta GA,Credit Card,1498,0
T001456,C0007,2026-03-05,10:14,Amazon,283.21,Miami FL,Credit Card,1863,0
T001457,C0087,2026-01-01,21:39,Starbucks,360.98,Jonesboro GA,Debit Card,1438,0
T001458,C0026,2026-01-16,22:06,Target,80.75,Atlanta GA,Credit Card,536,0
T001459,C0027,2026-02-26,18:03,Target,417.2,Savannah GA,Credit Card,1926,0
T001460,C0016,2026-01-31,23:16,Shell,491.43,Savannah GA,Debit Card,1712,0
T001461,C0079,2026-03-23,06:11,PetSmart,219.02,Charlotte NC,Credit Card,320,0
T001462,C0096,2026-02-07,15:42,Amazon,240.7,Marietta GA,Credit Card,234,0
T001463,C0076,2026-03-31,09:29,PetSmart,198.64,Jonesboro GA,Debit Card,883,0
T001464,C0055,2026-03-14,18:00,Starbucks,231.26,Atlanta GA,Debit Card,1218,0
T001465,C0039,2026-02-15,10:29,Walmart,26.1,Charlotte NC,Debit Card,1837,0
T001466,C0093,2026-02-15,22:54,PetSmart,490.97,Jonesboro GA,Credit Card,1793,0
T001467,C0065,2026-01-23,10:22,Amazon,258.96,Jonesboro GA,Debit Card,1373,0
T001468,C0093,2026-01-18,14:50,CVS,359.02,Jonesboro GA,Debit Card,1591,0
T001469,C0085,2026-03-24,21:24,Shell,458.5,Savannah GA,Credit Card,996,0
T001470,C0078,2026-02-11,17:37,Starbucks,69.06,Miami FL,Debit Card,1294,0
T001471,C0052,2026-01-21,13:06,Target,426.76,Atlanta GA,Credit Card,1392,0
T001472,C0014,2026-01-30,13:06,PetSmart,165.21,Charlotte NC,Debit Card,1872,0
T001473,C0023,2026-02-02,09:02,Best Buy,35.65,Savannah GA,Credit Card,1764,0
T001474,C0096,2026-01-04,11:20,Target,305.23,Savannah GA,Debit Card,250,0
T001475,C0090,2026-03-15,23:12,PetSmart,494.49,Savannah GA,Credit Card,430,0
T001476,C0033,2026-01-21,19:52,PetSmart,116.62,Savannah GA,Debit Card,1112,0
T001477,C0025,2026-03-27,09:13,Target,316.41,Miami FL,Credit Card,98,0
T001478,C0018,2026-01-10,16:11,Walmart,286.31,Jonesboro GA,Debit Card,1427,0
T001479,C0094,2026-03-15,21:32,Home Depot,417.04,Savannah GA,Credit Card,751,0
T001480,C0046,2026-02-26,19:40,CVS,401.79,Miami FL,Credit Card,800,0
T001481,C0010,2026-02-08,09:07,CVS,392.28,Atlanta GA,Credit Card,1051,0
T001482,C0030,2026-02-07,14:24,Walmart,16.16,Miami FL,Debit Card,1470,0
T001483,C0046,2026-03-15,13:54,Target,42.01,Marietta GA,Debit Card,1090,0
T001484,C0079,2026-03-11,09:37,Home Depot,311.23,Jonesboro GA,Debit Card,994,0
T001485,C0034,2026-01-26,16:56,Walmart,213.6,Atlanta GA,Debit Card,1596,0
T001486,C0008,2026-03-26,07:15,Starbucks,462.47,Marietta GA,Debit Card,1040,0
T001487,C0010,2026-01-10,19:38,CVS,176.19,Miami FL,Credit Card,1544,0
T001488,C0079,2026-02-04,07:06,Target,473.57,Miami FL,Debit Card,102,0
T001489,C0064,2026-02-08,13:01,Home Depot,218.6,Marietta GA,Debit Card,1937,0
T001490,C0008,2026-01-03,23:30,Walmart,342.56,Marietta GA,Debit Card,136,0
T001491,C0050,2026-02-24,23:08,Best Buy,217.71,Charlotte NC,Credit Card,266,0
T001492,C0057,2026-02-13,19:58,Target,179.14,Miami FL,Debit Card,148,0
T001493,C0031,2026-03-10,07:51,Amazon,117.43,Atlanta GA,Credit Card,60,0
T001494,C0093,2026-02-26,11:18,Amazon,33.04,Atlanta GA,Credit Card,119,0
T001495,C0041,2026-01-17,18:30,Publix,499.05,Miami FL,Credit Card,1376,0
T001496,C0016,2026-01-27,21:45,Target,469.49,Atlanta GA,Debit Card,1535,0
T001497,C0046,2026-03-12,15:55,Amazon,471.01,Savannah GA,Debit Card,1368,0
T001498,C0032,2026-03-06,09:03,Home Depot,350.4,Jonesboro GA,Debit Card,739,0
T001499,C0053,2026-01-18,22:14,CVS,43.83,Savannah GA,Debit Card,654,0
T001500,C0095,2026-01-19,07:15,Home Depot,189.33,Marietta GA,Credit Card,1460,0
T001501,C0057,2026-01-05,14:17,PetSmart,251.96,Atlanta GA,Credit Card,1234,0
T001502,C0050,2026-03-20,18:31,Shell,143.15,Atlanta GA,Credit Card,68,0
T001503,C0049,2026-02-18,11:42,Best Buy,116.1,Savannah GA,Credit Card,912,0
T001504,C0069,2026-02-14,06:58,Walmart,20.5,Charlotte NC,Debit Card,1276,0
T001505,C0097,2026-02-13,19:55,Publix,379.84,Jonesboro GA,Credit Card,905,0
T001506,C0094,2026-03-28,15:54,Walmart,476.47,Atlanta GA,Debit Card,1950,0
T001507,C0069,2026-02-18,20:47,PetSmart,85.46,Savannah GA,Debit Card,1923,0
T001508,C0031,2026-02-05,08:15,Starbucks,400.8,Atlanta GA,Debit Card,1609,0
T001509,C0070,2026-02-05,17:17,Shell,24.11,Jonesboro GA,Debit Card,1380,0
T001510,C0033,2026-03-26,16:53,CVS,156.91,Atlanta GA,Credit Card,571,0
T001511,C0023,2026-03-01,07:22,PetSmart,222.76,Savannah GA,Credit Card,1013,0
T001512,C0082,2026-01-11,14:57,Home Depot,34.0,Marietta GA,Debit Card,1279,0
T001513,C0071,2026-02-05,14:55,Publix,94.0,Atlanta GA,Debit Card,1043,0
T001514,C0017,2026-03-21,07:14,Amazon,77.72,Charlotte NC,Credit Card,264,0
T001515,C0084,2026-01-06,23:45,Walmart,292.05,Marietta GA,Debit Card,496,0
T001516,C0008,2026-02-15,23:45,Shell,340.8,Jonesboro GA,Credit Card,121,0
T001517,C0077,2026-02-26,09:32,Amazon,43.35,Jonesboro GA,Credit Card,188,0
T001518,C0031,2026-03-29,19:04,Amazon,415.42,Jonesboro GA,Debit Card,1344,0
T001519,C0055,2026-02-16,16:26,Shell,166.64,Marietta GA,Credit Card,1867,0
T001520,C0084,2026-01-21,17:02,Publix,312.85,Savannah GA,Debit Card,625,0
T001521,C0020,2026-02-10,22:45,CVS,306.47,Atlanta GA,Credit Card,1629,0
T001522,C0095,2026-02-18,07:42,Home Depot,470.27,Miami FL,Debit Card,1517,0
T001523,C0020,2026-01-29,22:36,Best Buy,477.81,Charlotte NC,Credit Card,1320,0
T001524,C0071,2026-03-09,07:38,Best Buy,424.56,Miami FL,Credit Card,997,0
T001525,C0085,2026-01-25,15:58,Home Depot,161.88,Miami FL,Debit Card,529,0
T001526,C0043,2026-01-15,13:28,Amazon,230.63,Jonesboro GA,Credit Card,1530,0
T001527,C0053,2026-01-10,17:41,Publix,282.43,Atlanta GA,Debit Card,1021,0
T001528,C0078,2026-01-17,23:15,Amazon,118.73,Savannah GA,Debit Card,1620,0
T001529,C0053,2026-02-06,16:20,CVS,304.75,Charlotte NC,Credit Card,271,0
T001530,C0011,2026-03-22,12:57,Best Buy,290.13,Savannah GA,Credit Card,398,0
T001531,C0059,2026-03-12,21:47,Walmart,212.22,Marietta GA,Credit Card,236,0
T001532,C0017,2026-01-10,10:32,Walmart,346.57,Savannah GA,Credit Card,1805,0
T001533,C0068,2026-03-31,23:15,Best Buy,68.09,Savannah GA,Debit Card,1488,0
T001534,C0038,2026-03-20,09:46,Target,297.78,Jonesboro GA,Debit Card,122,0
T001535,C0010,2026-02-25,15:48,Publix,317.26,Savannah GA,Debit Card,1007,0
T001536,C0090,2026-03-17,22:05,Starbucks,363.24,Charlotte NC,Credit Card,341,0
T001537,C0001,2026-02-28,18:20,CVS,338.58,Miami FL,Debit Card,928,0
T001538,C0023,2026-01-13,13:19,Home Depot,472.66,Charlotte NC,Debit Card,1040,0
T001539,C0044,2026-02-19,16:48,Walmart,146.2,Miami FL,Debit Card,395,0
T001540,C0019,2026-02-05,16:06,Walmart,218.12,Charlotte NC,Credit Card,741,0
T001541,C0037,2026-02-26,13:56,Starbucks,140.56,Atlanta GA,Debit Card,376,0
T001542,C0037,2026-03-27,14:09,Shell,462.64,Miami FL,Credit Card,226,0
T001543,C0027,2026-01-06,23:34,Home Depot,18.54,Miami FL,Credit Card,1666,0
T001544,C0025,2026-02-06,19:46,Walmart,187.92,Savannah GA,Credit Card,941,0
T001545,C0067,2026-01-16,20:56,Starbucks,459.41,Savannah GA,Debit Card,915,0
T001546,C0064,2026-03-27,09:22,Shell,496.57,Atlanta GA,Credit Card,1675,0
T001547,C0011,2026-03-06,16:17,Amazon,166.92,Charlotte NC,Credit Card,958,0
T001548,C0081,2026-02-10,07:27,Home Depot,354.87,Charlotte NC,Credit Card,235,0
T001549,C0091,2026-03-26,07:40,Home Depot,421.51,Jonesboro GA,Credit Card,1314,0
T001550,C0002,2026-01-29,12:16,Amazon,436.7,Marietta GA,Debit Card,992,0
T001551,C0020,2026-01-26,08:33,PetSmart,144.89,Marietta GA,Debit Card,1785,0
T001552,C0093,2026-03-13,12:45,Amazon,38.29,Atlanta GA,Debit Card,394,0
T001553,C0005,2026-03-22,13:40,Best Buy,308.62,Charlotte NC,Debit Card,744,0
T001554,C0062,2026-01-30,15:42,Home Depot,439.56,Charlotte NC,Credit Card,1023,0
T001555,C0063,2026-02-07,09:14,Best Buy,273.99,Miami FL,Debit Card,260,0
T001556,C0097,2026-03-26,19:07,Shell,166.07,Savannah GA,Debit Card,390,0
T001557,C0060,2026-02-20,10:49,Publix,177.05,Charlotte NC,Credit Card,1836,0
T001558,C0062,2026-01-04,15:17,PetSmart,345.17,Miami FL,Debit Card,1069,0
T001559,C0028,2026-02-10,19:25,Best Buy,134.49,Atlanta GA,Debit Card,1686,0
T001560,C0057,2026-02-04,21:46,Best Buy,456.62,Savannah GA,Debit Card,478,0
T001561,C0044,2026-03-15,11:34,Walmart,207.86,Jonesboro GA,Debit Card,452,0
T001562,C0100,2026-03-11,06:46,Target,68.96,Miami FL,Debit Card,73,0
T001563,C0049,2026-03-12,08:41,Target,456.55,Charlotte NC,Debit Card,130,0
T001564,C0067,2026-03-10,18:55,Amazon,492.68,Jonesboro GA,Credit Card,1500,0
T001565,C0030,2026-01-28,23:46,Shell,169.09,Marietta GA,Debit Card,539,0
T001566,C0002,2026-03-04,07:10,Walmart,253.24,Atlanta GA,Credit Card,609,0
T001567,C0039,2026-01-16,18:41,Walmart,21.72,Marietta GA,Credit Card,850,0
T001568,C0017,2026-02-23,06:00,Shell,41.58,Atlanta GA,Credit Card,1550,0
T001569,C0070,2026-02-20,12:53,CVS,369.26,Marietta GA,Credit Card,1270,0
T001570,C0040,2026-02-28,12:06,Publix,154.57,Savannah GA,Credit Card,571,0
T001571,C0084,2026-01-12,13:26,CVS,149.16,Savannah GA,Debit Card,1178,0
T001572,C0036,2026-03-05,18:23,PetSmart,194.29,Jonesboro GA,Credit Card,1592,0
T001573,C0070,2026-01-04,18:49,Target,291.05,Savannah GA,Credit Card,505,0
T001574,C0058,2026-02-12,10:51,Publix,323.2,Savannah GA,Credit Card,1320,0
T001575,C0011,2026-03-04,13:05,Target,107.8,Miami FL,Credit Card,319,0
T001576,C0052,2026-03-05,14:26,CVS,34.17,Savannah GA,Credit Card,667,0
T001577,C0095,2026-03-14,19:55,Publix,164.11,Marietta GA,Credit Card,41,0
T001578,C0035,2026-02-10,13:20,Amazon,275.07,Miami FL,Debit Card,974,0
T001579,C0091,2026-02-24,08:24,PetSmart,461.01,Miami FL,Credit Card,290,0
T001580,C0097,2026-02-26,09:02,Walmart,87.27,Marietta GA,Credit Card,1843,0
T001581,C0055,2026-03-12,19:25,PetSmart,74.23,Marietta GA,Debit Card,48,0
T001582,C0038,2026-03-28,14:33,Target,361.37,Savannah GA,Debit Card,690,0
T001583,C0079,2026-03-08,12:51,Publix,75.05,Miami FL,Credit Card,1287,0
T001584,C0092,2026-01-27,16:59,Publix,238.69,Miami FL,Debit Card,1559,0
T001585,C0093,2026-02-23,11:09,Starbucks,9.86,Marietta GA,Debit Card,993,0
T001586,C0009,2026-01-13,23:29,Walmart,103.64,Jonesboro GA,Credit Card,707,0
T001587,C0013,2026-01-09,17:40,Walmart,299.25,Miami FL,Debit Card,1175,0
T001588,C0029,2026-02-05,15:52,Publix,464.3,Charlotte NC,Credit Card,1896,0
T001589,C0055,2026-02-21,14:35,CVS,186.8,Charlotte NC,Debit Card,1138,0
T001590,C0083,2026-01-28,14:11,Amazon,55.97,Atlanta GA,Credit Card,568,0
T001591,C0073,2026-03-17,14:51,Target,168.43,Marietta GA,Debit Card,1539,0
T001592,C0079,2026-01-30,12:05,PetSmart,6.32,Marietta GA,Credit Card,1933,0
T001593,C0079,2026-01-01,16:04,Starbucks,240.35,Marietta GA,Credit Card,1864,0
T001594,C0007,2026-03-02,16:19,Starbucks,215.58,Miami FL,Debit Card,1054,0
T001595,C0098,2026-02-19,21:22,Target,191.77,Marietta GA,Debit Card,668,0
T001596,C0067,2026-01-28,11:40,Publix,442.23,Miami FL,Credit Card,1737,0
T001597,C0036,2026-02-02,09:35,Starbucks,247.6,Savannah GA,Debit Card,1872,0
T001598,C0056,2026-03-01,17:46,Publix,433.74,Marietta GA,Credit Card,898,0
T001599,C0028,2026-01-23,06:12,CVS,194.32,Miami FL,Credit Card,935,0
T001600,C0047,2026-02-12,09:58,Home Depot,295.16,Marietta GA,Credit Card,785,0
T001601,C0033,2026-02-05,21:25,Home Depot,21.6,Atlanta GA,Debit Card,119,0
T001602,C0090,2026-01-04,21:38,Shell,485.71,Jonesboro GA,Credit Card,1324,0
T001603,C0059,2026-03-24,23:51,PetSmart,376.22,Marietta GA,Debit Card,242,0
T001604,C0005,2026-01-23,10:05,Publix,354.29,Atlanta GA,Credit Card,889,0
T001605,C0016,2026-03-11,14:54,Walmart,160.55,Savannah GA,Credit Card,427,0
T001606,C0084,2026-03-28,16:57,CVS,169.67,Charlotte NC,Credit Card,1482,0
T001607,C0022,2026-03-27,18:26,CVS,260.59,Charlotte NC,Debit Card,1745,0
T001608,C0086,2026-03-06,10:46,Walmart,413.4,Atlanta GA,Credit Card,576,0
T001609,C0011,2026-01-26,22:26,Starbucks,141.39,Savannah GA,Credit Card,384,0
T001610,C0082,2026-01-16,16:29,Walmart,282.48,Jonesboro GA,Debit Card,1193,0
T001611,C0090,2026-01-12,11:46,Target,48.64,Miami FL,Debit Card,206,0
T001612,C0024,2026-01-02,12:40,Publix,384.53,Miami FL,Credit Card,797,0
T001613,C0059,2026-03-29,12:47,Target,157.35,Charlotte NC,Credit Card,1577,0
T001614,C0095,2026-02-06,11:17,Starbucks,192.76,Jonesboro GA,Credit Card,317,0
T001615,C0073,2026-02-04,12:11,Publix,418.46,Savannah GA,Credit Card,634,0
T001616,C0034,2026-03-16,17:22,PetSmart,247.49,Jonesboro GA,Credit Card,1611,0
T001617,C0083,2026-03-16,18:09,Home Depot,23.18,Savannah GA,Credit Card,1131,0
T001618,C0073,2026-03-29,15:13,Amazon,176.73,Charlotte NC,Debit Card,730,0
T001619,C0090,2026-01-27,14:13,Home Depot,49.92,Miami FL,Debit Card,987,0
T001620,C0034,2026-03-01,16:23,Walmart,240.23,Atlanta GA,Credit Card,1184,0
T001621,C0049,2026-03-22,17:55,CVS,352.14,Atlanta GA,Debit Card,1875,0
T001622,C0002,2026-03-24,09:11,Starbucks,170.68,Savannah GA,Debit Card,1900,0
T001623,C0046,2026-01-03,20:51,Shell,275.66,Marietta GA,Debit Card,1292,0
T001624,C0059,2026-03-02,13:16,CVS,366.82,Miami FL,Debit Card,1511,0
T001625,C0048,2026-02-08,07:59,CVS,340.89,Jonesboro GA,Debit Card,1826,0
T001626,C0030,2026-02-04,18:37,Home Depot,215.82,Atlanta GA,Debit Card,88,0
T001627,C0021,2026-03-31,22:12,Home Depot,443.86,Marietta GA,Debit Card,1978,0
T001628,C0073,2026-01-07,08:19,Starbucks,395.34,Marietta GA,Debit Card,1653,0
T001629,C0099,2026-02-28,06:42,Starbucks,201.02,Jonesboro GA,Debit Card,332,0
T001630,C0026,2026-01-31,12:27,Starbucks,44.79,Jonesboro GA,Debit Card,214,0
T001631,C0093,2026-01-21,17:06,Amazon,7.45,Marietta GA,Debit Card,994,0
T001632,C0071,2026-03-27,18:53,Best Buy,456.85,Charlotte NC,Credit Card,979,0
T001633,C0091,2026-01-18,18:49,Amazon,68.61,Atlanta GA,Debit Card,699,0
T001634,C0037,2026-02-14,21:42,Best Buy,269.39,Miami FL,Debit Card,1546,0
T001635,C0076,2026-02-17,17:21,Walmart,385.08,Marietta GA,Credit Card,1056,0
T001636,C0001,2026-03-24,13:08,CVS,457.72,Miami FL,Debit Card,1053,0
T001637,C0025,2026-02-13,18:41,Walmart,220.52,Marietta GA,Debit Card,398,0
T001638,C0055,2026-03-03,07:16,Starbucks,196.47,Jonesboro GA,Debit Card,1993,0
T001639,C0054,2026-01-14,20:51,Starbucks,342.76,Marietta GA,Debit Card,199,0
T001640,C0045,2026-01-02,11:20,Target,402.76,Charlotte NC,Debit Card,293,0
T001641,C0074,2026-03-25,18:27,Home Depot,10.74,Savannah GA,Debit Card,1609,0
T001642,C0007,2026-01-15,20:32,Shell,372.32,Savannah GA,Debit Card,793,0
T001643,C0100,2026-02-16,09:50,PetSmart,422.86,Charlotte NC,Debit Card,396,0
T001644,C0055,2026-02-13,14:12,Home Depot,79.44,Savannah GA,Credit Card,1084,0
T001645,C0079,2026-01-06,09:55,PetSmart,235.06,Savannah GA,Credit Card,1032,0
T001646,C0059,2026-02-13,15:49,Publix,129.9,Atlanta GA,Debit Card,1707,0
T001647,C0004,2026-02-23,06:28,Home Depot,150.15,Jonesboro GA,Credit Card,694,0
T001648,C0039,2026-01-05,23:47,Walmart,181.84,Miami FL,Credit Card,841,0
T001649,C0032,2026-01-19,21:27,Starbucks,67.4,Atlanta GA,Credit Card,1858,0
T001650,C0036,2026-03-09,20:02,Publix,459.79,Savannah GA,Credit Card,186,0
T001651,C0042,2026-03-23,09:24,Publix,306.63,Atlanta GA,Credit Card,1079,0
T001652,C0093,2026-01-03,11:47,Target,214.15,Jonesboro GA,Debit Card,556,0
T001653,C0093,2026-03-15,14:19,Target,397.85,Savannah GA,Credit Card,1290,0
T001654,C0066,2026-03-02,12:48,Home Depot,190.25,Marietta GA,Credit Card,1945,0
T001655,C0056,2026-03-27,07:38,Shell,142.04,Charlotte NC,Credit Card,846,0
T001656,C0024,2026-01-03,19:42,Shell,206.56,Jonesboro GA,Credit Card,295,0
T001657,C0036,2026-01-29,06:45,Shell,53.09,Savannah GA,Debit Card,694,0
T001658,C0029,2026-03-19,20:37,Target,365.44,Miami FL,Debit Card,891,0
T001659,C0082,2026-03-13,06:21,CVS,240.42,Jonesboro GA,Debit Card,727,0
T001660,C0041,2026-03-05,12:34,Publix,233.66,Savannah GA,Credit Card,1458,0
T001661,C0022,2026-03-15,08:40,Best Buy,20.97,Jonesboro GA,Debit Card,1026,0
T001662,C0072,2026-03-09,17:19,Publix,375.27,Atlanta GA,Credit Card,627,0
T001663,C0097,2026-03-21,11:39,Publix,19.63,Savannah GA,Debit Card,750,0
T001664,C0073,2026-02-06,23:47,Best Buy,376.94,Savannah GA,Credit Card,1035,0
T001665,C0031,2026-01-16,09:25,Best Buy,192.32,Miami FL,Credit Card,477,0
T001666,C0028,2026-01-21,18:35,Target,93.42,Miami FL,Debit Card,866,0
T001667,C0046,2026-02-16,09:42,Amazon,163.1,Savannah GA,Debit Card,1841,0
T001668,C0088,2026-02-21,21:48,Publix,116.42,Miami FL,Debit Card,980,0
T001669,C0037,2026-01-01,23:53,PetSmart,203.03,Marietta GA,Credit Card,714,0
T001670,C0098,2026-01-13,18:37,PetSmart,343.26,Charlotte NC,Credit Card,1367,0
T001671,C0054,2026-03-21,13:08,Best Buy,320.03,Savannah GA,Credit Card,1278,0
T001672,C0080,2026-02-11,13:10,Home Depot,473.02,Atlanta GA,Debit Card,1195,0
T001673,C0081,2026-01-03,18:35,PetSmart,476.16,Charlotte NC,Credit Card,1077,0
T001674,C0025,2026-01-31,11:30,Starbucks,362.91,Savannah GA,Debit Card,1949,0
T001675,C0092,2026-01-04,12:36,Amazon,150.03,Jonesboro GA,Credit Card,974,0
T001676,C0059,2026-01-23,20:32,Amazon,494.91,Charlotte NC,Debit Card,1343,0
T001677,C0015,2026-01-09,06:47,CVS,126.21,Jonesboro GA,Credit Card,96,0
T001678,C0088,2026-01-10,19:16,Best Buy,431.77,Miami FL,Debit Card,1839,0
T001679,C0092,2026-01-08,15:51,Home Depot,222.07,Atlanta GA,Credit Card,845,0
T001680,C0093,2026-03-07,20:27,Walmart,359.73,Jonesboro GA,Debit Card,1642,0
T001681,C0016,2026-03-16,09:46,Target,380.18,Marietta GA,Debit Card,376,0
T001682,C0047,2026-02-01,21:13,Best Buy,75.27,Charlotte NC,Debit Card,571,0
T001683,C0013,2026-03-04,13:48,Publix,231.83,Charlotte NC,Credit Card,562,0
T001684,C0044,2026-02-27,14:36,Shell,168.68,Charlotte NC,Debit Card,593,0
T001685,C0077,2026-01-04,13:56,Walmart,263.28,Marietta GA,Credit Card,789,0
T001686,C0073,2026-01-21,15:30,Publix,156.8,Charlotte NC,Debit Card,1490,0
T001687,C0057,2026-02-07,18:16,Shell,77.53,Marietta GA,Credit Card,1334,0
T001688,C0030,2026-01-02,14:23,Walmart,78.44,Marietta GA,Debit Card,1506,0
T001689,C0066,2026-01-22,17:41,Home Depot,311.14,Savannah GA,Debit Card,349,0
T001690,C0076,2026-03-04,11:55,Home Depot,192.1,Jonesboro GA,Debit Card,1105,0
T001691,C0062,2026-01-09,16:14,Starbucks,12.05,Savannah GA,Debit Card,663,0
T001692,C0027,2026-01-16,12:22,Amazon,306.28,Marietta GA,Debit Card,1051,0
T001693,C0059,2026-03-09,13:47,CVS,420.79,Charlotte NC,Credit Card,444,0
T001694,C0047,2026-03-06,08:17,Walmart,476.25,Savannah GA,Credit Card,1163,0
T001695,C0069,2026-03-08,13:15,Home Depot,226.08,Atlanta GA,Credit Card,554,0
T001696,C0095,2026-02-28,11:02,Starbucks,118.03,Charlotte NC,Credit Card,1277,0
T001697,C0035,2026-01-09,10:33,Home Depot,372.84,Jonesboro GA,Credit Card,650,0
T001698,C0008,2026-03-16,21:29,Amazon,294.91,Marietta GA,Credit Card,231,0
T001699,C0069,2026-01-15,20:05,Walmart,102.23,Jonesboro GA,Credit Card,1004,0
T001700,C0026,2026-02-08,06:37,Target,301.16,Miami FL,Credit Card,910,0
T001701,C0015,2026-03-23,20:00,PetSmart,296.52,Charlotte NC,Credit Card,545,0
T001702,C0097,2026-01-23,16:32,Best Buy,248.84,Miami FL,Debit Card,1019,0
T001703,C0066,2026-03-10,13:21,Shell,135.78,Charlotte NC,Debit Card,593,0
T001704,C0087,2026-01-15,11:31,Home Depot,314.83,Miami FL,Debit Card,43,0
T001705,C0041,2026-01-09,19:43,Home Depot,85.75,Savannah GA,Debit Card,653,0
T001706,C0013,2026-01-14,13:13,PetSmart,100.83,Jonesboro GA,Credit Card,659,0
T001707,C0065,2026-02-08,12:36,Shell,55.94,Jonesboro GA,Debit Card,1406,0
T001708,C0020,2026-01-22,11:39,Publix,384.37,Marietta GA,Credit Card,1386,0
T001709,C0021,2026-02-23,14:14,Publix,328.48,Miami FL,Debit Card,1940,0
T001710,C0034,2026-02-12,17:53,PetSmart,76.77,Jonesboro GA,Debit Card,1556,0
T001711,C0041,2026-02-23,06:48,PetSmart,283.83,Jonesboro GA,Debit Card,1955,0
T001712,C0052,2026-01-18,20:49,Walmart,324.67,Savannah GA,Debit Card,591,0
T001713,C0003,2026-02-17,06:20,Amazon,150.92,Marietta GA,Debit Card,905,0
T001714,C0049,2026-03-21,22:28,Publix,399.75,Miami FL,Credit Card,1783,0
T001715,C0036,2026-03-03,21:02,Target,84.41,Atlanta GA,Credit Card,1629,0
T001716,C0085,2026-03-19,18:03,Best Buy,128.67,Charlotte NC,Debit Card,237,0
T001717,C0008,2026-02-06,09:30,Publix,221.87,Jonesboro GA,Debit Card,305,0
T001718,C0096,2026-01-20,15:36,Target,413.03,Jonesboro GA,Debit Card,439,0
T001719,C0072,2026-03-11,14:35,Target,167.28,Savannah GA,Credit Card,1117,0
T001720,C0038,2026-03-31,16:54,Walmart,436.01,Marietta GA,Credit Card,769,0
T001721,C0099,2026-03-01,13:29,PetSmart,96.15,Charlotte NC,Credit Card,771,0
T001722,C0043,2026-01-03,10:07,Amazon,131.4,Charlotte NC,Debit Card,1345,0
T001723,C0053,2026-03-09,07:58,Best Buy,400.06,Savannah GA,Debit Card,1079,0
T001724,C0048,2026-03-06,16:50,Walmart,497.85,Miami FL,Debit Card,1133,0
T001725,C0063,2026-01-10,08:35,Shell,319.02,Miami FL,Debit Card,1628,0
T001726,C0015,2026-03-01,12:48,Home Depot,289.09,Marietta GA,Credit Card,179,0
T001727,C0099,2026-01-20,16:04,Best Buy,228.39,Jonesboro GA,Debit Card,402,0
T001728,C0083,2026-03-30,19:56,CVS,266.22,Jonesboro GA,Debit Card,73,0
T001729,C0052,2026-02-19,06:00,CVS,313.73,Jonesboro GA,Credit Card,491,0
T001730,C0042,2026-03-16,16:34,Best Buy,428.51,Marietta GA,Debit Card,967,0
T001731,C0084,2026-03-15,10:12,Amazon,447.16,Miami FL,Debit Card,1613,0
T001732,C0019,2026-03-10,07:49,Amazon,54.94,Jonesboro GA,Credit Card,290,0
T001733,C0070,2026-01-30,12:12,Publix,435.93,Atlanta GA,Debit Card,650,0
T001734,C0021,2026-01-28,17:01,Best Buy,468.47,Jonesboro GA,Credit Card,311,0
T001735,C0057,2026-01-27,18:03,Target,224.76,Savannah GA,Credit Card,945,0
T001736,C0057,2026-03-17,09:05,Best Buy,386.64,Marietta GA,Credit Card,388,0
T001737,C0065,2026-01-27,09:31,CVS,85.63,Charlotte NC,Credit Card,1546,0
T001738,C0078,2026-01-27,08:51,Publix,210.49,Charlotte NC,Debit Card,1068,0
T001739,C0047,2026-01-03,06:24,PetSmart,472.72,Jonesboro GA,Credit Card,1675,0
T001740,C0054,2026-02-09,08:27,Best Buy,183.39,Atlanta GA,Debit Card,1967,0
T001741,C0084,2026-02-19,21:01,Shell,326.96,Marietta GA,Credit Card,1978,0
T001742,C0036,2026-01-23,06:08,Publix,424.47,Atlanta GA,Credit Card,1092,0
T001743,C0020,2026-01-08,12:55,Starbucks,382.33,Charlotte NC,Debit Card,1545,0
T001744,C0085,2026-02-23,11:11,Shell,412.51,Jonesboro GA,Debit Card,1947,0
T001745,C0067,2026-01-15,11:01,Starbucks,185.71,Charlotte NC,Credit Card,1048,0
T001746,C0027,2026-02-03,16:01,Shell,454.95,Savannah GA,Debit Card,1634,0
T001747,C0004,2026-01-19,19:02,Publix,21.94,Atlanta GA,Debit Card,1134,0
T001748,C0049,2026-01-02,17:57,CVS,83.3,Charlotte NC,Credit Card,486,0
T001749,C0012,2026-03-01,19:54,Best Buy,484.52,Atlanta GA,Credit Card,1869,0
T001750,C0069,2026-03-02,14:08,PetSmart,159.16,Marietta GA,Credit Card,691,0
T001751,C0085,2026-03-15,12:08,Home Depot,241.51,Jonesboro GA,Credit Card,479,0
T001752,C0066,2026-01-13,18:18,Starbucks,331.31,Marietta GA,Credit Card,1846,0
T001753,C0079,2026-03-26,15:21,Target,129.08,Marietta GA,Credit Card,1485,0
T001754,C0060,2026-01-17,16:27,CVS,381.15,Miami FL,Debit Card,797,0
T001755,C0085,2026-02-19,07:50,Starbucks,375.23,Miami FL,Credit Card,435,0
T001756,C0024,2026-01-31,11:25,Walmart,418.51,Marietta GA,Credit Card,690,0
T001757,C0002,2026-01-25,18:28,CVS,429.55,Savannah GA,Debit Card,469,0
T001758,C0059,2026-02-05,22:59,CVS,63.32,Jonesboro GA,Debit Card,720,0
T001759,C0044,2026-03-04,23:29,Starbucks,404.46,Jonesboro GA,Debit Card,1388,0
T001760,C0013,2026-02-16,19:41,Publix,36.24,Miami FL,Debit Card,82,0
T001761,C0070,2026-01-15,09:35,Starbucks,487.67,Atlanta GA,Credit Card,1489,0
T001762,C0038,2026-03-12,08:55,Starbucks,229.02,Jonesboro GA,Debit Card,1063,0
T001763,C0024,2026-03-29,13:49,Best Buy,75.15,Miami FL,Credit Card,64,0
T001764,C0026,2026-03-09,22:03,Publix,283.63,Miami FL,Credit Card,1668,0
T001765,C0069,2026-03-09,11:23,Publix,348.38,Miami FL,Credit Card,355,0
T001766,C0013,2026-01-20,23:39,Starbucks,422.4,Charlotte NC,Credit Card,898,0
T001767,C0026,2026-03-08,19:57,Shell,151.77,Atlanta GA,Debit Card,1005,0
T001768,C0060,2026-02-02,23:42,Publix,5.18,Marietta GA,Debit Card,668,0
T001769,C0027,2026-02-22,10:09,CVS,34.32,Miami FL,Credit Card,1014,0
T001770,C0021,2026-02-20,12:15,Amazon,324.81,Savannah GA,Credit Card,1738,0
T001771,C0045,2026-02-21,09:46,Target,74.52,Marietta GA,Debit Card,1544,0
T001772,C0075,2026-02-05,16:00,Starbucks,75.49,Marietta GA,Debit Card,1334,0
T001773,C0016,2026-03-18,21:14,Home Depot,386.97,Jonesboro GA,Credit Card,1382,0
T001774,C0057,2026-02-13,14:02,Shell,81.07,Atlanta GA,Debit Card,811,0
T001775,C0033,2026-01-22,21:48,Target,215.83,Charlotte NC,Debit Card,626,0
T001776,C0029,2026-03-19,17:15,Home Depot,498.81,Atlanta GA,Credit Card,1810,0
T001777,C0086,2026-03-23,09:55,PetSmart,213.73,Charlotte NC,Debit Card,1606,0
T001778,C0036,2026-02-02,17:05,Shell,212.72,Jonesboro GA,Debit Card,56,0
T001779,C0013,2026-02-25,14:06,PetSmart,114.59,Marietta GA,Debit Card,1629,0
T001780,C0091,2026-03-27,18:02,PetSmart,305.28,Miami FL,Debit Card,1262,0
T001781,C0014,2026-01-16,13:23,CVS,289.93,Charlotte NC,Credit Card,1218,0
T001782,C0087,2026-01-06,17:41,CVS,360.55,Savannah GA,Debit Card,1644,0
T001783,C0057,2026-03-22,19:42,PetSmart,470.4,Miami FL,Credit Card,1889,0
T001784,C0004,2026-02-12,09:18,Amazon,16.95,Miami FL,Credit Card,1915,0
T001785,C0053,2026-02-02,17:52,Walmart,425.47,Charlotte NC,Debit Card,1428,0
T001786,C0045,2026-01-07,16:29,Publix,225.77,Marietta GA,Debit Card,1461,0
T001787,C0082,2026-03-12,16:47,Shell,281.45,Marietta GA,Credit Card,851,0
T001788,C0097,2026-02-12,17:39,Publix,429.04,Marietta GA,Debit Card,1132,0
T001789,C0095,2026-01-12,18:20,Amazon,55.14,Jonesboro GA,Debit Card,1303,0
T001790,C0064,2026-03-04,17:21,Starbucks,136.02,Savannah GA,Credit Card,1680,0
T001791,C0057,2026-01-15,12:37,Publix,164.77,Marietta GA,Credit Card,665,0
T001792,C0065,2026-03-31,08:12,Home Depot,202.0,Jonesboro GA,Credit Card,221,0
T001793,C0012,2026-01-19,16:34,CVS,426.84,Charlotte NC,Debit Card,754,0
T001794,C0051,2026-02-07,08:20,Starbucks,423.28,Savannah GA,Credit Card,490,0
T001795,C0057,2026-02-05,06:31,Walmart,335.42,Marietta GA,Credit Card,489,0
T001796,C0089,2026-01-28,10:00,Amazon,222.98,Marietta GA,Credit Card,637,0
T001797,C0032,2026-02-23,23:35,Walmart,419.78,Miami FL,Debit Card,1193,0
T001798,C0025,2026-02-19,14:45,Best Buy,315.49,Marietta GA,Debit Card,1661,0
T001799,C0047,2026-01-31,16:34,Shell,185.43,Savannah GA,Debit Card,761,0
T001800,C0010,2026-03-16,10:06,Starbucks,398.8,Jonesboro GA,Credit Card,1908,0
T001801,C0065,2026-03-19,13:46,PetSmart,56.88,Miami FL,Debit Card,743,0
T001802,C0092,2026-01-07,20:39,Home Depot,138.22,Marietta GA,Debit Card,926,0
T001803,C0064,2026-01-22,06:35,CVS,476.82,Savannah GA,Credit Card,948,0
T001804,C0072,2026-01-19,08:43,Walmart,434.45,Jonesboro GA,Debit Card,755,0
T001805,C0009,2026-01-04,21:27,Shell,473.94,Miami FL,Debit Card,1472,0
T001806,C0098,2026-02-09,23:44,Starbucks,332.59,Savannah GA,Credit Card,1411,0
T001807,C0039,2026-03-11,16:55,Publix,76.4,Marietta GA,Debit Card,43,0
T001808,C0079,2026-01-10,08:33,Walmart,295.79,Charlotte NC,Debit Card,877,0
T001809,C0094,2026-03-18,11:53,Starbucks,128.16,Charlotte NC,Credit Card,401,0
T001810,C0004,2026-01-13,18:36,PetSmart,169.24,Charlotte NC,Credit Card,1465,0
T001811,C0088,2026-01-18,16:11,Best Buy,349.73,Savannah GA,Debit Card,226,0
T001812,C0040,2026-03-05,08:11,Publix,440.14,Marietta GA,Debit Card,563,0
T001813,C0052,2026-03-23,08:21,Amazon,492.89,Marietta GA,Debit Card,955,0
T001814,C0097,2026-03-19,07:35,Target,15.1,Miami FL,Debit Card,151,0
T001815,C0088,2026-03-09,06:00,Publix,5.86,Atlanta GA,Credit Card,699,0
T001816,C0050,2026-01-23,12:40,Shell,430.38,Atlanta GA,Debit Card,1301,0
T001817,C0064,2026-01-13,10:38,Starbucks,488.01,Miami FL,Credit Card,796,0
T001818,C0074,2026-02-26,06:39,Starbucks,256.13,Savannah GA,Credit Card,109,0
T001819,C0069,2026-03-29,11:37,Target,58.35,Jonesboro GA,Debit Card,1091,0
T001820,C0022,2026-03-20,16:29,Target,303.73,Savannah GA,Credit Card,1931,0
T001821,C0085,2026-03-27,23:04,Home Depot,472.29,Savannah GA,Debit Card,722,0
T001822,C0032,2026-03-04,12:50,Publix,480.39,Marietta GA,Credit Card,857,0
T001823,C0006,2026-03-26,09:54,Publix,406.4,Atlanta GA,Debit Card,1094,0
T001824,C0012,2026-03-24,12:18,Publix,379.68,Miami FL,Debit Card,686,0
T001825,C0018,2026-02-24,18:27,PetSmart,472.4,Marietta GA,Debit Card,802,0
T001826,C0011,2026-03-13,21:39,PetSmart,56.64,Atlanta GA,Debit Card,826,0
T001827,C0040,2026-01-06,12:05,PetSmart,266.14,Jonesboro GA,Credit Card,658,0
T001828,C0076,2026-01-07,23:01,CVS,322.26,Miami FL,Credit Card,126,0
T001829,C0039,2026-01-07,19:47,Best Buy,482.27,Marietta GA,Debit Card,1071,0
T001830,C0068,2026-01-06,12:06,Starbucks,342.16,Miami FL,Debit Card,966,0
T001831,C0024,2026-01-27,21:13,Amazon,41.12,Charlotte NC,Debit Card,1199,0
T001832,C0082,2026-01-27,09:59,CVS,461.43,Atlanta GA,Credit Card,624,0
T001833,C0001,2026-02-19,13:23,Amazon,492.28,Charlotte NC,Debit Card,1909,0
T001834,C0052,2026-03-21,14:56,Walmart,301.38,Marietta GA,Credit Card,1918,0
T001835,C0055,2026-03-25,14:26,CVS,106.41,Charlotte NC,Debit Card,1443,0
T001836,C0002,2026-01-25,21:16,Best Buy,142.65,Savannah GA,Debit Card,1259,0
T001837,C0002,2026-03-30,13:04,Best Buy,68.8,Atlanta GA,Debit Card,1335,0
T001838,C0015,2026-03-10,16:10,Target,37.92,Marietta GA,Debit Card,1962,0
T001839,C0095,2026-02-06,15:54,Shell,145.98,Charlotte NC,Debit Card,1197,0
T001840,C0034,2026-01-26,08:35,Target,412.32,Atlanta GA,Debit Card,1763,0
T001841,C0064,2026-01-14,09:14,Amazon,237.13,Marietta GA,Credit Card,107,0
T001842,C0050,2026-03-20,17:28,Starbucks,124.67,Atlanta GA,Credit Card,1542,0
T001843,C0019,2026-03-06,12:49,PetSmart,333.12,Miami FL,Credit Card,460,0
T001844,C0093,2026-02-13,14:58,Publix,474.55,Atlanta GA,Credit Card,389,0
T001845,C0045,2026-01-20,15:32,PetSmart,198.7,Marietta GA,Credit Card,160,0
T001846,C0029,2026-02-26,06:55,Starbucks,171.26,Charlotte NC,Credit Card,932,0
T001847,C0009,2026-01-19,23:20,Amazon,280.64,Miami FL,Debit Card,146,0
T001848,C0015,2026-01-22,16:23,Target,311.2,Savannah GA,Credit Card,108,0
T001849,C0019,2026-01-01,07:52,Target,7.92,Charlotte NC,Credit Card,823,0
T001850,C0099,2026-01-05,23:04,CVS,382.28,Atlanta GA,Credit Card,70,0
T001851,C0084,2026-03-20,18:28,PetSmart,144.82,Miami FL,Debit Card,1894,0
T001852,C0096,2026-02-14,20:30,Amazon,308.24,Charlotte NC,Debit Card,1912,0
T001853,C0020,2026-02-06,11:24,PetSmart,115.8,Miami FL,Debit Card,556,0
T001854,C0021,2026-02-08,10:02,Publix,218.71,Charlotte NC,Credit Card,971,0
T001855,C0053,2026-03-22,17:13,Home Depot,66.89,Marietta GA,Debit Card,1958,0
T001856,C0052,2026-02-26,18:29,Best Buy,368.06,Savannah GA,Debit Card,774,0
T001857,C0044,2026-03-09,12:15,Publix,70.89,Charlotte NC,Debit Card,474,0
T001858,C0092,2026-03-26,17:57,Amazon,474.26,Miami FL,Credit Card,978,0
T001859,C0071,2026-01-19,21:06,Best Buy,110.69,Jonesboro GA,Debit Card,1141,0
T001860,C0084,2026-01-28,16:35,PetSmart,30.19,Jonesboro GA,Debit Card,1852,0
T001861,C0021,2026-02-26,06:44,Best Buy,94.26,Miami FL,Debit Card,452,0
T001862,C0050,2026-03-29,10:41,CVS,140.29,Charlotte NC,Credit Card,853,0
T001863,C0074,2026-02-01,10:48,Amazon,161.66,Marietta GA,Debit Card,1937,0
T001864,C0063,2026-01-09,08:01,Publix,339.71,Miami FL,Credit Card,47,0
T001865,C0007,2026-02-15,12:47,Publix,466.12,Atlanta GA,Debit Card,338,0
T001866,C0028,2026-02-10,20:30,Shell,313.5,Atlanta GA,Debit Card,723,0
T001867,C0091,2026-03-13,11:57,Starbucks,55.24,Jonesboro GA,Debit Card,1833,0
T001868,C0020,2026-03-21,19:10,Starbucks,268.49,Savannah GA,Credit Card,1180,0
T001869,C0071,2026-02-01,09:42,PetSmart,346.53,Charlotte NC,Debit Card,1966,0
T001870,C0019,2026-02-18,21:24,PetSmart,72.12,Atlanta GA,Credit Card,1006,0
T001871,C0022,2026-03-16,11:28,Walmart,465.82,Miami FL,Debit Card,1860,0
T001872,C0003,2026-01-11,17:04,PetSmart,443.37,Charlotte NC,Debit Card,392,0
T001873,C0018,2026-01-15,12:40,CVS,458.8,Jonesboro GA,Debit Card,686,0
T001874,C0038,2026-03-17,19:10,Target,12.9,Jonesboro GA,Debit Card,777,0
T001875,C0033,2026-01-04,21:20,Amazon,491.11,Miami FL,Debit Card,1885,0
T001876,C0022,2026-02-03,20:27,Walmart,351.75,Charlotte NC,Credit Card,721,0
T001877,C0006,2026-02-12,23:02,Shell,331.41,Charlotte NC,Debit Card,297,0
T001878,C0080,2026-01-26,21:24,Walmart,154.84,Charlotte NC,Credit Card,825,0
T001879,C0005,2026-03-07,19:26,Shell,171.14,Charlotte NC,Debit Card,1478,0
T001880,C0044,2026-03-04,15:17,Starbucks,278.43,Jonesboro GA,Debit Card,200,0
T001881,C0058,2026-01-15,06:51,Target,431.43,Charlotte NC,Debit Card,293,0
T001882,C0098,2026-01-09,10:36,Target,92.67,Marietta GA,Credit Card,1671,0
T001883,C0031,2026-02-13,08:09,Target,362.94,Atlanta GA,Credit Card,1223,0
T001884,C0081,2026-01-14,09:03,PetSmart,394.14,Charlotte NC,Debit Card,1472,0
T001885,C0018,2026-01-12,06:27,Amazon,96.86,Charlotte NC,Credit Card,1651,0
T001886,C0088,2026-02-19,16:40,Amazon,359.9,Marietta GA,Credit Card,1114,0
T001887,C0025,2026-01-24,21:18,PetSmart,304.7,Marietta GA,Debit Card,1528,0
T001888,C0087,2026-01-01,08:11,CVS,96.54,Atlanta GA,Debit Card,434,0
T001889,C0034,2026-03-31,08:12,Starbucks,351.48,Miami FL,Credit Card,413,0
T001890,C0042,2026-03-17,15:38,Amazon,319.47,Marietta GA,Debit Card,874,0
T001891,C0065,2026-02-14,13:33,Shell,129.22,Marietta GA,Debit Card,44,0
T001892,C0084,2026-01-09,21:22,Shell,37.0,Jonesboro GA,Credit Card,1878,0
T001893,C0094,2026-02-27,06:47,Walmart,44.58,Miami FL,Debit Card,1411,0
T001894,C0012,2026-03-19,08:36,Publix,350.55,Miami FL,Debit Card,567,0
T001895,C0094,2026-03-03,17:31,Publix,372.39,Savannah GA,Debit Card,644,0
T001896,C0098,2026-01-22,07:44,PetSmart,117.92,Jonesboro GA,Credit Card,752,0
T001897,C0053,2026-02-21,20:55,PetSmart,462.11,Savannah GA,Debit Card,1871,0
T001898,C0060,2026-02-19,19:01,PetSmart,370.24,Marietta GA,Credit Card,1818,0
T001899,C0018,2026-01-02,19:50,Publix,202.71,Savannah GA,Credit Card,1704,0
T001900,C0085,2026-01-03,18:30,Starbucks,112.41,Marietta GA,Credit Card,336,0
T001901,C0035,2026-01-21,15:53,Publix,251.17,Marietta GA,Credit Card,1986,0
T001902,C0071,2026-03-05,19:27,Shell,245.83,Marietta GA,Credit Card,1970,0
T001903,C0021,2026-01-14,08:20,PetSmart,179.92,Charlotte NC,Credit Card,1475,0
T001904,C0062,2026-03-05,12:26,CVS,121.4,Jonesboro GA,Credit Card,1034,0
T001905,C0002,2026-02-09,19:39,Shell,172.6,Charlotte NC,Credit Card,279,0
T001906,C0077,2026-02-17,10:23,Starbucks,173.84,Miami FL,Debit Card,1187,0
T001907,C0061,2026-02-01,12:20,Target,188.15,Atlanta GA,Debit Card,1439,0
T001908,C0030,2026-03-13,16:36,Publix,394.47,Charlotte NC,Debit Card,1655,0
T001909,C0043,2026-03-15,13:45,Amazon,391.89,Marietta GA,Debit Card,1244,0
T001910,C0079,2026-01-03,16:32,Amazon,283.83,Marietta GA,Debit Card,1833,0
T001911,C0013,2026-03-04,20:38,Best Buy,45.25,Marietta GA,Debit Card,1874,0
T001912,C0094,2026-01-25,14:45,Shell,197.84,Atlanta GA,Debit Card,323,0
T001913,C0047,2026-01-01,16:22,Walmart,115.55,Savannah GA,Credit Card,1719,0
T001914,C0080,2026-02-10,21:20,PetSmart,392.92,Miami FL,Credit Card,1268,0
T001915,C0069,2026-03-18,09:18,Amazon,479.07,Charlotte NC,Credit Card,1532,0
T001916,C0008,2026-02-18,19:44,Amazon,127.87,Miami FL,Debit Card,1706,0
T001917,C0002,2026-01-04,06:41,Shell,76.31,Jonesboro GA,Credit Card,1348,0
T001918,C0098,2026-01-19,20:40,Best Buy,235.15,Atlanta GA,Debit Card,812,0
T001919,C0072,2026-01-14,14:29,Starbucks,380.44,Miami FL,Debit Card,595,0
T001920,C0026,2026-01-17,16:01,CVS,85.64,Savannah GA,Debit Card,283,0
T001921,C0007,2026-02-10,18:35,Publix,187.57,Miami FL,Debit Card,82,0
T001922,C0081,2026-02-11,07:41,Best Buy,200.79,Charlotte NC,Debit Card,609,0
T001923,C0042,2026-01-08,10:31,CVS,442.21,Miami FL,Credit Card,160,0
T001924,C0009,2026-01-31,08:48,Starbucks,263.78,Marietta GA,Credit Card,767,0
T001925,C0046,2026-01-09,21:25,Publix,175.07,Atlanta GA,Debit Card,1146,0
T001926,C0008,2026-03-12,08:52,Home Depot,348.82,Savannah GA,Debit Card,454,0
T001927,C0058,2026-01-08,23:01,Starbucks,117.56,Atlanta GA,Debit Card,137,0
T001928,C0083,2026-01-30,10:55,Amazon,25.88,Savannah GA,Credit Card,311,0
T001929,C0065,2026-03-27,18:01,Publix,379.2,Jonesboro GA,Debit Card,1074,0
T001930,C0098,2026-03-31,19:35,Shell,336.47,Savannah GA,Credit Card,169,0
T001931,C0006,2026-03-16,21:00,Amazon,108.37,Miami FL,Credit Card,745,0
T001932,C0090,2026-01-22,18:13,Target,257.03,Miami FL,Debit Card,341,0
T001933,C0069,2026-02-17,22:24,Walmart,136.5,Charlotte NC,Debit Card,357,0
T001934,C0026,2026-02-03,18:07,CVS,101.91,Jonesboro GA,Debit Card,1362,0
T001935,C0037,2026-03-25,22:49,PetSmart,303.67,Atlanta GA,Debit Card,860,0
T001936,C0027,2026-01-14,12:12,Starbucks,196.79,Atlanta GA,Credit Card,1585,0
T001937,C0073,2026-02-08,17:29,Shell,443.89,Charlotte NC,Credit Card,141,0
T001938,C0083,2026-01-04,15:00,Amazon,112.32,Miami FL,Debit Card,473,0
T001939,C0024,2026-02-19,16:29,Publix,473.66,Marietta GA,Debit Card,830,0
T001940,C0078,2026-02-06,13:04,Starbucks,282.61,Savannah GA,Debit Card,1292,0
T001941,C0014,2026-02-05,06:19,Walmart,429.3,Atlanta GA,Credit Card,941,0
T001942,C0049,2026-01-28,12:27,CVS,31.5,Marietta GA,Credit Card,1549,0
T001943,C0048,2026-02-08,07:57,Target,328.54,Jonesboro GA,Debit Card,275,0
T001944,C0039,2026-01-27,09:58,Starbucks,465.41,Jonesboro GA,Debit Card,1333,0
T001945,C0096,2026-01-12,13:29,Walmart,12.1,Savannah GA,Credit Card,1811,0
T001946,C0075,2026-03-14,21:04,Home Depot,16.17,Jonesboro GA,Debit Card,1527,0
T001947,C0089,2026-02-18,06:02,Starbucks,201.78,Marietta GA,Credit Card,1048,0
T001948,C0056,2026-03-15,07:42,PetSmart,486.59,Savannah GA,Credit Card,159,0
T001949,C0099,2026-01-26,14:01,Shell,360.84,Charlotte NC,Debit Card,1404,0
T001950,C0035,2026-03-25,07:55,Amazon,406.13,Marietta GA,Debit Card,1183,0
T001951,C0056,2026-01-07,15:23,Home Depot,397.02,Charlotte NC,Debit Card,211,0
T001952,C0077,2026-02-17,17:46,Publix,274.57,Savannah GA,Debit Card,1158,0
T001953,C0070,2026-03-16,18:23,Starbucks,206.47,Jonesboro GA,Debit Card,987,0
T001954,C0045,2026-02-22,17:27,Shell,339.48,Marietta GA,Debit Card,207,0
T001955,C0078,2026-03-24,20:28,Shell,462.74,Marietta GA,Debit Card,1573,0
T001956,C0070,2026-03-22,10:38,Starbucks,255.64,Atlanta GA,Debit Card,729,0
T001957,C0070,2026-01-27,18:05,Starbucks,488.73,Miami FL,Credit Card,1716,0
T001958,C0054,2026-03-15,06:16,Target,262.19,Miami FL,Credit Card,1943,0
T001959,C0071,2026-02-12,21:07,Starbucks,343.59,Charlotte NC,Credit Card,696,0
T001960,C0094,2026-02-20,13:36,Publix,263.94,Miami FL,Debit Card,749,0
T001961,C0096,2026-03-24,20:09,Best Buy,116.78,Charlotte NC,Credit Card,1738,0
T001962,C0089,2026-03-06,09:31,Amazon,447.13,Charlotte NC,Credit Card,325,0
T001963,C0010,2026-01-27,23:40,Shell,154.91,Marietta GA,Debit Card,227,0
T001964,C0025,2026-01-27,11:52,Walmart,151.41,Atlanta GA,Credit Card,1619,0
T001965,C0088,2026-01-16,19:22,Target,229.04,Atlanta GA,Debit Card,1384,0
T001966,C0052,2026-02-17,12:19,Walmart,174.87,Charlotte NC,Debit Card,907,0
T001967,C0080,2026-01-05,21:20,CVS,341.16,Savannah GA,Credit Card,749,0
T001968,C0004,2026-02-19,23:49,Shell,431.28,Charlotte NC,Debit Card,230,0
T001969,C0055,2026-03-29,21:01,CVS,474.82,Miami FL,Debit Card,808,0
T001970,C0005,2026-01-12,08:15,PetSmart,129.82,Atlanta GA,Debit Card,1513,0
T001971,C0092,2026-01-31,21:02,Target,375.78,Savannah GA,Debit Card,691,0
T001972,C0040,2026-02-22,09:00,Home Depot,112.19,Charlotte NC,Debit Card,1430,0
T001973,C0017,2026-02-26,08:32,CVS,468.09,Charlotte NC,Credit Card,401,0
T001974,C0060,2026-03-10,07:16,Shell,401.65,Charlotte NC,Debit Card,1229,0
T001975,C0016,2026-02-07,11:02,Home Depot,451.62,Savannah GA,Credit Card,624,0
T001976,C0077,2026-01-10,12:30,Publix,344.97,Savannah GA,Credit Card,1025,0
T001977,C0032,2026-01-06,15:11,Walmart,387.37,Savannah GA,Credit Card,487,0
T001978,C0044,2026-03-31,09:06,CVS,358.34,Savannah GA,Credit Card,366,0
T001979,C0018,2026-02-16,19:01,Starbucks,221.86,Charlotte NC,Credit Card,1480,0
T001980,C0068,2026-01-05,14:27,Publix,212.22,Charlotte NC,Credit Card,1171,0
T001981,C0090,2026-03-27,17:30,Best Buy,48.19,Atlanta GA,Credit Card,851,0
T001982,C0065,2026-01-12,11:42,Amazon,16.93,Marietta GA,Credit Card,432,0
T001983,C0058,2026-03-26,11:37,Home Depot,241.55,Jonesboro GA,Debit Card,876,0
T001984,C0015,2026-02-08,10:47,Home Depot,105.21,Atlanta GA,Credit Card,1466,0
T001985,C0051,2026-01-02,09:33,Walmart,257.55,Jonesboro GA,Credit Card,1393,0
T001986,C0035,2026-01-18,16:58,CVS,155.16,Miami FL,Credit Card,529,0
T001987,C0062,2026-01-28,09:11,Amazon,241.75,Marietta GA,Debit Card,824,0
T001988,C0071,2026-03-07,10:55,Home Depot,335.21,Atlanta GA,Credit Card,1587,0
T001989,C0009,2026-02-01,19:53,PetSmart,285.25,Miami FL,Credit Card,1311,0
T001990,C0047,2026-02-25,07:55,Amazon,34.54,Jonesboro GA,Debit Card,686,0
T001991,C0100,2026-02-17,18:28,Best Buy,337.47,Atlanta GA,Credit Card,1271,0
T001992,C0029,2026-03-23,11:15,Starbucks,324.79,Savannah GA,Debit Card,1256,0
T001993,C0067,2026-01-04,19:04,Shell,219.21,Savannah GA,Credit Card,1180,0
T001994,C0011,2026-02-20,14:29,Starbucks,187.91,Charlotte NC,Credit Card,1361,0
T001995,C0044,2026-03-02,22:31,Shell,460.07,Miami FL,Debit Card,820,0
T001996,C0097,2026-01-12,21:21,CVS,237.32,Charlotte NC,Credit Card,1121,0
T001997,C0067,2026-02-04,14:55,CVS,129.54,Charlotte NC,Credit Card,621,0
T001998,C0077,2026-02-11,13:36,Home Depot,463.78,Marietta GA,Debit Card,421,0
T001999,C0045,2026-02-22,14:16,Shell,261.25,Marietta GA,Debit Card,1254,0
T002000,C0055,2026-03-30,15:12,Amazon,402.11,Miami FL,Credit Card,1437,0
T002001,C0088,2026-03-01,22:11,Publix,106.21,Charlotte NC,Debit Card,270,0
T002002,C0093,2026-03-23,16:11,Shell,106.84,Charlotte NC,Credit Card,1847,0
T002003,C0083,2026-02-04,20:34,PetSmart,198.86,Jonesboro GA,Credit Card,729,0
T002004,C0019,2026-02-18,23:25,Shell,130.01,Miami FL,Credit Card,36,0
T002005,C0009,2026-03-12,14:32,Amazon,230.11,Jonesboro GA,Debit Card,1192,0
T002006,C0054,2026-03-22,21:38,Amazon,490.88,Jonesboro GA,Credit Card,251,0
T002007,C0061,2026-01-24,09:23,Best Buy,64.13,Savannah GA,Debit Card,1586,0
T002008,C0007,2026-03-10,14:08,Walmart,58.19,Atlanta GA,Debit Card,1635,0
T002009,C0013,2026-03-14,07:00,Best Buy,446.2,Marietta GA,Credit Card,258,0
T002010,C0044,2026-01-31,13:14,CVS,145.67,Charlotte NC,Debit Card,1296,0
T002011,C0078,2026-01-20,06:35,CVS,421.18,Jonesboro GA,Debit Card,1226,0
T002012,C0041,2026-03-20,06:10,Amazon,105.55,Marietta GA,Debit Card,216,0
T002013,C0074,2026-02-01,19:14,CVS,66.66,Jonesboro GA,Debit Card,525,0
T002014,C0059,2026-02-05,09:00,CVS,459.22,Marietta GA,Credit Card,519,0
T002015,C0086,2026-01-30,09:54,Shell,225.85,Savannah GA,Debit Card,197,0
T002016,C0053,2026-02-19,18:01,PetSmart,370.89,Savannah GA,Credit Card,1138,0
T002017,C0098,2026-03-09,16:20,Shell,221.14,Marietta GA,Debit Card,72,0
T002018,C0064,2026-03-19,12:23,Home Depot,419.92,Miami FL,Debit Card,325,0
T002019,C0091,2026-02-21,12:13,Target,88.35,Miami FL,Debit Card,673,0
T002020,C0046,2026-01-30,18:38,Best Buy,358.89,Jonesboro GA,Credit Card,1827,0
T002021,C0061,2026-01-09,20:45,Walmart,324.51,Charlotte NC,Credit Card,1668,0
T002022,C0003,2026-01-03,21:27,Best Buy,182.96,Miami FL,Debit Card,1513,0
T002023,C0058,2026-01-30,14:23,Best Buy,131.19,Atlanta GA,Debit Card,1896,0
T002024,C0034,2026-03-16,22:38,PetSmart,113.47,Marietta GA,Credit Card,1117,0
T002025,C0026,2026-01-30,08:45,Walmart,28.75,Savannah GA,Debit Card,1905,0
T002026,C0021,2026-03-09,14:28,Target,128.94,Miami FL,Credit Card,335,0
T002027,C0038,2026-01-24,13:26,Starbucks,436.15,Savannah GA,Debit Card,668,0
T002028,C0022,2026-03-21,07:36,Home Depot,436.55,Atlanta GA,Credit Card,1370,0
T002029,C0095,2026-01-22,13:01,Starbucks,471.3,Jonesboro GA,Debit Card,1684,0
T002030,C0026,2026-01-13,14:52,CVS,38.35,Charlotte NC,Credit Card,1633,0
T002031,C0023,2026-02-17,11:09,Home Depot,278.95,Atlanta GA,Debit Card,1122,0
T002032,C0024,2026-02-04,22:52,Amazon,428.43,Atlanta GA,Debit Card,72,0
T002033,C0065,2026-01-07,21:09,Home Depot,71.8,Atlanta GA,Debit Card,1763,0
T002034,C0017,2026-02-05,20:15,Amazon,289.06,Miami FL,Debit Card,961,0
T002035,C0023,2026-03-19,07:04,Target,85.23,Charlotte NC,Credit Card,802,0
T002036,C0018,2026-03-04,18:35,Walmart,266.8,Jonesboro GA,Debit Card,1138,0
T002037,C0093,2026-03-08,17:50,Best Buy,481.24,Miami FL,Debit Card,1270,0
T002038,C0074,2026-03-05,10:51,Best Buy,87.61,Jonesboro GA,Debit Card,104,0
T002039,C0027,2026-01-15,19:24,Target,421.76,Miami FL,Debit Card,799,0
T002040,C0039,2026-01-03,12:27,Publix,246.17,Atlanta GA,Debit Card,1617,0
T002041,C0082,2026-02-08,18:15,Starbucks,326.29,Savannah GA,Credit Card,321,0
T002042,C0003,2026-03-01,20:23,Amazon,245.95,Savannah GA,Debit Card,1837,0
T002043,C0027,2026-02-01,10:57,PetSmart,480.01,Marietta GA,Debit Card,1340,0
T002044,C0013,2026-02-19,19:04,Shell,178.52,Jonesboro GA,Credit Card,1255,0
T002045,C0038,2026-03-03,08:22,Publix,25.06,Miami FL,Debit Card,708,0
T002046,C0025,2026-01-13,10:47,Shell,10.47,Miami FL,Credit Card,1486,0
T002047,C0072,2026-03-22,22:23,Shell,257.21,Atlanta GA,Credit Card,79,0
T002048,C0058,2026-02-11,15:23,Best Buy,176.73,Jonesboro GA,Debit Card,134,0
T002049,C0067,2026-02-25,22:02,CVS,380.45,Atlanta GA,Debit Card,1394,0
T002050,C0100,2026-01-20,18:21,Home Depot,499.33,Charlotte NC,Credit Card,1382,0
T002051,C0092,2026-01-26,08:39,PetSmart,76.26,Charlotte NC,Debit Card,816,0
T002052,C0036,2026-01-02,10:12,Best Buy,26.79,Marietta GA,Credit Card,886,0
T002053,C0073,2026-03-14,14:58,Amazon,216.32,Savannah GA,Credit Card,461,0
T002054,C0001,2026-03-03,08:14,Target,136.43,Marietta GA,Credit Card,989,0
T002055,C0022,2026-02-13,17:54,PetSmart,336.36,Atlanta GA,Credit Card,990,0
T002056,C0034,2026-02-11,22:09,CVS,317.6,Miami FL,Debit Card,1397,0
T002057,C0088,2026-02-01,13:52,CVS,404.06,Miami FL,Debit Card,75,0
T002058,C0056,2026-02-08,21:46,PetSmart,470.27,Jonesboro GA,Debit Card,858,0
T002059,C0007,2026-01-19,23:14,CVS,57.72,Jonesboro GA,Debit Card,1759,0
T002060,C0029,2026-03-31,23:32,Amazon,463.4,Savannah GA,Credit Card,773,0
T002061,C0053,2026-02-01,11:39,Best Buy,153.05,Savannah GA,Debit Card,1015,0
T002062,C0085,2026-02-25,10:26,Target,220.63,Jonesboro GA,Credit Card,999,0
T002063,C0004,2026-03-04,21:59,Publix,157.46,Jonesboro GA,Credit Card,1992,0
T002064,C0051,2026-01-31,15:15,CVS,217.9,Marietta GA,Debit Card,1280,0
T002065,C0022,2026-01-11,09:05,Publix,298.76,Marietta GA,Debit Card,198,0
T002066,C0095,2026-01-12,10:03,Walmart,248.86,Marietta GA,Debit Card,34,0
T002067,C0061,2026-02-16,17:42,Starbucks,149.25,Atlanta GA,Credit Card,1201,0
T002068,C0012,2026-01-05,08:02,Walmart,168.42,Marietta GA,Debit Card,1288,0
T002069,C0001,2026-03-04,09:17,Amazon,412.97,Marietta GA,Debit Card,1245,0
T002070,C0038,2026-02-06,10:04,CVS,416.74,Miami FL,Credit Card,976,0
T002071,C0078,2026-01-29,15:02,Shell,250.73,Marietta GA,Credit Card,835,0
T002072,C0044,2026-02-15,22:19,Starbucks,406.08,Charlotte NC,Debit Card,631,0
T002073,C0084,2026-02-09,16:13,Best Buy,398.16,Savannah GA,Credit Card,522,0
T002074,C0060,2026-01-08,09:09,Starbucks,23.21,Charlotte NC,Credit Card,250,0
T002075,C0058,2026-02-12,16:37,Starbucks,144.83,Marietta GA,Credit Card,519,0
T002076,C0092,2026-03-24,23:46,PetSmart,65.7,Savannah GA,Debit Card,1233,0
T002077,C0039,2026-02-20,12:22,Amazon,185.28,Savannah GA,Credit Card,165,0
T002078,C0007,2026-03-05,20:42,Walmart,97.35,Jonesboro GA,Debit Card,844,0
T002079,C0091,2026-02-24,16:58,Publix,408.81,Savannah GA,Credit Card,1569,0
T002080,C0073,2026-02-23,08:31,Starbucks,477.37,Atlanta GA,Credit Card,1823,0
T002081,C0043,2026-03-19,21:17,Starbucks,123.81,Atlanta GA,Credit Card,1888,0
T002082,C0026,2026-03-22,17:45,Starbucks,386.58,Savannah GA,Credit Card,732,0
T002083,C0079,2026-03-06,12:13,Publix,56.78,Jonesboro GA,Credit Card,332,0
T002084,C0043,2026-03-17,12:27,Home Depot,445.35,Jonesboro GA,Debit Card,1606,0
T002085,C0094,2026-02-28,07:18,Walmart,271.7,Savannah GA,Debit Card,711,0
T002086,C0003,2026-02-23,20:58,Best Buy,239.89,Miami FL,Credit Card,1841,0
T002087,C0078,2026-01-29,20:16,CVS,418.23,Marietta GA,Debit Card,644,0
T002088,C0084,2026-01-01,22:14,Walmart,200.43,Marietta GA,Debit Card,113,0
T002089,C0029,2026-01-07,08:51,PetSmart,6.11,Marietta GA,Debit Card,1675,0
T002090,C0036,2026-03-23,15:49,Home Depot,13.09,Miami FL,Debit Card,1259,0
T002091,C0085,2026-03-12,15:49,Walmart,269.37,Savannah GA,Credit Card,267,0
T002092,C0031,2026-03-25,12:00,Best Buy,92.73,Miami FL,Debit Card,1433,0
T002093,C0055,2026-01-03,09:08,Target,473.56,Jonesboro GA,Credit Card,1936,0
T002094,C0096,2026-02-23,11:57,Shell,337.55,Marietta GA,Debit Card,903,0
T002095,C0027,2026-02-06,15:34,Starbucks,383.72,Jonesboro GA,Credit Card,1446,0
T002096,C0071,2026-01-01,13:04,Target,437.24,Atlanta GA,Credit Card,1624,0
T002097,C0099,2026-02-13,09:32,Shell,383.63,Marietta GA,Credit Card,1598,0
T002098,C0100,2026-03-20,14:50,Home Depot,243.21,Savannah GA,Credit Card,200,0
T002099,C0046,2026-01-25,23:16,Target,197.0,Jonesboro GA,Credit Card,1515,0
T002100,C0003,2026-02-13,11:33,CVS,85.33,Atlanta GA,Credit Card,1699,0
T002101,C0089,2026-03-22,17:01,Home Depot,495.6,Marietta GA,Debit Card,726,0
T002102,C0050,2026-01-25,21:49,Best Buy,110.12,Atlanta GA,Debit Card,1230,0
T002103,C0096,2026-03-05,23:49,Target,418.08,Charlotte NC,Credit Card,967,0
T002104,C0050,2026-01-06,07:28,Publix,103.56,Charlotte NC,Debit Card,415,0
T002105,C0001,2026-02-17,16:26,CVS,493.89,Jonesboro GA,Credit Card,1565,0
T002106,C0001,2026-01-13,22:35,Publix,71.37,Savannah GA,Credit Card,1599,0
T002107,C0015,2026-03-12,16:07,CVS,249.7,Marietta GA,Debit Card,1309,0
T002108,C0005,2026-02-24,15:02,Publix,270.86,Marietta GA,Debit Card,1788,0
T002109,C0014,2026-02-18,10:17,Walmart,349.47,Jonesboro GA,Credit Card,726,0
T002110,C0053,2026-02-09,15:26,Target,42.18,Miami FL,Debit Card,76,0
T002111,C0004,2026-01-18,22:38,Shell,357.34,Jonesboro GA,Credit Card,1257,0
T002112,C0013,2026-02-12,16:56,Publix,487.45,Atlanta GA,Credit Card,283,0
T002113,C0024,2026-02-05,15:53,CVS,119.6,Marietta GA,Credit Card,1587,0
T002114,C0071,2026-03-26,15:06,Home Depot,453.63,Atlanta GA,Debit Card,1863,0
T002115,C0052,2026-02-12,14:47,Walmart,51.02,Jonesboro GA,Debit Card,136,0
T002116,C0018,2026-03-03,07:30,Target,57.88,Atlanta GA,Credit Card,1687,0
T002117,C0047,2026-03-17,23:57,Best Buy,135.82,Miami FL,Credit Card,1656,0
T002118,C0032,2026-03-14,09:40,Target,96.64,Jonesboro GA,Credit Card,1693,0
T002119,C0003,2026-03-29,22:15,PetSmart,88.84,Marietta GA,Credit Card,865,0
T002120,C0001,2026-01-31,07:27,Home Depot,248.86,Jonesboro GA,Credit Card,462,0
T002121,C0079,2026-02-21,19:58,Best Buy,175.41,Marietta GA,Debit Card,1214,0
T002122,C0037,2026-02-02,21:00,Shell,354.92,Marietta GA,Credit Card,264,0
T002123,C0052,2026-03-15,11:52,CVS,347.19,Marietta GA,Debit Card,1342,0
T002124,C0075,2026-01-06,13:15,Target,70.56,Charlotte NC,Credit Card,1555,0
T002125,C0006,2026-01-28,14:07,Target,70.82,Charlotte NC,Debit Card,1206,0
T002126,C0001,2026-01-02,19:06,Amazon,415.84,Charlotte NC,Credit Card,729,0
T002127,C0027,2026-01-16,17:20,PetSmart,363.54,Marietta GA,Credit Card,871,0
T002128,C0049,2026-01-26,10:13,Home Depot,224.49,Charlotte NC,Debit Card,827,0
T002129,C0046,2026-02-05,19:03,Amazon,247.51,Charlotte NC,Credit Card,546,0
T002130,C0001,2026-01-08,20:33,Best Buy,35.4,Savannah GA,Credit Card,622,0
T002131,C0027,2026-02-05,11:27,Best Buy,74.65,Atlanta GA,Debit Card,1605,0
T002132,C0002,2026-02-14,15:41,PetSmart,295.31,Miami FL,Credit Card,489,0
T002133,C0058,2026-02-19,14:10,Amazon,420.54,Charlotte NC,Debit Card,1013,0
T002134,C0029,2026-03-24,21:24,PetSmart,391.6,Marietta GA,Credit Card,478,0
T002135,C0071,2026-02-17,22:16,Home Depot,59.36,Charlotte NC,Credit Card,1442,0
T002136,C0013,2026-01-03,08:36,Shell,374.47,Charlotte NC,Debit Card,1990,0
T002137,C0014,2026-03-27,23:54,Amazon,405.81,Jonesboro GA,Debit Card,1286,0
T002138,C0074,2026-01-01,10:01,Home Depot,488.84,Marietta GA,Debit Card,700,0
T002139,C0099,2026-01-25,11:06,Home Depot,5.72,Savannah GA,Debit Card,1530,0
T002140,C0040,2026-03-22,18:42,Best Buy,295.17,Jonesboro GA,Debit Card,1754,0
T002141,C0078,2026-03-02,12:56,CVS,52.56,Miami FL,Debit Card,531,0
T002142,C0042,2026-01-31,23:21,Walmart,238.33,Jonesboro GA,Debit Card,1039,0
T002143,C0030,2026-01-14,10:14,Best Buy,346.42,Miami FL,Credit Card,871,0
T002144,C0006,2026-01-10,09:43,Amazon,269.82,Savannah GA,Debit Card,1153,0
T002145,C0057,2026-01-13,07:16,Starbucks,113.14,Marietta GA,Credit Card,53,0
T002146,C0076,2026-02-27,12:05,Best Buy,323.29,Atlanta GA,Debit Card,727,0
T002147,C0031,2026-03-18,23:47,CVS,403.68,Atlanta GA,Credit Card,1318,0
T002148,C0098,2026-03-11,11:42,Amazon,346.05,Atlanta GA,Debit Card,1581,0
T002149,C0090,2026-02-12,09:05,Walmart,398.88,Savannah GA,Credit Card,1061,0
T002150,C0075,2026-03-31,17:59,Amazon,5.05,Miami FL,Debit Card,760,0
T002151,C0097,2026-01-13,06:42,PetSmart,18.32,Miami FL,Credit Card,593,0
T002152,C0025,2026-01-23,12:52,Starbucks,370.05,Marietta GA,Credit Card,458,0
T002153,C0026,2026-02-27,13:39,Starbucks,35.33,Jonesboro GA,Debit Card,305,0
T002154,C0005,2026-02-08,19:09,Target,186.49,Charlotte NC,Credit Card,1438,0
T002155,C0009,2026-02-17,07:34,Starbucks,8.77,Savannah GA,Debit Card,388,0
T002156,C0088,2026-01-28,08:09,Best Buy,383.39,Atlanta GA,Credit Card,880,0
T002157,C0014,2026-03-08,23:56,Best Buy,136.74,Marietta GA,Credit Card,1416,0
T002158,C0068,2026-01-21,23:42,CVS,443.76,Miami FL,Debit Card,1191,0
T002159,C0028,2026-02-26,14:20,PetSmart,307.42,Savannah GA,Credit Card,562,0
T002160,C0078,2026-02-07,18:49,Amazon,102.15,Charlotte NC,Credit Card,1126,0
T002161,C0060,2026-01-17,07:14,Target,399.32,Miami FL,Credit Card,1539,0
T002162,C0090,2026-03-25,10:03,Home Depot,200.33,Atlanta GA,Debit Card,1090,0
T002163,C0024,2026-01-07,22:54,Home Depot,124.04,Marietta GA,Credit Card,1272,0
T002164,C0070,2026-03-10,08:16,Target,172.86,Marietta GA,Credit Card,564,0
T002165,C0043,2026-03-04,12:08,Home Depot,26.79,Marietta GA,Credit Card,1674,0
T002166,C0029,2026-01-10,19:46,Target,314.3,Miami FL,Credit Card,1328,0
T002167,C0070,2026-03-29,14:54,Target,233.15,Charlotte NC,Debit Card,721,0
T002168,C0004,2026-03-30,06:55,Walmart,388.78,Atlanta GA,Credit Card,1688,0
T002169,C0093,2026-03-23,08:05,Walmart,86.64,Atlanta GA,Debit Card,1438,0
T002170,C0025,2026-03-10,17:03,PetSmart,392.91,Atlanta GA,Debit Card,1642,0
T002171,C0081,2026-02-10,18:43,CVS,494.26,Atlanta GA,Credit Card,265,0
T002172,C0065,2026-03-11,10:38,Shell,83.84,Jonesboro GA,Debit Card,1398,0
T002173,C0074,2026-01-10,10:11,Home Depot,248.11,Savannah GA,Debit Card,1718,0
T002174,C0098,2026-03-02,07:32,Shell,160.49,Miami FL,Credit Card,920,0
T002175,C0060,2026-02-03,13:24,Walmart,6.38,Atlanta GA,Credit Card,737,0
T002176,C0082,2026-02-05,22:09,Publix,363.33,Atlanta GA,Debit Card,859,0
T002177,C0049,2026-02-04,22:14,CVS,209.42,Atlanta GA,Credit Card,688,0
T002178,C0048,2026-03-15,18:46,Walmart,411.68,Jonesboro GA,Debit Card,115,0
T002179,C0071,2026-01-27,13:26,Walmart,31.25,Charlotte NC,Debit Card,1263,0
T002180,C0079,2026-01-03,22:11,Home Depot,394.33,Savannah GA,Debit Card,287,0
T002181,C0009,2026-02-20,14:53,Walmart,464.43,Jonesboro GA,Credit Card,1112,0
T002182,C0016,2026-02-03,11:35,Home Depot,134.5,Miami FL,Credit Card,1972,0
T002183,C0061,2026-01-25,22:41,PetSmart,192.15,Marietta GA,Credit Card,161,0
T002184,C0052,2026-01-19,18:39,Shell,338.13,Marietta GA,Credit Card,1418,0
T002185,C0038,2026-01-21,06:15,Starbucks,206.78,Miami FL,Debit Card,1831,0
T002186,C0054,2026-02-09,14:05,Starbucks,110.87,Jonesboro GA,Debit Card,976,0
T002187,C0006,2026-02-17,15:55,Best Buy,82.55,Jonesboro GA,Debit Card,1818,0
T002188,C0006,2026-02-17,16:34,Starbucks,361.96,Savannah GA,Credit Card,1429,0
T002189,C0024,2026-03-02,18:19,Shell,335.99,Marietta GA,Credit Card,872,0
T002190,C0036,2026-01-14,17:15,Shell,387.16,Miami FL,Credit Card,1168,0
T002191,C0090,2026-02-05,16:46,Home Depot,416.06,Miami FL,Credit Card,304,0
T002192,C0060,2026-02-13,07:18,CVS,338.47,Charlotte NC,Credit Card,1436,0
T002193,C0082,2026-01-28,12:48,Walmart,106.3,Jonesboro GA,Credit Card,1717,0
T002194,C0046,2026-01-16,18:46,Amazon,295.63,Miami FL,Debit Card,484,0
T002195,C0019,2026-02-28,22:29,Target,357.1,Atlanta GA,Credit Card,1507,0
T002196,C0016,2026-01-12,12:31,Home Depot,124.34,Atlanta GA,Credit Card,473,0
T002197,C0018,2026-01-06,19:54,Best Buy,499.72,Charlotte NC,Debit Card,101,0
T002198,C0093,2026-02-11,18:06,Target,380.41,Atlanta GA,Debit Card,975,0
T002199,C0065,2026-01-24,12:52,Best Buy,10.28,Miami FL,Credit Card,84,0
T002200,C0004,2026-01-15,23:08,CVS,390.42,Atlanta GA,Debit Card,1745,0
T002201,C0077,2026-02-12,21:40,Home Depot,345.76,Atlanta GA,Credit Card,1469,0
T002202,C0064,2026-03-18,09:46,Shell,412.41,Charlotte NC,Debit Card,1889,0
T002203,C0054,2026-03-20,17:08,Walmart,198.92,Miami FL,Credit Card,1844,0
T002204,C0008,2026-03-09,15:06,Target,405.21,Jonesboro GA,Credit Card,1134,0
T002205,C0038,2026-02-13,06:37,Amazon,267.29,Marietta GA,Debit Card,315,0
T002206,C0097,2026-01-21,12:38,Best Buy,408.4,Marietta GA,Credit Card,1262,0
T002207,C0065,2026-02-12,16:26,Starbucks,228.39,Atlanta GA,Credit Card,187,0
T002208,C0012,2026-03-10,19:47,Shell,69.38,Atlanta GA,Debit Card,117,0
T002209,C0047,2026-02-20,19:27,Walmart,248.73,Jonesboro GA,Credit Card,1649,0
T002210,C0096,2026-01-17,19:49,Walmart,62.67,Miami FL,Credit Card,1763,0
T002211,C0003,2026-01-27,17:24,Walmart,262.53,Marietta GA,Credit Card,844,0
T002212,C0078,2026-02-28,08:20,Target,81.23,Atlanta GA,Debit Card,1955,0
T002213,C0096,2026-02-02,16:22,Amazon,384.96,Atlanta GA,Credit Card,136,0
T002214,C0056,2026-01-14,21:40,Home Depot,220.94,Miami FL,Credit Card,1765,0
T002215,C0063,2026-03-09,14:18,Best Buy,312.48,Miami FL,Credit Card,1565,0
T002216,C0006,2026-01-01,22:28,Target,448.7,Marietta GA,Debit Card,1627,0
T002217,C0025,2026-03-27,23:47,Publix,241.06,Jonesboro GA,Credit Card,1860,0
T002218,C0068,2026-03-24,17:39,Starbucks,109.92,Savannah GA,Credit Card,1512,0
T002219,C0016,2026-03-30,06:38,Walmart,228.51,Atlanta GA,Debit Card,1713,0
T002220,C0007,2026-02-06,11:59,Home Depot,402.63,Jonesboro GA,Credit Card,62,0
T002221,C0092,2026-03-18,19:49,PetSmart,204.41,Jonesboro GA,Credit Card,1308,0
T002222,C0074,2026-03-24,20:05,Best Buy,415.99,Charlotte NC,Debit Card,1850,0
T002223,C0067,2026-03-23,13:09,Shell,291.74,Marietta GA,Debit Card,706,0
T002224,C0073,2026-02-09,12:11,Target,387.29,Jonesboro GA,Credit Card,1853,0
T002225,C0025,2026-01-19,19:25,Target,150.74,Marietta GA,Credit Card,1184,0
T002226,C0072,2026-03-02,10:25,Walmart,495.06,Savannah GA,Credit Card,1341,0
T002227,C0016,2026-01-23,12:19,PetSmart,322.76,Savannah GA,Credit Card,1180,0
T002228,C0093,2026-03-26,17:41,Amazon,166.26,Miami FL,Credit Card,529,0
T002229,C0067,2026-02-06,06:57,Starbucks,418.81,Charlotte NC,Credit Card,735,0
T002230,C0053,2026-03-12,10:25,Target,173.96,Marietta GA,Debit Card,1239,0
T002231,C0098,2026-02-04,08:50,Publix,219.9,Miami FL,Credit Card,1157,0
T002232,C0049,2026-01-10,12:00,CVS,206.43,Savannah GA,Debit Card,1180,0
T002233,C0062,2026-03-09,16:36,Best Buy,384.41,Atlanta GA,Credit Card,719,0
T002234,C0097,2026-02-21,23:09,Target,389.72,Jonesboro GA,Credit Card,522,0
T002235,C0076,2026-01-06,06:53,Shell,314.89,Miami FL,Debit Card,1994,0
T002236,C0022,2026-03-07,19:38,PetSmart,8.22,Marietta GA,Credit Card,830,0
T002237,C0050,2026-02-19,22:12,Target,417.69,Atlanta GA,Credit Card,183,0
T002238,C0011,2026-01-04,07:04,Amazon,412.66,Miami FL,Debit Card,798,0
T002239,C0068,2026-03-22,08:54,Walmart,44.65,Miami FL,Debit Card,1540,0
T002240,C0042,2026-03-22,22:12,Walmart,387.96,Savannah GA,Debit Card,1815,0
T002241,C0075,2026-01-07,17:14,PetSmart,315.35,Charlotte NC,Debit Card,1335,0
T002242,C0036,2026-03-18,15:25,Shell,223.12,Atlanta GA,Debit Card,362,0
T002243,C0008,2026-02-22,10:38,PetSmart,382.67,Marietta GA,Debit Card,310,0
T002244,C0045,2026-03-04,21:59,Walmart,374.2,Miami FL,Credit Card,817,0
T002245,C0007,2026-02-03,06:25,Starbucks,385.71,Miami FL,Credit Card,1948,0
T002246,C0068,2026-01-26,12:29,Home Depot,485.3,Jonesboro GA,Credit Card,505,0
T002247,C0012,2026-01-22,12:22,Starbucks,358.88,Jonesboro GA,Debit Card,1905,0
T002248,C0052,2026-01-27,11:43,Target,234.81,Savannah GA,Credit Card,238,0
T002249,C0011,2026-01-29,19:15,CVS,193.02,Marietta GA,Credit Card,1719,0
T002250,C0066,2026-03-15,17:24,Publix,250.4,Marietta GA,Debit Card,278,0
T002251,C0025,2026-03-11,15:19,Amazon,446.24,Savannah GA,Credit Card,571,0
T002252,C0076,2026-02-11,07:09,Walmart,432.96,Charlotte NC,Credit Card,1799,0
T002253,C0051,2026-01-13,19:17,Shell,486.67,Miami FL,Credit Card,613,0
T002254,C0007,2026-01-14,18:30,Amazon,342.61,Savannah GA,Credit Card,1124,0
T002255,C0014,2026-01-22,11:04,Starbucks,335.3,Savannah GA,Debit Card,58,0
T002256,C0021,2026-01-25,14:33,Target,55.66,Savannah GA,Credit Card,1935,0
T002257,C0054,2026-03-04,20:14,Starbucks,368.6,Miami FL,Debit Card,1582,0
T002258,C0055,2026-03-07,11:34,Amazon,438.94,Miami FL,Credit Card,1425,0
T002259,C0041,2026-02-27,06:31,Best Buy,118.31,Atlanta GA,Debit Card,1638,0
T002260,C0090,2026-01-16,20:30,CVS,204.38,Miami FL,Debit Card,1463,0
T002261,C0008,2026-03-08,10:55,Best Buy,450.65,Savannah GA,Credit Card,1652,0
T002262,C0002,2026-01-11,11:11,Publix,272.61,Atlanta GA,Debit Card,488,0
T002263,C0081,2026-02-20,17:00,Publix,47.66,Jonesboro GA,Credit Card,1621,0
T002264,C0043,2026-02-21,10:46,Home Depot,344.94,Savannah GA,Credit Card,179,0
T002265,C0067,2026-02-20,20:48,Starbucks,167.06,Atlanta GA,Credit Card,1246,0
T002266,C0006,2026-03-21,23:18,Home Depot,121.43,Miami FL,Debit Card,1634,0
T002267,C0070,2026-01-05,16:51,Walmart,446.63,Marietta GA,Credit Card,99,0
T002268,C0078,2026-03-18,14:32,Amazon,487.63,Charlotte NC,Debit Card,627,0
T002269,C0083,2026-03-20,22:35,Starbucks,423.84,Jonesboro GA,Debit Card,1319,0
T002270,C0009,2026-03-11,22:29,Target,228.67,Jonesboro GA,Debit Card,1689,0
T002271,C0097,2026-01-23,13:57,Walmart,50.37,Charlotte NC,Debit Card,1144,0
T002272,C0052,2026-03-26,11:01,PetSmart,102.01,Savannah GA,Debit Card,1942,0
T002273,C0079,2026-03-20,08:46,PetSmart,391.22,Jonesboro GA,Debit Card,1315,0
T002274,C0085,2026-01-20,19:32,PetSmart,195.31,Savannah GA,Debit Card,1048,0
T002275,C0092,2026-01-26,21:47,Starbucks,260.48,Marietta GA,Debit Card,108,0
T002276,C0083,2026-01-24,13:23,Home Depot,202.3,Jonesboro GA,Credit Card,136,0
T002277,C0090,2026-02-19,18:46,Shell,379.01,Atlanta GA,Debit Card,1298,0
T002278,C0043,2026-01-16,11:17,PetSmart,20.16,Miami FL,Credit Card,1872,0
T002279,C0070,2026-02-04,14:11,Starbucks,426.98,Charlotte NC,Debit Card,1943,0
T002280,C0068,2026-02-15,15:11,Best Buy,102.07,Savannah GA,Debit Card,1337,0
T002281,C0032,2026-01-29,12:34,Starbucks,395.82,Charlotte NC,Debit Card,1997,0
T002282,C0074,2026-01-11,16:11,Target,86.39,Jonesboro GA,Debit Card,1121,0
T002283,C0098,2026-02-13,18:10,Publix,93.06,Charlotte NC,Debit Card,1208,0
T002284,C0022,2026-01-29,16:33,Best Buy,434.83,Miami FL,Credit Card,1275,0
T002285,C0088,2026-03-06,09:35,Publix,430.92,Atlanta GA,Credit Card,1485,0
T002286,C0051,2026-03-04,22:16,Publix,476.06,Jonesboro GA,Credit Card,1988,0
T002287,C0050,2026-03-04,15:52,Home Depot,306.89,Jonesboro GA,Credit Card,565,0
T002288,C0029,2026-01-16,22:52,Walmart,315.92,Marietta GA,Debit Card,1211,0
T002289,C0010,2026-01-26,22:53,Target,86.58,Savannah GA,Debit Card,1473,0
T002290,C0043,2026-01-12,17:13,CVS,397.76,Marietta GA,Debit Card,837,0
T002291,C0040,2026-02-11,16:12,Target,229.57,Jonesboro GA,Debit Card,249,0
T002292,C0028,2026-03-02,22:06,Starbucks,409.68,Jonesboro GA,Credit Card,517,0
T002293,C0055,2026-03-21,14:54,PetSmart,12.95,Jonesboro GA,Credit Card,336,0
T002294,C0090,2026-02-15,11:29,Target,22.42,Jonesboro GA,Credit Card,814,0
T002295,C0079,2026-03-19,10:48,Home Depot,282.94,Atlanta GA,Debit Card,1008,0
T002296,C0001,2026-03-07,22:35,Shell,121.33,Jonesboro GA,Credit Card,1784,0
T002297,C0099,2026-02-12,23:51,Publix,445.64,Savannah GA,Credit Card,1899,0
T002298,C0100,2026-03-16,22:26,Best Buy,478.0,Savannah GA,Credit Card,1652,0
T002299,C0097,2026-01-22,10:31,PetSmart,143.37,Miami FL,Debit Card,1476,0
T002300,C0044,2026-02-13,19:23,Home Depot,272.97,Jonesboro GA,Debit Card,1661,0
T002301,C0041,2026-02-08,09:05,CVS,253.51,Jonesboro GA,Credit Card,1693,0
T002302,C0089,2026-01-01,07:02,Best Buy,72.38,Jonesboro GA,Credit Card,349,0
T002303,C0040,2026-01-30,08:15,Publix,295.23,Charlotte NC,Credit Card,298,0
T002304,C0083,2026-01-01,16:21,Target,39.28,Jonesboro GA,Debit Card,1014,0
T002305,C0005,2026-01-24,09:18,Home Depot,280.0,Marietta GA,Debit Card,651,0
T002306,C0037,2026-03-21,21:09,Home Depot,195.98,Miami FL,Debit Card,1053,0
T002307,C0089,2026-02-26,15:41,Amazon,449.94,Savannah GA,Debit Card,876,0
T002308,C0020,2026-01-22,17:18,Walmart,423.75,Marietta GA,Debit Card,458,0
T002309,C0009,2026-01-14,10:12,Home Depot,355.25,Marietta GA,Credit Card,1742,0
T002310,C0009,2026-03-24,06:40,Starbucks,439.94,Marietta GA,Credit Card,654,0
T002311,C0080,2026-01-12,22:15,Target,370.46,Atlanta GA,Debit Card,880,0
T002312,C0034,2026-03-01,17:01,PetSmart,360.18,Marietta GA,Credit Card,1120,0
T002313,C0022,2026-01-23,11:57,PetSmart,334.25,Savannah GA,Credit Card,746,0
T002314,C0062,2026-02-16,23:40,PetSmart,374.68,Jonesboro GA,Debit Card,574,0
T002315,C0062,2026-01-05,16:09,Starbucks,432.06,Savannah GA,Credit Card,1296,0
T002316,C0012,2026-03-26,23:15,Home Depot,194.29,Charlotte NC,Debit Card,1524,0
T002317,C0014,2026-01-16,21:11,Best Buy,360.55,Atlanta GA,Credit Card,159,0
T002318,C0059,2026-01-28,11:53,Amazon,394.67,Marietta GA,Debit Card,1926,0
T002319,C0004,2026-03-14,12:47,Publix,81.82,Marietta GA,Credit Card,873,0
T002320,C0022,2026-03-26,08:40,Target,400.7,Charlotte NC,Debit Card,650,0
T002321,C0031,2026-01-22,16:41,Home Depot,122.05,Miami FL,Credit Card,774,0
T002322,C0090,2026-02-09,14:26,Amazon,163.5,Miami FL,Credit Card,280,0
T002323,C0063,2026-02-20,15:15,PetSmart,113.34,Charlotte NC,Debit Card,1959,0
T002324,C0003,2026-03-15,21:39,CVS,433.39,Jonesboro GA,Debit Card,1495,0
T002325,C0093,2026-03-16,20:00,Target,303.79,Marietta GA,Debit Card,412,0
T002326,C0074,2026-02-12,13:42,Starbucks,85.23,Savannah GA,Credit Card,1875,0
T002327,C0077,2026-01-28,21:45,PetSmart,360.79,Miami FL,Debit Card,1863,0
T002328,C0042,2026-01-04,09:08,Starbucks,69.68,Miami FL,Credit Card,1654,0
T002329,C0047,2026-01-23,07:56,Best Buy,276.25,Charlotte NC,Credit Card,121,0
T002330,C0034,2026-03-06,20:22,Home Depot,261.72,Savannah GA,Debit Card,1430,0
T002331,C0027,2026-03-23,23:25,Publix,96.4,Charlotte NC,Debit Card,1922,0
T002332,C0008,2026-02-08,13:59,Walmart,142.67,Marietta GA,Credit Card,824,0
T002333,C0083,2026-01-09,17:53,Target,59.19,Miami FL,Debit Card,1815,0
T002334,C0021,2026-01-20,11:49,Amazon,16.31,Charlotte NC,Credit Card,1928,0
T002335,C0094,2026-01-12,15:12,CVS,333.68,Charlotte NC,Debit Card,1008,0
T002336,C0036,2026-01-26,06:36,Home Depot,307.98,Marietta GA,Credit Card,881,0
T002337,C0061,2026-01-15,10:25,Target,51.0,Marietta GA,Debit Card,129,0
T002338,C0082,2026-01-21,09:55,Starbucks,62.2,Charlotte NC,Credit Card,1436,0
T002339,C0090,2026-01-18,07:07,PetSmart,377.57,Savannah GA,Debit Card,1270,0
T002340,C0099,2026-01-14,10:58,Target,194.38,Atlanta GA,Credit Card,400,0
T002341,C0006,2026-02-13,22:48,Target,226.01,Miami FL,Credit Card,926,0
T002342,C0032,2026-03-15,12:27,Amazon,23.33,Miami FL,Credit Card,808,0
T002343,C0044,2026-02-28,15:49,Amazon,331.87,Miami FL,Credit Card,1096,0
T002344,C0014,2026-02-06,06:50,Starbucks,54.73,Jonesboro GA,Credit Card,1173,0
T002345,C0088,2026-01-02,16:08,Best Buy,461.35,Charlotte NC,Credit Card,337,0
T002346,C0077,2026-03-17,12:44,Shell,13.47,Savannah GA,Credit Card,1764,0
T002347,C0047,2026-01-09,06:51,Publix,420.62,Charlotte NC,Debit Card,1936,0
T002348,C0028,2026-03-30,21:52,CVS,68.46,Miami FL,Debit Card,64,0
T002349,C0100,2026-02-05,12:27,Target,63.73,Marietta GA,Debit Card,1945,0
T002350,C0046,2026-01-17,12:54,Home Depot,196.75,Jonesboro GA,Debit Card,85,0
T002351,C0034,2026-03-03,07:27,Target,17.69,Charlotte NC,Credit Card,282,0
T002352,C0047,2026-03-05,14:03,CVS,119.25,Marietta GA,Debit Card,370,0
T002353,C0077,2026-01-11,19:27,CVS,360.83,Atlanta GA,Debit Card,1795,0
T002354,C0076,2026-02-06,22:41,Walmart,69.34,Savannah GA,Credit Card,1965,0
T002355,C0014,2026-01-21,06:14,Publix,476.69,Jonesboro GA,Debit Card,1466,0
T002356,C0091,2026-01-03,17:58,Shell,34.03,Atlanta GA,Credit Card,1883,0
T002357,C0052,2026-02-09,08:23,PetSmart,187.44,Miami FL,Debit Card,936,0
T002358,C0076,2026-01-23,13:16,Publix,215.46,Jonesboro GA,Debit Card,1012,0
T002359,C0014,2026-01-15,07:35,Starbucks,219.92,Jonesboro GA,Debit Card,151,0
T002360,C0099,2026-01-04,19:35,Target,24.17,Miami FL,Credit Card,500,0
T002361,C0013,2026-01-12,21:10,PetSmart,382.9,Savannah GA,Debit Card,897,0
T002362,C0067,2026-03-27,17:28,Walmart,260.84,Miami FL,Credit Card,249,0
T002363,C0019,2026-01-08,20:05,CVS,487.23,Atlanta GA,Credit Card,430,0
T002364,C0066,2026-01-07,20:45,Walmart,55.32,Savannah GA,Debit Card,499,0
T002365,C0043,2026-03-09,14:31,Target,183.75,Atlanta GA,Debit Card,644,0
T002366,C0026,2026-01-04,06:36,Best Buy,353.51,Marietta GA,Credit Card,921,0
T002367,C0024,2026-02-24,14:31,Publix,226.18,Miami FL,Debit Card,90,0
T002368,C0027,2026-03-27,12:38,Target,170.21,Miami FL,Credit Card,854,0
T002369,C0021,2026-02-25,10:05,PetSmart,445.37,Jonesboro GA,Debit Card,753,0
T002370,C0075,2026-03-31,21:01,Target,416.19,Miami FL,Credit Card,95,0
T002371,C0008,2026-02-09,16:40,Shell,215.65,Savannah GA,Debit Card,1236,0
T002372,C0004,2026-03-04,20:07,Target,226.23,Atlanta GA,Credit Card,1901,0
T002373,C0033,2026-03-11,23:04,Walmart,294.85,Atlanta GA,Debit Card,1710,0
T002374,C0092,2026-02-10,13:42,CVS,289.21,Charlotte NC,Debit Card,1479,0
T002375,C0009,2026-03-19,22:02,Publix,131.48,Marietta GA,Credit Card,1684,0
T002376,C0076,2026-02-20,22:31,Shell,464.98,Charlotte NC,Debit Card,1338,0
T002377,C0029,2026-03-29,09:52,Target,297.21,Marietta GA,Debit Card,879,0
T002378,C0049,2026-02-18,09:09,CVS,55.52,Miami FL,Debit Card,472,0
T002379,C0063,2026-02-04,13:14,Shell,242.55,Atlanta GA,Debit Card,1731,0
T002380,C0023,2026-03-30,22:42,Publix,109.41,Savannah GA,Credit Card,1240,0
T002381,C0077,2026-02-27,06:04,Shell,497.86,Miami FL,Credit Card,1487,0
T002382,C0034,2026-03-01,07:32,Starbucks,18.02,Savannah GA,Credit Card,973,0
T002383,C0070,2026-01-21,06:40,Starbucks,208.32,Atlanta GA,Credit Card,1675,0
T002384,C0085,2026-03-29,22:38,Shell,121.43,Atlanta GA,Credit Card,1063,0
T002385,C0100,2026-01-11,20:01,CVS,449.24,Savannah GA,Credit Card,1526,0
T002386,C0069,2026-03-07,06:52,Home Depot,464.26,Charlotte NC,Debit Card,1710,0
T002387,C0010,2026-01-18,11:48,Home Depot,155.54,Savannah GA,Debit Card,276,0
T002388,C0058,2026-02-26,22:23,Publix,287.69,Miami FL,Credit Card,926,0
T002389,C0002,2026-02-03,23:02,Home Depot,406.88,Marietta GA,Credit Card,887,0
T002390,C0061,2026-01-24,12:24,Publix,415.26,Savannah GA,Credit Card,1183,0
T002391,C0011,2026-03-24,08:59,Shell,50.29,Miami FL,Debit Card,353,0
T002392,C0066,2026-03-18,19:35,PetSmart,396.77,Charlotte NC,Debit Card,1881,0
T002393,C0065,2026-03-27,21:42,Starbucks,291.41,Savannah GA,Debit Card,1331,0
T002394,C0007,2026-01-16,14:57,Shell,118.52,Atlanta GA,Debit Card,1648,0
T002395,C0012,2026-01-06,21:57,CVS,180.53,Savannah GA,Credit Card,1160,0
T002396,C0083,2026-03-30,23:35,Amazon,145.64,Marietta GA,Debit Card,489,0
T002397,C0043,2026-02-28,18:11,Best Buy,390.62,Jonesboro GA,Credit Card,629,0
T002398,C0082,2026-02-06,18:24,Walmart,352.5,Miami FL,Debit Card,1149,0
T002399,C0032,2026-02-27,22:19,Shell,17.68,Miami FL,Debit Card,340,0
T002400,C0009,2026-01-14,18:09,PetSmart,282.61,Atlanta GA,Credit Card,357,0
T002401,C0046,2026-03-11,10:00,CVS,141.23,Marietta GA,Debit Card,1059,0
T002402,C0074,2026-03-06,13:39,Amazon,268.69,Jonesboro GA,Debit Card,114,0
T002403,C0056,2026-03-09,20:38,Starbucks,242.36,Jonesboro GA,Debit Card,1209,0
T002404,C0009,2026-01-10,12:53,Best Buy,49.15,Atlanta GA,Credit Card,261,0
T002405,C0076,2026-01-27,19:06,Amazon,499.3,Jonesboro GA,Credit Card,506,0
T002406,C0028,2026-02-13,11:15,PetSmart,447.75,Charlotte NC,Debit Card,119,0
T002407,C0033,2026-03-31,06:58,Publix,203.3,Miami FL,Credit Card,369,0
T002408,C0047,2026-01-16,09:27,Shell,76.6,Jonesboro GA,Debit Card,681,0
T002409,C0084,2026-03-14,19:25,Walmart,140.43,Marietta GA,Debit Card,1760,0
T002410,C0009,2026-01-09,22:08,PetSmart,448.8,Charlotte NC,Debit Card,1463,0
T002411,C0034,2026-01-01,18:29,CVS,275.62,Miami FL,Credit Card,1736,0
T002412,C0071,2026-02-04,19:33,Starbucks,44.41,Atlanta GA,Debit Card,1766,0
T002413,C0014,2026-03-22,18:16,Amazon,459.96,Jonesboro GA,Credit Card,1148,0
T002414,C0055,2026-03-16,18:44,CVS,350.95,Charlotte NC,Credit Card,1296,0
T002415,C0071,2026-03-30,08:20,PetSmart,285.77,Jonesboro GA,Debit Card,726,0
T002416,C0076,2026-03-20,10:46,Shell,59.77,Jonesboro GA,Credit Card,1256,0
T002417,C0087,2026-02-01,18:56,Starbucks,497.37,Atlanta GA,Debit Card,1452,0
T002418,C0006,2026-02-24,07:14,Publix,239.87,Atlanta GA,Credit Card,1735,0
T002419,C0077,2026-02-10,13:26,Home Depot,107.54,Miami FL,Debit Card,1482,0
T002420,C0083,2026-03-18,07:24,Starbucks,167.19,Atlanta GA,Debit Card,1024,0
T002421,C0001,2026-02-08,22:37,Walmart,404.46,Atlanta GA,Debit Card,542,0
T002422,C0023,2026-03-29,14:50,Walmart,499.33,Jonesboro GA,Debit Card,1879,0
T002423,C0095,2026-02-22,07:20,Home Depot,218.51,Miami FL,Debit Card,1646,0
T002424,C0056,2026-02-09,16:27,Shell,410.99,Marietta GA,Credit Card,1801,0
T002425,C0047,2026-01-04,20:50,PetSmart,271.07,Savannah GA,Debit Card,1981,0
T002426,C0040,2026-03-19,06:27,Publix,391.72,Marietta GA,Credit Card,297,0
T002427,C0032,2026-01-17,11:49,Publix,438.56,Jonesboro GA,Debit Card,887,0
T002428,C0044,2026-02-12,17:14,Shell,201.26,Atlanta GA,Credit Card,1925,0
T002429,C0007,2026-01-24,09:11,Walmart,84.33,Charlotte NC,Debit Card,341,0
T002430,C0038,2026-03-03,21:19,Starbucks,482.35,Savannah GA,Debit Card,851,0
T002431,C0018,2026-01-14,08:11,Publix,198.12,Miami FL,Credit Card,605,0
T002432,C0091,2026-03-06,14:34,Target,455.81,Atlanta GA,Debit Card,1662,0
T002433,C0067,2026-03-10,06:06,Best Buy,381.44,Atlanta GA,Credit Card,1001,0
T002434,C0076,2026-03-13,10:12,Home Depot,356.93,Savannah GA,Debit Card,1821,0
T002435,C0011,2026-01-02,14:28,Starbucks,224.82,Miami FL,Debit Card,306,0
T002436,C0092,2026-02-24,08:09,Best Buy,321.1,Jonesboro GA,Credit Card,1525,0
T002437,C0015,2026-01-30,21:21,Starbucks,266.74,Atlanta GA,Credit Card,496,0
T002438,C0056,2026-03-10,07:29,Publix,433.87,Charlotte NC,Debit Card,1164,0
T002439,C0045,2026-01-23,15:08,Starbucks,474.25,Jonesboro GA,Debit Card,282,0
T002440,C0086,2026-02-02,17:51,Home Depot,254.21,Charlotte NC,Credit Card,1570,0
T002441,C0035,2026-03-25,17:18,Walmart,130.96,Atlanta GA,Debit Card,1365,0
T002442,C0060,2026-01-10,09:08,Publix,435.59,Charlotte NC,Credit Card,1964,0
T002443,C0025,2026-03-10,21:43,Starbucks,146.31,Charlotte NC,Debit Card,1955,0
T002444,C0080,2026-02-20,12:15,Target,451.08,Savannah GA,Debit Card,1390,0
T002445,C0038,2026-03-13,23:24,Starbucks,20.2,Savannah GA,Credit Card,1433,0
T002446,C0022,2026-03-25,23:03,Target,358.54,Savannah GA,Debit Card,1670,0
T002447,C0009,2026-02-02,16:45,CVS,414.22,Savannah GA,Credit Card,1331,0
T002448,C0025,2026-03-11,22:53,Walmart,165.87,Savannah GA,Credit Card,326,0
T002449,C0035,2026-02-09,06:02,CVS,424.65,Marietta GA,Debit Card,1786,0
T002450,C0090,2026-02-20,20:30,Target,359.0,Miami FL,Credit Card,1064,0
T002451,C0037,2026-01-23,14:16,Home Depot,175.94,Atlanta GA,Debit Card,550,0
T002452,C0086,2026-03-10,12:52,Publix,216.61,Jonesboro GA,Debit Card,1125,0
T002453,C0047,2026-03-12,09:00,Target,227.92,Savannah GA,Credit Card,1344,0
T002454,C0088,2026-02-28,22:32,Publix,77.81,Marietta GA,Credit Card,1383,0
T002455,C0033,2026-03-14,19:37,Home Depot,402.93,Charlotte NC,Debit Card,1110,0
T002456,C0066,2026-02-10,21:37,Starbucks,156.51,Charlotte NC,Credit Card,1469,0
T002457,C0018,2026-03-29,10:16,PetSmart,420.67,Atlanta GA,Debit Card,801,0
T002458,C0030,2026-01-23,14:08,Walmart,356.68,Atlanta GA,Debit Card,1882,0
T002459,C0027,2026-01-21,22:15,Home Depot,298.23,Charlotte NC,Credit Card,517,0
T002460,C0073,2026-03-26,23:31,Target,492.74,Marietta GA,Credit Card,91,0
T002461,C0051,2026-03-08,22:59,Starbucks,491.79,Miami FL,Credit Card,131,0
T002462,C0092,2026-01-16,07:52,CVS,88.05,Miami FL,Credit Card,269,0
T002463,C0002,2026-01-03,08:44,Starbucks,445.04,Marietta GA,Credit Card,1099,0
T002464,C0050,2026-01-04,22:53,PetSmart,61.73,Savannah GA,Debit Card,1323,0
T002465,C0077,2026-01-16,06:35,Home Depot,358.86,Charlotte NC,Debit Card,201,0
T002466,C0038,2026-02-06,07:58,Amazon,399.45,Jonesboro GA,Debit Card,1513,0
T002467,C0031,2026-03-24,08:37,Home Depot,326.69,Jonesboro GA,Debit Card,1075,0
T002468,C0097,2026-03-12,10:12,Walmart,213.46,Savannah GA,Debit Card,674,0
T002469,C0040,2026-01-13,07:00,Best Buy,416.87,Miami FL,Debit Card,436,0
T002470,C0094,2026-01-01,17:52,Walmart,458.42,Savannah GA,Debit Card,1700,0
T002471,C0036,2026-01-10,16:01,Publix,221.58,Charlotte NC,Debit Card,1879,0
T002472,C0089,2026-03-27,18:27,Walmart,486.36,Savannah GA,Debit Card,580,0
T002473,C0012,2026-02-08,08:45,Target,458.49,Atlanta GA,Debit Card,214,0
T002474,C0091,2026-03-11,16:06,Amazon,404.84,Jonesboro GA,Credit Card,846,0
T002475,C0079,2026-03-20,06:23,CVS,25.77,Jonesboro GA,Debit Card,1613,0
T002476,C0072,2026-02-07,23:09,Amazon,276.38,Savannah GA,Debit Card,803,0
T002477,C0069,2026-03-19,20:50,CVS,83.86,Miami FL,Debit Card,61,0
T002478,C0068,2026-03-08,09:30,Amazon,281.22,Miami FL,Debit Card,1113,0
T002479,C0088,2026-02-17,19:11,PetSmart,185.22,Miami FL,Credit Card,773,0
T002480,C0059,2026-01-03,13:08,Target,448.91,Miami FL,Debit Card,75,0
T002481,C0012,2026-03-22,22:36,Starbucks,230.0,Savannah GA,Debit Card,1174,0
T002482,C0024,2026-03-12,06:48,Best Buy,489.0,Atlanta GA,Debit Card,1962,0
T002483,C0074,2026-02-16,16:32,Publix,393.06,Marietta GA,Credit Card,673,0
T002484,C0016,2026-01-12,10:31,PetSmart,148.94,Savannah GA,Debit Card,637,0
T002485,C0050,2026-03-28,23:09,CVS,52.8,Marietta GA,Credit Card,604,0
T002486,C0012,2026-02-25,14:11,CVS,470.28,Charlotte NC,Debit Card,363,0
T002487,C0019,2026-01-10,20:03,CVS,258.55,Savannah GA,Debit Card,1691,0
T002488,C0091,2026-01-17,09:52,Shell,136.87,Charlotte NC,Debit Card,1163,0
T002489,C0045,2026-01-06,16:27,Shell,417.55,Jonesboro GA,Debit Card,1626,0
T002490,C0065,2026-02-16,21:53,Starbucks,67.53,Atlanta GA,Credit Card,30,0
T002491,C0091,2026-02-21,13:59,CVS,36.37,Atlanta GA,Credit Card,1472,0
T002492,C0044,2026-01-28,10:17,Best Buy,232.38,Jonesboro GA,Credit Card,1765,0
T002493,C0061,2026-03-20,16:56,Starbucks,460.17,Miami FL,Credit Card,1506,0
T002494,C0036,2026-03-25,22:11,Walmart,245.31,Atlanta GA,Credit Card,359,0
T002495,C0089,2026-01-18,19:04,Shell,123.98,Charlotte NC,Debit Card,827,0
T002496,C0070,2026-02-14,23:41,Publix,37.63,Atlanta GA,Debit Card,1459,0
T002497,C0097,2026-01-01,11:54,Walmart,289.31,Atlanta GA,Credit Card,979,0
T002498,C0014,2026-01-06,17:14,Target,216.56,Jonesboro GA,Credit Card,1969,0
T002499,C0057,2026-01-05,20:04,Walmart,103.81,Miami FL,Credit Card,1688,0
T002500,C0056,2026-03-03,14:57,CVS,7.28,Jonesboro GA,Credit Card,1464,0
T002501,C0084,2026-02-11,15:14,Target,283.08,Miami FL,Debit Card,1690,0
T002502,C0083,2026-03-13,12:55,Starbucks,209.54,Miami FL,Debit Card,1786,0
T002503,C0053,2026-03-02,09:26,Publix,143.12,Marietta GA,Debit Card,1742,0
T002504,C0094,2026-01-26,15:51,Target,488.82,Miami FL,Credit Card,1132,0
T002505,C0011,2026-02-12,07:09,Amazon,22.58,Charlotte NC,Credit Card,750,0
T002506,C0100,2026-01-24,08:29,Home Depot,114.78,Charlotte NC,Debit Card,1857,0
T002507,C0038,2026-03-09,13:21,Amazon,221.74,Charlotte NC,Debit Card,1814,0
T002508,C0020,2026-02-04,23:27,Best Buy,205.79,Miami FL,Credit Card,109,0
T002509,C0096,2026-01-29,14:57,Best Buy,296.2,Savannah GA,Credit Card,643,0
T002510,C0070,2026-02-10,13:24,Home Depot,484.0,Marietta GA,Debit Card,1916,0
T002511,C0081,2026-02-12,16:03,Shell,272.4,Savannah GA,Credit Card,942,0
T002512,C0057,2026-02-27,16:22,Shell,199.77,Charlotte NC,Credit Card,193,0
T002513,C0047,2026-01-02,07:34,Best Buy,284.46,Marietta GA,Credit Card,1948,0
T002514,C0043,2026-03-31,15:46,Publix,249.23,Atlanta GA,Credit Card,86,0
T002515,C0086,2026-01-11,09:29,CVS,54.37,Atlanta GA,Credit Card,1625,0
T002516,C0065,2026-02-07,20:43,Best Buy,75.45,Atlanta GA,Credit Card,826,0
T002517,C0007,2026-03-21,17:58,Starbucks,206.03,Marietta GA,Credit Card,508,0
T002518,C0041,2026-01-01,08:42,Shell,342.88,Charlotte NC,Credit Card,306,0
T002519,C0024,2026-01-08,06:10,PetSmart,436.6,Jonesboro GA,Debit Card,1791,0
T002520,C0054,2026-01-28,11:58,Walmart,59.94,Atlanta GA,Debit Card,1829,0
T002521,C0045,2026-03-21,16:02,CVS,318.69,Jonesboro GA,Debit Card,927,0
T002522,C0037,2026-01-25,10:29,Walmart,383.67,Savannah GA,Credit Card,1248,0
T002523,C0071,2026-01-30,08:03,Walmart,323.74,Jonesboro GA,Debit Card,49,0
T002524,C0051,2026-01-02,12:44,Shell,485.07,Charlotte NC,Credit Card,1867,0
T002525,C0075,2026-01-05,12:27,Target,177.36,Atlanta GA,Debit Card,123,0
T002526,C0065,2026-03-11,15:40,CVS,36.88,Charlotte NC,Debit Card,1286,0
T002527,C0013,2026-03-20,11:34,Amazon,440.85,Charlotte NC,Debit Card,765,0
T002528,C0045,2026-02-16,18:04,Amazon,77.52,Jonesboro GA,Debit Card,98,0
T002529,C0008,2026-02-20,19:58,Best Buy,323.84,Savannah GA,Credit Card,1891,0
T002530,C0071,2026-03-03,14:02,Walmart,359.98,Atlanta GA,Debit Card,1623,0
T002531,C0090,2026-01-17,12:42,Amazon,348.72,Savannah GA,Debit Card,426,0
T002532,C0073,2026-01-03,06:25,Shell,431.63,Jonesboro GA,Debit Card,1035,0
T002533,C0059,2026-01-28,11:40,Best Buy,167.41,Marietta GA,Debit Card,742,0
T002534,C0002,2026-02-10,14:08,Target,492.76,Savannah GA,Credit Card,1870,0
T002535,C0051,2026-02-02,11:37,Starbucks,232.39,Jonesboro GA,Credit Card,155,0
T002536,C0081,2026-01-29,15:21,Starbucks,113.32,Charlotte NC,Credit Card,1783,0
T002537,C0013,2026-03-24,19:53,Target,287.8,Atlanta GA,Credit Card,1416,0
T002538,C0006,2026-03-11,23:58,Publix,320.42,Marietta GA,Credit Card,877,0
T002539,C0066,2026-01-15,08:24,Shell,79.98,Marietta GA,Credit Card,834,0
T002540,C0057,2026-03-28,16:59,Amazon,144.39,Marietta GA,Credit Card,1897,0
T002541,C0059,2026-03-14,11:05,Publix,165.02,Miami FL,Debit Card,380,0
T002542,C0076,2026-01-06,13:53,CVS,87.91,Savannah GA,Debit Card,522,0
T002543,C0054,2026-02-15,22:11,Starbucks,231.5,Atlanta GA,Credit Card,189,0
T002544,C0033,2026-01-17,06:58,PetSmart,348.98,Savannah GA,Credit Card,941,0
T002545,C0015,2026-03-12,06:11,Target,116.7,Jonesboro GA,Credit Card,417,0
T002546,C0056,2026-03-09,09:33,Starbucks,38.42,Atlanta GA,Credit Card,1203,0
T002547,C0063,2026-02-25,09:49,Walmart,284.94,Charlotte NC,Debit Card,259,0
T002548,C0065,2026-03-12,08:46,Best Buy,169.5,Marietta GA,Debit Card,1235,0
T002549,C0041,2026-03-02,11:45,CVS,346.68,Charlotte NC,Debit Card,1444,0
T002550,C0013,2026-02-13,13:30,Best Buy,355.87,Miami FL,Credit Card,1125,0
T002551,C0098,2026-02-18,10:32,CVS,276.01,Marietta GA,Credit Card,1890,0
T002552,C0075,2026-02-09,07:42,PetSmart,169.19,Marietta GA,Debit Card,226,0
T002553,C0066,2026-01-07,11:35,Starbucks,85.44,Marietta GA,Debit Card,467,0
T002554,C0079,2026-01-30,10:42,Shell,314.51,Miami FL,Credit Card,1966,0
T002555,C0020,2026-03-04,14:41,Walmart,142.33,Jonesboro GA,Credit Card,462,0
T002556,C0094,2026-02-16,12:44,Starbucks,37.69,Charlotte NC,Credit Card,50,0
T002557,C0087,2026-03-23,12:03,Starbucks,68.15,Charlotte NC,Credit Card,597,0
T002558,C0092,2026-02-26,21:22,Starbucks,69.64,Marietta GA,Credit Card,1771,0
T002559,C0017,2026-01-06,10:32,Target,360.34,Marietta GA,Debit Card,221,0
T002560,C0054,2026-01-26,06:43,Publix,130.47,Atlanta GA,Debit Card,1719,0
T002561,C0008,2026-02-26,20:29,Publix,467.78,Charlotte NC,Credit Card,758,0
T002562,C0051,2026-01-10,06:41,CVS,70.35,Atlanta GA,Credit Card,361,0
T002563,C0077,2026-02-18,07:55,Target,237.49,Savannah GA,Credit Card,1965,0
T002564,C0021,2026-01-04,14:15,CVS,64.07,Charlotte NC,Credit Card,1754,0
T002565,C0095,2026-02-20,11:09,Home Depot,311.94,Jonesboro GA,Credit Card,1192,0
T002566,C0011,2026-03-06,07:23,Amazon,245.99,Atlanta GA,Debit Card,861,0
T002567,C0072,2026-01-06,18:14,Publix,232.95,Savannah GA,Debit Card,1464,0
T002568,C0051,2026-01-08,15:37,Starbucks,184.22,Atlanta GA,Debit Card,617,0
T002569,C0100,2026-02-25,18:12,Shell,223.28,Jonesboro GA,Credit Card,1432,0
T002570,C0040,2026-02-14,06:19,CVS,285.94,Marietta GA,Credit Card,1355,0
T002571,C0078,2026-01-22,18:08,Best Buy,98.94,Marietta GA,Debit Card,918,0
T002572,C0016,2026-02-22,10:58,Target,131.58,Jonesboro GA,Credit Card,1727,0
T002573,C0095,2026-01-20,09:43,Publix,136.94,Charlotte NC,Debit Card,1084,0
T002574,C0066,2026-03-18,09:47,Walmart,474.83,Miami FL,Debit Card,1305,0
T002575,C0053,2026-01-11,18:16,Starbucks,363.56,Charlotte NC,Credit Card,481,0
T002576,C0026,2026-02-06,20:11,Home Depot,444.24,Jonesboro GA,Credit Card,1850,0
T002577,C0047,2026-02-03,12:52,Walmart,116.33,Jonesboro GA,Credit Card,101,0
T002578,C0089,2026-02-16,22:31,Amazon,354.67,Atlanta GA,Credit Card,860,0
T002579,C0004,2026-03-01,18:58,Publix,188.05,Charlotte NC,Debit Card,1442,0
T002580,C0073,2026-02-21,14:46,Shell,399.05,Savannah GA,Debit Card,1611,0
T002581,C0082,2026-02-25,17:36,Publix,483.69,Marietta GA,Debit Card,997,0
T002582,C0035,2026-01-09,19:13,Best Buy,481.33,Savannah GA,Debit Card,1885,0
T002583,C0036,2026-02-17,06:34,Starbucks,174.91,Atlanta GA,Credit Card,1458,0
T002584,C0002,2026-02-13,11:48,CVS,256.48,Jonesboro GA,Debit Card,847,0
T002585,C0077,2026-02-20,15:54,Starbucks,289.98,Jonesboro GA,Debit Card,944,0
T002586,C0024,2026-02-05,10:15,Target,229.33,Marietta GA,Credit Card,783,0
T002587,C0100,2026-01-16,15:03,CVS,94.89,Atlanta GA,Debit Card,1397,0
T002588,C0034,2026-01-21,19:52,Home Depot,127.67,Miami FL,Credit Card,268,0
T002589,C0039,2026-01-08,20:36,Publix,360.61,Jonesboro GA,Credit Card,875,0
T002590,C0029,2026-03-29,06:01,PetSmart,480.72,Marietta GA,Credit Card,1123,0
T002591,C0083,2026-01-19,09:05,Target,460.28,Savannah GA,Debit Card,784,0
T002592,C0094,2026-03-13,14:20,Home Depot,458.49,Savannah GA,Credit Card,350,0
T002593,C0027,2026-01-23,19:56,Publix,370.87,Charlotte NC,Debit Card,1885,0
T002594,C0065,2026-03-25,21:03,PetSmart,422.85,Jonesboro GA,Debit Card,260,0
T002595,C0064,2026-03-28,06:44,Amazon,435.5,Charlotte NC,Credit Card,1113,0
T002596,C0053,2026-02-26,20:28,Publix,115.17,Charlotte NC,Credit Card,300,0
T002597,C0074,2026-01-25,20:00,Best Buy,206.34,Savannah GA,Debit Card,258,0
T002598,C0036,2026-03-22,17:52,Walmart,462.88,Charlotte NC,Credit Card,342,0
T002599,C0057,2026-02-17,16:41,Home Depot,464.15,Atlanta GA,Credit Card,1093,0
T002600,C0085,2026-03-03,11:46,Walmart,460.78,Atlanta GA,Credit Card,292,0
T002601,C0009,2026-01-25,09:27,Shell,234.24,Marietta GA,Debit Card,84,0
T002602,C0078,2026-01-28,18:33,Shell,385.77,Marietta GA,Credit Card,1680,0
T002603,C0081,2026-01-26,09:12,Target,454.67,Savannah GA,Credit Card,804,0
T002604,C0080,2026-02-20,11:58,Publix,261.46,Jonesboro GA,Credit Card,1506,0
T002605,C0004,2026-03-22,21:50,CVS,289.93,Charlotte NC,Credit Card,534,0
T002606,C0045,2026-02-15,12:58,Starbucks,483.35,Charlotte NC,Debit Card,510,0
T002607,C0019,2026-03-20,12:57,Starbucks,117.29,Marietta GA,Debit Card,1099,0
T002608,C0078,2026-03-02,13:50,CVS,147.23,Marietta GA,Credit Card,755,0
T002609,C0029,2026-03-06,17:02,Starbucks,216.28,Marietta GA,Debit Card,991,0
T002610,C0051,2026-01-24,18:38,Target,27.55,Atlanta GA,Debit Card,1049,0
T002611,C0016,2026-01-13,06:31,Home Depot,193.66,Marietta GA,Credit Card,285,0
T002612,C0020,2026-03-12,13:57,Best Buy,324.18,Atlanta GA,Debit Card,1173,0
T002613,C0087,2026-03-05,19:59,Home Depot,354.51,Charlotte NC,Credit Card,1478,0
T002614,C0098,2026-03-03,12:20,Shell,390.78,Miami FL,Debit Card,936,0
T002615,C0097,2026-01-28,10:09,Shell,108.86,Marietta GA,Credit Card,1980,0
T002616,C0021,2026-02-07,14:09,Home Depot,378.42,Atlanta GA,Credit Card,738,0
T002617,C0072,2026-02-15,18:03,CVS,93.43,Marietta GA,Credit Card,802,0
T002618,C0024,2026-01-07,18:15,CVS,188.94,Jonesboro GA,Credit Card,1736,0
T002619,C0082,2026-01-15,23:03,PetSmart,428.27,Marietta GA,Credit Card,586,0
T002620,C0051,2026-01-01,21:42,PetSmart,414.7,Jonesboro GA,Credit Card,675,0
T002621,C0030,2026-02-11,10:00,Home Depot,328.33,Jonesboro GA,Credit Card,1849,0
T002622,C0085,2026-03-26,07:32,Target,91.38,Marietta GA,Debit Card,1636,0
T002623,C0037,2026-02-19,08:20,Best Buy,330.14,Marietta GA,Debit Card,1526,0
T002624,C0036,2026-03-14,08:51,PetSmart,162.62,Atlanta GA,Debit Card,386,0
T002625,C0081,2026-02-04,08:04,Target,216.92,Jonesboro GA,Credit Card,1189,0
T002626,C0099,2026-03-14,08:36,Publix,139.45,Jonesboro GA,Debit Card,1506,0
T002627,C0049,2026-03-05,17:51,CVS,228.18,Marietta GA,Debit Card,408,0
T002628,C0008,2026-01-22,19:10,PetSmart,13.99,Atlanta GA,Credit Card,1395,0
T002629,C0002,2026-03-26,08:09,Target,52.57,Miami FL,Debit Card,659,0
T002630,C0010,2026-02-25,18:29,Amazon,377.19,Miami FL,Credit Card,1119,0
T002631,C0073,2026-03-08,21:13,PetSmart,285.37,Savannah GA,Credit Card,181,0
T002632,C0022,2026-03-19,11:08,Best Buy,119.51,Savannah GA,Debit Card,926,0
T002633,C0084,2026-02-13,22:34,Best Buy,232.89,Charlotte NC,Credit Card,1303,0
T002634,C0061,2026-03-23,12:40,Home Depot,122.43,Savannah GA,Debit Card,1432,0
T002635,C0074,2026-03-22,18:21,Shell,303.3,Marietta GA,Credit Card,662,0
T002636,C0025,2026-01-16,10:02,Walmart,94.94,Miami FL,Debit Card,354,0
T002637,C0016,2026-02-14,21:51,CVS,421.87,Atlanta GA,Debit Card,804,0
T002638,C0035,2026-02-06,21:00,Shell,400.77,Miami FL,Debit Card,1486,0
T002639,C0007,2026-03-01,18:19,Walmart,484.24,Marietta GA,Debit Card,663,0
T002640,C0070,2026-02-27,20:59,Best Buy,152.38,Savannah GA,Debit Card,663,0
T002641,C0012,2026-02-24,07:16,Best Buy,445.81,Marietta GA,Debit Card,1786,0
T002642,C0043,2026-02-10,13:30,Walmart,125.91,Atlanta GA,Debit Card,437,0
T002643,C0005,2026-03-14,19:39,CVS,487.65,Charlotte NC,Debit Card,411,0
T002644,C0060,2026-03-14,17:08,PetSmart,441.95,Atlanta GA,Credit Card,1195,0
T002645,C0090,2026-03-30,17:37,Best Buy,106.91,Marietta GA,Debit Card,984,0
T002646,C0093,2026-01-21,22:10,Walmart,178.13,Marietta GA,Debit Card,977,0
T002647,C0053,2026-01-11,16:39,Amazon,121.21,Savannah GA,Debit Card,623,0
T002648,C0068,2026-02-14,15:26,CVS,307.8,Miami FL,Debit Card,1376,0
T002649,C0056,2026-02-07,13:19,Amazon,378.09,Jonesboro GA,Debit Card,1482,0
T002650,C0033,2026-03-19,13:48,Target,200.78,Jonesboro GA,Credit Card,1274,0
T002651,C0032,2026-03-15,14:56,Shell,146.12,Jonesboro GA,Debit Card,869,0
T002652,C0034,2026-01-07,16:32,Walmart,77.32,Miami FL,Credit Card,890,0
T002653,C0017,2026-01-28,23:41,CVS,363.16,Charlotte NC,Debit Card,1608,0
T002654,C0067,2026-01-14,06:57,CVS,128.34,Jonesboro GA,Credit Card,1586,0
T002655,C0074,2026-01-15,21:48,PetSmart,347.18,Marietta GA,Credit Card,118,0
T002656,C0062,2026-03-22,19:23,Publix,100.39,Jonesboro GA,Debit Card,719,0
T002657,C0061,2026-01-02,07:19,CVS,23.46,Marietta GA,Credit Card,599,0
T002658,C0073,2026-01-19,13:36,Best Buy,464.81,Jonesboro GA,Debit Card,141,0
T002659,C0004,2026-01-15,12:46,Starbucks,57.78,Charlotte NC,Debit Card,1799,0
T002660,C0060,2026-03-18,18:12,Publix,266.74,Savannah GA,Debit Card,707,0
T002661,C0075,2026-03-13,19:51,Publix,482.1,Charlotte NC,Debit Card,191,0
T002662,C0074,2026-02-16,23:19,CVS,134.24,Marietta GA,Credit Card,417,0
T002663,C0034,2026-01-10,13:59,Publix,114.54,Savannah GA,Debit Card,1140,0
T002664,C0071,2026-01-24,12:53,Publix,151.83,Atlanta GA,Credit Card,864,0
T002665,C0021,2026-02-28,15:11,Starbucks,101.48,Atlanta GA,Credit Card,572,0
T002666,C0053,2026-01-30,20:45,Amazon,14.26,Charlotte NC,Credit Card,1216,0
T002667,C0054,2026-03-11,06:02,Home Depot,391.81,Charlotte NC,Debit Card,1160,0
T002668,C0084,2026-02-05,18:48,Publix,286.7,Charlotte NC,Credit Card,1223,0
T002669,C0007,2026-03-04,20:56,Starbucks,325.08,Charlotte NC,Credit Card,615,0
T002670,C0009,2026-02-08,12:53,PetSmart,496.81,Jonesboro GA,Credit Card,682,0
T002671,C0008,2026-01-21,11:52,Starbucks,473.89,Marietta GA,Debit Card,1175,0
T002672,C0079,2026-02-27,16:46,Shell,172.48,Savannah GA,Debit Card,1816,0
T002673,C0097,2026-01-20,13:00,Starbucks,71.07,Marietta GA,Credit Card,309,0
T002674,C0003,2026-01-14,12:13,Starbucks,288.94,Jonesboro GA,Debit Card,1827,0
T002675,C0002,2026-02-22,20:28,Amazon,102.65,Atlanta GA,Credit Card,168,0
T002676,C0094,2026-02-16,06:28,Target,392.74,Charlotte NC,Debit Card,1782,0
T002677,C0055,2026-02-10,13:57,Starbucks,376.7,Savannah GA,Debit Card,1562,0
T002678,C0008,2026-01-11,11:58,Starbucks,109.25,Jonesboro GA,Debit Card,502,0
T002679,C0095,2026-01-22,13:01,CVS,408.95,Miami FL,Debit Card,473,0
T002680,C0035,2026-02-28,08:51,Starbucks,272.39,Atlanta GA,Credit Card,1220,0
T002681,C0095,2026-01-21,10:18,Walmart,360.26,Atlanta GA,Debit Card,136,0
T002682,C0048,2026-02-03,23:29,Walmart,458.56,Savannah GA,Debit Card,1524,0
T002683,C0100,2026-02-03,19:06,Target,163.95,Savannah GA,Debit Card,1304,0
T002684,C0077,2026-03-23,23:14,Starbucks,196.23,Jonesboro GA,Credit Card,1129,0
T002685,C0057,2026-02-13,22:55,Starbucks,316.32,Charlotte NC,Debit Card,1936,0
T002686,C0009,2026-03-16,16:24,Starbucks,301.4,Marietta GA,Debit Card,837,0
T002687,C0098,2026-01-19,13:31,Home Depot,457.85,Jonesboro GA,Debit Card,540,0
T002688,C0081,2026-01-13,10:05,Amazon,398.24,Savannah GA,Credit Card,206,0
T002689,C0007,2026-01-06,13:44,Target,483.18,Miami FL,Debit Card,739,0
T002690,C0089,2026-01-10,20:54,Home Depot,336.46,Savannah GA,Credit Card,131,0
T002691,C0063,2026-01-29,10:22,Shell,399.98,Charlotte NC,Credit Card,242,0
T002692,C0076,2026-01-23,16:47,CVS,348.75,Miami FL,Debit Card,1844,0
T002693,C0098,2026-01-19,21:24,Target,90.47,Savannah GA,Credit Card,1562,0
T002694,C0033,2026-01-03,17:54,Amazon,94.99,Marietta GA,Debit Card,622,0
T002695,C0020,2026-03-28,16:43,Starbucks,92.19,Atlanta GA,Debit Card,1690,0
T002696,C0034,2026-01-25,12:47,CVS,425.75,Charlotte NC,Debit Card,1537,0
T002697,C0001,2026-02-07,15:28,Home Depot,488.2,Marietta GA,Credit Card,1826,0
T002698,C0003,2026-03-16,16:00,Shell,256.74,Miami FL,Debit Card,584,0
T002699,C0060,2026-03-20,18:49,Walmart,430.79,Marietta GA,Credit Card,1069,0
T002700,C0088,2026-03-29,20:31,Publix,98.79,Atlanta GA,Debit Card,557,0
T002701,C0080,2026-01-27,11:56,Starbucks,319.16,Savannah GA,Debit Card,1254,0
T002702,C0095,2026-02-27,21:30,Publix,137.66,Savannah GA,Credit Card,683,0
T002703,C0022,2026-01-11,18:22,Starbucks,13.68,Jonesboro GA,Credit Card,1141,0
T002704,C0011,2026-02-17,11:09,Starbucks,18.75,Miami FL,Credit Card,1243,0
T002705,C0037,2026-02-22,12:02,Target,462.41,Atlanta GA,Debit Card,340,0
T002706,C0076,2026-02-01,20:42,Publix,120.13,Jonesboro GA,Debit Card,1504,0
T002707,C0020,2026-01-24,07:27,Best Buy,333.72,Marietta GA,Debit Card,802,0
T002708,C0010,2026-01-04,23:21,Publix,313.63,Charlotte NC,Debit Card,228,0
T002709,C0025,2026-03-10,07:02,Amazon,115.4,Charlotte NC,Credit Card,588,0
T002710,C0074,2026-03-24,08:11,Home Depot,36.8,Marietta GA,Credit Card,1771,0
T002711,C0020,2026-02-07,22:42,Target,189.2,Marietta GA,Credit Card,1897,0
T002712,C0015,2026-03-11,19:34,Publix,435.52,Miami FL,Credit Card,1052,0
T002713,C0052,2026-01-15,22:20,Shell,382.97,Atlanta GA,Credit Card,566,0
T002714,C0072,2026-02-09,10:53,Home Depot,158.11,Atlanta GA,Debit Card,1743,0
T002715,C0087,2026-03-06,21:28,Walmart,92.94,Atlanta GA,Debit Card,1337,0
T002716,C0068,2026-02-19,18:18,PetSmart,262.79,Marietta GA,Debit Card,1966,0
T002717,C0052,2026-01-17,12:18,Shell,299.92,Charlotte NC,Credit Card,1378,0
T002718,C0024,2026-02-25,10:11,Target,358.86,Miami FL,Credit Card,183,0
T002719,C0025,2026-01-06,15:10,Starbucks,346.64,Atlanta GA,Debit Card,1282,0
T002720,C0033,2026-03-04,22:58,Home Depot,144.3,Marietta GA,Credit Card,1832,0
T002721,C0073,2026-02-27,10:52,Target,432.04,Atlanta GA,Debit Card,1587,0
T002722,C0053,2026-03-09,09:41,CVS,289.81,Miami FL,Debit Card,359,0
T002723,C0066,2026-02-25,19:26,Amazon,33.22,Atlanta GA,Credit Card,72,0
T002724,C0095,2026-02-14,12:47,Starbucks,35.88,Charlotte NC,Credit Card,360,0
T002725,C0070,2026-01-13,06:20,Publix,98.33,Marietta GA,Debit Card,1323,0
T002726,C0006,2026-03-09,13:35,Publix,125.91,Marietta GA,Debit Card,1483,0
T002727,C0001,2026-03-20,11:42,Publix,462.83,Miami FL,Credit Card,1624,0
T002728,C0073,2026-03-10,19:10,CVS,228.3,Atlanta GA,Credit Card,1714,0
T002729,C0059,2026-03-13,12:56,Best Buy,92.77,Marietta GA,Credit Card,1816,0
T002730,C0065,2026-03-03,19:57,CVS,111.17,Savannah GA,Credit Card,1559,0
T002731,C0011,2026-03-11,18:11,Home Depot,442.22,Jonesboro GA,Credit Card,844,0
T002732,C0059,2026-01-14,06:04,Target,278.31,Marietta GA,Debit Card,418,0
T002733,C0020,2026-03-19,10:06,Home Depot,450.53,Marietta GA,Credit Card,1408,0
T002734,C0070,2026-01-24,20:47,Home Depot,177.92,Charlotte NC,Credit Card,1258,0
T002735,C0094,2026-03-31,06:25,Target,166.06,Miami FL,Debit Card,1981,0
T002736,C0062,2026-02-24,17:52,PetSmart,327.07,Savannah GA,Credit Card,1221,0
T002737,C0022,2026-02-04,13:49,Walmart,428.87,Charlotte NC,Credit Card,183,0
T002738,C0080,2026-01-15,20:58,Starbucks,478.48,Savannah GA,Debit Card,1060,0
T002739,C0089,2026-03-10,13:34,Target,291.88,Jonesboro GA,Debit Card,1448,0
T002740,C0039,2026-03-28,06:45,Publix,93.21,Charlotte NC,Debit Card,1713,0
T002741,C0094,2026-03-31,18:34,Starbucks,191.55,Charlotte NC,Debit Card,817,0
T002742,C0098,2026-01-13,10:20,Starbucks,289.5,Miami FL,Debit Card,947,0
T002743,C0027,2026-01-29,14:42,Shell,175.0,Miami FL,Credit Card,921,0
T002744,C0081,2026-03-16,06:28,Walmart,443.86,Savannah GA,Debit Card,579,0
T002745,C0081,2026-02-08,08:48,PetSmart,214.41,Marietta GA,Debit Card,926,0
T002746,C0074,2026-01-01,23:50,CVS,15.69,Savannah GA,Debit Card,1249,0
T002747,C0059,2026-02-15,15:25,Shell,131.18,Charlotte NC,Debit Card,594,0
T002748,C0010,2026-03-01,13:18,Home Depot,60.71,Marietta GA,Debit Card,1748,0
T002749,C0059,2026-03-16,23:51,Home Depot,107.1,Charlotte NC,Debit Card,1122,0
T002750,C0014,2026-02-10,06:50,Best Buy,136.28,Jonesboro GA,Credit Card,1268,0
T002751,C0022,2026-01-22,09:53,Home Depot,166.7,Savannah GA,Credit Card,1847,0
T002752,C0005,2026-01-06,18:25,Starbucks,480.78,Savannah GA,Credit Card,623,0
T002753,C0071,2026-01-23,14:34,CVS,420.73,Atlanta GA,Credit Card,1737,0
T002754,C0033,2026-01-01,23:56,Publix,386.24,Miami FL,Credit Card,1135,0
T002755,C0074,2026-02-09,23:35,Home Depot,168.29,Marietta GA,Credit Card,515,0
T002756,C0080,2026-01-14,23:22,CVS,134.65,Charlotte NC,Debit Card,881,0
T002757,C0031,2026-01-02,07:00,Walmart,395.21,Marietta GA,Debit Card,465,0
T002758,C0006,2026-02-21,09:37,Publix,381.09,Charlotte NC,Debit Card,1849,0
T002759,C0100,2026-02-15,18:18,CVS,13.56,Jonesboro GA,Credit Card,228,0
T002760,C0072,2026-03-11,15:27,Shell,413.61,Miami FL,Credit Card,949,0
T002761,C0073,2026-01-03,09:33,Walmart,457.42,Miami FL,Debit Card,996,0
T002762,C0021,2026-03-22,12:27,Best Buy,20.46,Charlotte NC,Credit Card,792,0
T002763,C0089,2026-02-07,15:16,Target,139.33,Atlanta GA,Credit Card,299,0
T002764,C0077,2026-03-27,16:27,CVS,244.55,Atlanta GA,Debit Card,1174,0
T002765,C0052,2026-02-18,10:50,Publix,470.3,Marietta GA,Debit Card,1623,0
T002766,C0017,2026-02-25,21:08,Target,307.58,Jonesboro GA,Debit Card,675,0
T002767,C0055,2026-01-02,16:15,Starbucks,66.82,Marietta GA,Credit Card,471,0
T002768,C0082,2026-02-09,21:57,Shell,133.02,Savannah GA,Credit Card,826,0
T002769,C0039,2026-01-29,19:20,Home Depot,189.32,Jonesboro GA,Debit Card,379,0
T002770,C0013,2026-03-04,08:08,Amazon,159.71,Miami FL,Credit Card,618,0
T002771,C0043,2026-03-18,07:00,Publix,87.28,Marietta GA,Credit Card,1547,0
T002772,C0032,2026-01-09,21:15,Best Buy,473.52,Marietta GA,Credit Card,1920,0
T002773,C0100,2026-02-24,14:34,Starbucks,249.85,Charlotte NC,Debit Card,1345,0
T002774,C0070,2026-03-28,16:35,Amazon,280.06,Miami FL,Debit Card,695,0
T002775,C0022,2026-02-14,10:45,Starbucks,89.3,Miami FL,Debit Card,1789,0
T002776,C0041,2026-02-11,21:23,Target,488.86,Savannah GA,Credit Card,1289,0
T002777,C0011,2026-01-07,22:54,PetSmart,171.31,Atlanta GA,Credit Card,1334,0
T002778,C0007,2026-02-28,15:17,Publix,132.87,Jonesboro GA,Credit Card,995,0
T002779,C0030,2026-01-19,15:28,Publix,181.53,Charlotte NC,Credit Card,1819,0
T002780,C0068,2026-03-16,15:44,Shell,63.95,Atlanta GA,Debit Card,1680,0
T002781,C0074,2026-03-19,12:02,PetSmart,148.25,Marietta GA,Debit Card,712,0
T002782,C0030,2026-01-16,22:13,PetSmart,115.01,Miami FL,Credit Card,892,0
T002783,C0011,2026-03-24,22:58,Target,123.62,Charlotte NC,Credit Card,1260,0
T002784,C0024,2026-01-23,23:04,Best Buy,255.48,Atlanta GA,Debit Card,752,0
T002785,C0023,2026-02-06,23:27,PetSmart,102.17,Miami FL,Debit Card,406,0
T002786,C0041,2026-03-30,15:26,Target,65.5,Jonesboro GA,Credit Card,699,0
T002787,C0085,2026-03-07,07:06,Amazon,243.9,Jonesboro GA,Credit Card,1078,0
T002788,C0073,2026-01-25,15:17,Target,344.35,Jonesboro GA,Debit Card,1810,0
T002789,C0049,2026-02-18,11:37,PetSmart,224.13,Atlanta GA,Debit Card,1686,0
T002790,C0051,2026-02-20,10:37,CVS,116.12,Atlanta GA,Debit Card,1268,0
T002791,C0074,2026-02-13,07:39,Shell,134.69,Savannah GA,Debit Card,1233,0
T002792,C0074,2026-03-10,23:21,CVS,60.52,Atlanta GA,Credit Card,1012,0
T002793,C0030,2026-03-29,16:10,CVS,417.17,Atlanta GA,Credit Card,224,0
T002794,C0091,2026-02-07,15:10,Target,333.47,Miami FL,Debit Card,1362,0
T002795,C0038,2026-03-27,20:37,Best Buy,311.53,Jonesboro GA,Debit Card,789,0
T002796,C0057,2026-03-04,16:40,Starbucks,412.82,Miami FL,Debit Card,1484,0
T002797,C0074,2026-01-15,07:11,Publix,473.0,Miami FL,Credit Card,323,0
T002798,C0010,2026-03-19,08:52,PetSmart,366.91,Charlotte NC,Debit Card,311,0
T002799,C0039,2026-02-27,08:29,Home Depot,321.45,Miami FL,Credit Card,59,0
T002800,C0043,2026-02-03,16:51,CVS,458.37,Miami FL,Debit Card,232,0
T002801,C0035,2026-01-21,22:25,Amazon,381.47,Savannah GA,Debit Card,1101,0
T002802,C0014,2026-01-27,22:32,Target,320.91,Marietta GA,Credit Card,729,0
T002803,C0097,2026-03-15,13:39,Best Buy,388.8,Miami FL,Credit Card,1036,0
T002804,C0069,2026-01-03,11:53,Target,290.34,Jonesboro GA,Debit Card,245,0
T002805,C0057,2026-01-19,23:55,PetSmart,188.35,Miami FL,Credit Card,900,0
T002806,C0055,2026-02-17,08:40,CVS,412.44,Marietta GA,Credit Card,1727,0
T002807,C0085,2026-03-01,06:49,Publix,378.5,Charlotte NC,Credit Card,1742,0
T002808,C0086,2026-01-03,09:07,Publix,338.3,Marietta GA,Credit Card,1208,0
T002809,C0031,2026-03-10,10:54,CVS,128.07,Atlanta GA,Credit Card,1204,0
T002810,C0061,2026-02-01,19:02,Shell,178.03,Marietta GA,Debit Card,1205,0
T002811,C0008,2026-01-16,07:18,Home Depot,428.51,Jonesboro GA,Credit Card,701,0
T002812,C0008,2026-01-27,18:04,Starbucks,358.74,Jonesboro GA,Credit Card,1885,0
T002813,C0044,2026-02-21,10:58,Home Depot,192.66,Savannah GA,Credit Card,930,0
T002814,C0011,2026-03-18,18:36,Amazon,257.28,Charlotte NC,Debit Card,532,0
T002815,C0027,2026-03-22,16:34,Publix,353.64,Marietta GA,Credit Card,688,0
T002816,C0097,2026-02-07,20:42,Best Buy,318.27,Atlanta GA,Debit Card,534,0
T002817,C0012,2026-03-04,11:22,Publix,123.51,Savannah GA,Debit Card,740,0
T002818,C0015,2026-03-28,07:42,Target,126.82,Savannah GA,Debit Card,304,0
T002819,C0066,2026-01-04,11:34,Amazon,94.95,Savannah GA,Debit Card,1247,0
T002820,C0054,2026-02-01,15:11,Best Buy,174.84,Savannah GA,Credit Card,1097,0
T002821,C0011,2026-03-29,19:04,Best Buy,39.0,Jonesboro GA,Debit Card,101,0
T002822,C0014,2026-02-11,12:21,CVS,479.66,Charlotte NC,Debit Card,1126,0
T002823,C0082,2026-02-17,09:02,Shell,26.21,Savannah GA,Debit Card,416,0
T002824,C0086,2026-01-28,06:16,Home Depot,72.01,Miami FL,Credit Card,322,0
T002825,C0063,2026-03-07,09:16,Best Buy,71.49,Marietta GA,Debit Card,1327,0
T002826,C0034,2026-03-16,13:37,Shell,266.79,Savannah GA,Credit Card,679,0
T002827,C0028,2026-01-06,19:31,Walmart,289.69,Miami FL,Debit Card,853,0
T002828,C0034,2026-01-23,22:34,CVS,286.99,Charlotte NC,Credit Card,1593,0
T002829,C0036,2026-02-10,17:07,CVS,383.8,Miami FL,Debit Card,1782,0
T002830,C0091,2026-03-04,09:29,Amazon,72.21,Jonesboro GA,Debit Card,574,0
T002831,C0026,2026-03-13,09:50,Walmart,403.99,Charlotte NC,Debit Card,246,0
T002832,C0097,2026-01-27,22:48,Best Buy,105.53,Jonesboro GA,Credit Card,1100,0
T002833,C0009,2026-02-26,17:32,Home Depot,276.45,Savannah GA,Credit Card,485,0
T002834,C0094,2026-03-02,20:00,Amazon,145.56,Marietta GA,Debit Card,1728,0
T002835,C0033,2026-03-21,09:22,Target,304.5,Marietta GA,Credit Card,425,0
T002836,C0066,2026-02-20,10:22,Best Buy,274.75,Atlanta GA,Credit Card,571,0
T002837,C0022,2026-01-22,13:57,Walmart,329.33,Jonesboro GA,Credit Card,204,0
T002838,C0079,2026-01-18,06:17,Walmart,227.85,Charlotte NC,Debit Card,1582,0
T002839,C0036,2026-03-05,14:06,Target,355.1,Atlanta GA,Credit Card,1187,0
T002840,C0028,2026-01-31,23:41,Starbucks,498.93,Jonesboro GA,Debit Card,184,0
T002841,C0008,2026-03-23,10:09,CVS,53.9,Savannah GA,Debit Card,1567,0
T002842,C0036,2026-03-13,21:09,Home Depot,295.75,Savannah GA,Credit Card,1554,0
T002843,C0050,2026-01-23,17:05,Shell,106.32,Miami FL,Debit Card,1045,0
T002844,C0039,2026-03-30,12:11,Starbucks,11.92,Marietta GA,Debit Card,888,0
T002845,C0013,2026-02-09,18:33,Target,22.55,Miami FL,Credit Card,913,0
T002846,C0013,2026-01-20,23:25,Best Buy,240.07,Marietta GA,Credit Card,948,0
T002847,C0089,2026-01-05,16:49,Starbucks,390.62,Atlanta GA,Credit Card,1652,0
T002848,C0031,2026-02-16,12:26,Best Buy,39.69,Savannah GA,Credit Card,1992,0
T002849,C0070,2026-03-02,16:01,CVS,172.79,Atlanta GA,Credit Card,152,0
T002850,C0013,2026-03-14,06:01,PetSmart,170.1,Marietta GA,Credit Card,1665,0
T002851,C0060,2026-01-05,20:10,Amazon,49.29,Miami FL,Debit Card,358,0
T002852,C0012,2026-03-07,21:56,Target,285.35,Marietta GA,Debit Card,184,0
T002853,C0084,2026-01-04,14:20,Best Buy,96.89,Savannah GA,Credit Card,1812,0
T002854,C0091,2026-03-05,09:36,Shell,397.21,Charlotte NC,Debit Card,372,0
T002855,C0071,2026-02-09,13:26,Target,230.12,Savannah GA,Credit Card,140,0
T002856,C0019,2026-01-17,11:23,Amazon,429.13,Jonesboro GA,Debit Card,325,0
T002857,C0012,2026-01-28,14:48,Best Buy,174.45,Atlanta GA,Credit Card,198,0
T002858,C0019,2026-02-27,21:56,Walmart,156.02,Miami FL,Debit Card,399,0
T002859,C0049,2026-02-23,17:20,CVS,338.83,Atlanta GA,Credit Card,223,0
T002860,C0029,2026-03-01,15:46,Starbucks,44.06,Savannah GA,Debit Card,1171,0
T002861,C0004,2026-02-15,23:22,Starbucks,414.44,Jonesboro GA,Debit Card,259,0
T002862,C0049,2026-03-27,09:20,Walmart,57.62,Marietta GA,Credit Card,1986,0
T002863,C0069,2026-03-11,18:48,CVS,403.68,Atlanta GA,Credit Card,1469,0
T002864,C0037,2026-03-13,19:50,CVS,131.37,Miami FL,Debit Card,1829,0
T002865,C0066,2026-01-08,06:32,Best Buy,234.49,Marietta GA,Credit Card,1106,0
T002866,C0035,2026-01-30,20:52,Shell,16.7,Savannah GA,Debit Card,1376,0
T002867,C0072,2026-03-04,15:39,Target,288.08,Miami FL,Credit Card,1763,0
T002868,C0073,2026-01-07,18:36,Starbucks,153.88,Atlanta GA,Debit Card,1539,0
T002869,C0093,2026-03-22,10:53,Home Depot,305.93,Marietta GA,Debit Card,434,0
T002870,C0042,2026-02-04,20:02,Amazon,257.38,Jonesboro GA,Debit Card,1062,0
T002871,C0021,2026-02-25,11:09,Target,162.69,Marietta GA,Debit Card,1493,0
T002872,C0002,2026-03-04,10:55,Starbucks,103.65,Atlanta GA,Credit Card,59,0
T002873,C0046,2026-01-01,07:01,Publix,381.87,Atlanta GA,Credit Card,67,0
T002874,C0071,2026-02-21,20:15,Home Depot,397.67,Savannah GA,Credit Card,1245,0
T002875,C0015,2026-03-15,08:07,CVS,260.5,Atlanta GA,Credit Card,546,0
T002876,C0016,2026-01-12,18:36,Best Buy,291.92,Atlanta GA,Credit Card,1572,0
T002877,C0095,2026-01-26,20:47,Starbucks,344.33,Marietta GA,Credit Card,1733,0
T002878,C0075,2026-03-21,07:24,Home Depot,371.31,Miami FL,Debit Card,48,0
T002879,C0070,2026-03-12,19:30,Publix,471.69,Jonesboro GA,Credit Card,558,0
T002880,C0050,2026-03-18,22:17,Amazon,16.41,Atlanta GA,Credit Card,1431,0
T002881,C0029,2026-02-01,20:05,Amazon,445.71,Savannah GA,Credit Card,1933,0
T002882,C0013,2026-03-19,23:41,Home Depot,50.77,Atlanta GA,Debit Card,786,0
T002883,C0089,2026-02-09,10:01,Shell,380.82,Jonesboro GA,Credit Card,417,0
T002884,C0082,2026-01-27,16:48,Shell,38.86,Charlotte NC,Credit Card,519,0
T002885,C0036,2026-02-18,14:18,Best Buy,226.01,Savannah GA,Credit Card,1221,0
T002886,C0091,2026-01-07,09:03,Shell,223.6,Savannah GA,Debit Card,1157,0
T002887,C0018,2026-03-11,08:44,Shell,406.01,Charlotte NC,Credit Card,1068,0
T002888,C0020,2026-03-18,15:00,Starbucks,259.1,Charlotte NC,Credit Card,335,0
T002889,C0051,2026-01-09,21:16,Starbucks,252.89,Atlanta GA,Debit Card,1440,0
T002890,C0042,2026-02-15,12:26,Starbucks,395.89,Savannah GA,Credit Card,668,0
T002891,C0021,2026-02-07,08:10,Amazon,13.61,Jonesboro GA,Debit Card,1299,0
T002892,C0013,2026-01-15,19:04,Home Depot,58.06,Marietta GA,Debit Card,1316,0
T002893,C0023,2026-02-20,09:56,Publix,147.0,Jonesboro GA,Credit Card,94,0
T002894,C0008,2026-02-03,19:26,PetSmart,113.44,Miami FL,Credit Card,78,0
T002895,C0007,2026-02-28,08:01,Target,263.57,Marietta GA,Credit Card,213,0
T002896,C0093,2026-03-22,19:04,Starbucks,286.06,Marietta GA,Credit Card,748,0
T002897,C0012,2026-02-17,06:31,Starbucks,473.52,Atlanta GA,Debit Card,1536,0
T002898,C0055,2026-02-03,15:24,Best Buy,478.08,Jonesboro GA,Credit Card,1515,0
T002899,C0006,2026-02-26,19:14,Shell,447.45,Charlotte NC,Credit Card,1775,0
T002900,C0082,2026-01-12,16:15,Shell,58.0,Savannah GA,Credit Card,44,0
T002901,C0047,2026-02-09,21:54,PetSmart,482.2,Charlotte NC,Credit Card,334,0
T002902,C0034,2026-02-22,23:10,Amazon,46.12,Jonesboro GA,Debit Card,364,0
T002903,C0041,2026-03-27,11:25,Target,413.89,Charlotte NC,Credit Card,957,0
T002904,C0001,2026-02-19,17:59,Home Depot,353.28,Savannah GA,Debit Card,1461,0
T002905,C0052,2026-03-21,20:56,Starbucks,491.86,Marietta GA,Debit Card,867,0
T002906,C0070,2026-02-07,21:29,PetSmart,396.1,Miami FL,Debit Card,1729,0
T002907,C0011,2026-02-16,06:02,Starbucks,321.36,Miami FL,Credit Card,875,0
T002908,C0014,2026-01-19,10:15,Home Depot,496.74,Jonesboro GA,Debit Card,671,0
T002909,C0035,2026-02-23,18:35,Amazon,157.08,Jonesboro GA,Credit Card,342,0
T002910,C0015,2026-02-25,14:38,Starbucks,396.36,Atlanta GA,Debit Card,1541,0
T002911,C0097,2026-01-23,06:25,Publix,132.11,Marietta GA,Debit Card,1381,0
T002912,C0089,2026-01-13,21:49,Shell,384.38,Jonesboro GA,Credit Card,430,0
T002913,C0070,2026-01-01,19:14,Home Depot,234.48,Atlanta GA,Credit Card,658,0
T002914,C0029,2026-03-06,11:46,Publix,252.72,Charlotte NC,Debit Card,162,0
T002915,C0068,2026-02-21,18:16,Home Depot,270.74,Jonesboro GA,Debit Card,1803,0
T002916,C0100,2026-01-06,11:05,Walmart,409.2,Jonesboro GA,Credit Card,359,0
T002917,C0048,2026-01-24,13:55,Shell,45.72,Marietta GA,Debit Card,90,0
T002918,C0016,2026-03-09,19:00,Best Buy,307.59,Atlanta GA,Debit Card,1717,0
T002919,C0031,2026-03-24,22:24,PetSmart,358.2,Marietta GA,Credit Card,138,0
T002920,C0008,2026-01-26,09:38,Amazon,499.75,Marietta GA,Credit Card,944,0
T002921,C0071,2026-02-05,07:00,CVS,44.69,Miami FL,Credit Card,459,0
T002922,C0039,2026-03-30,21:47,PetSmart,57.93,Atlanta GA,Credit Card,232,0
T002923,C0076,2026-01-14,18:56,PetSmart,27.57,Charlotte NC,Debit Card,1929,0
T002924,C0020,2026-02-03,09:37,Publix,362.27,Charlotte NC,Credit Card,1357,0
T002925,C0037,2026-01-02,09:04,PetSmart,434.33,Miami FL,Debit Card,451,0
T002926,C0057,2026-01-16,06:30,Publix,267.4,Marietta GA,Debit Card,1919,0
T002927,C0022,2026-01-01,21:08,Home Depot,263.68,Miami FL,Debit Card,1626,0
T002928,C0060,2026-02-23,09:27,CVS,236.63,Atlanta GA,Credit Card,86,0
T002929,C0071,2026-01-20,10:57,Home Depot,488.09,Atlanta GA,Debit Card,445,0
T002930,C0087,2026-03-04,09:34,CVS,129.4,Miami FL,Debit Card,435,0
T002931,C0063,2026-02-23,23:55,Publix,226.47,Marietta GA,Credit Card,247,0
T002932,C0001,2026-03-12,17:50,Starbucks,338.5,Jonesboro GA,Credit Card,750,0
T002933,C0060,2026-02-02,15:12,Home Depot,89.01,Atlanta GA,Credit Card,1665,0
T002934,C0099,2026-01-21,09:25,Starbucks,482.18,Marietta GA,Debit Card,1228,0
T002935,C0005,2026-02-28,14:25,Best Buy,277.99,Miami FL,Debit Card,1394,0
T002936,C0061,2026-02-15,08:27,Walmart,342.71,Savannah GA,Debit Card,1299,0
T002937,C0089,2026-01-19,08:20,Target,350.01,Marietta GA,Debit Card,142,0
T002938,C0095,2026-02-19,08:00,Target,412.61,Savannah GA,Debit Card,1013,0
T002939,C0002,2026-03-25,22:49,Amazon,27.98,Marietta GA,Debit Card,558,0
T002940,C0021,2026-01-29,10:18,Shell,311.9,Marietta GA,Credit Card,1139,0
T002941,C0038,2026-02-08,09:47,Home Depot,16.67,Atlanta GA,Credit Card,900,0
T002942,C0077,2026-01-06,10:06,Target,429.79,Atlanta GA,Debit Card,784,0
T002943,C0010,2026-03-12,18:44,Best Buy,383.01,Savannah GA,Debit Card,625,0
T002944,C0052,2026-03-12,08:05,Amazon,120.17,Marietta GA,Debit Card,36,0
T002945,C0042,2026-02-23,14:49,Walmart,456.48,Atlanta GA,Debit Card,348,0
T002946,C0063,2026-01-16,16:30,Home Depot,428.48,Miami FL,Debit Card,535,0
T002947,C0071,2026-01-10,20:58,Publix,72.72,Jonesboro GA,Credit Card,1039,0
T002948,C0043,2026-03-14,21:32,Target,298.18,Marietta GA,Credit Card,231,0
T002949,C0044,2026-03-23,07:48,Publix,191.31,Jonesboro GA,Credit Card,1405,0
T002950,C0077,2026-01-03,10:18,PetSmart,368.5,Marietta GA,Credit Card,1641,0
T002951,C0038,2026-02-24,20:29,Best Buy,386.99,Charlotte NC,Debit Card,319,0
T002952,C0005,2026-02-28,12:03,Publix,55.36,Atlanta GA,Debit Card,1723,0
T002953,C0065,2026-02-03,21:34,PetSmart,195.22,Atlanta GA,Debit Card,1343,0
T002954,C0097,2026-03-04,16:19,Amazon,112.17,Savannah GA,Credit Card,497,0
T002955,C0068,2026-01-10,15:32,Walmart,151.77,Marietta GA,Debit Card,1763,0
T002956,C0042,2026-01-21,11:21,PetSmart,194.74,Charlotte NC,Credit Card,561,0
T002957,C0099,2026-02-27,11:35,Best Buy,490.73,Charlotte NC,Debit Card,1087,0
T002958,C0039,2026-01-18,06:28,Walmart,217.16,Savannah GA,Debit Card,1366,0
T002959,C0049,2026-01-27,16:13,Amazon,473.07,Marietta GA,Debit Card,1518,0
T002960,C0071,2026-02-15,10:13,Best Buy,347.36,Savannah GA,Debit Card,1859,0
T002961,C0068,2026-02-22,06:51,Best Buy,305.65,Charlotte NC,Debit Card,569,0
T002962,C0067,2026-03-30,16:49,Home Depot,92.3,Savannah GA,Credit Card,788,0
T002963,C0100,2026-01-04,22:53,Amazon,176.69,Jonesboro GA,Credit Card,1266,0
T002964,C0099,2026-01-11,16:38,Starbucks,290.97,Savannah GA,Credit Card,1778,0
T002965,C0058,2026-03-29,16:26,Best Buy,160.56,Jonesboro GA,Credit Card,952,0
T002966,C0008,2026-02-13,17:16,PetSmart,252.41,Miami FL,Debit Card,355,0
T002967,C0056,2026-03-09,14:09,Target,124.41,Miami FL,Credit Card,1760,0
T002968,C0024,2026-01-17,20:46,PetSmart,376.04,Marietta GA,Debit Card,452,0
T002969,C0024,2026-03-24,10:30,Walmart,91.84,Charlotte NC,Credit Card,241,0
T002970,C0014,2026-03-04,19:38,Target,327.37,Savannah GA,Debit Card,277,0
T002971,C0063,2026-02-07,11:39,Target,33.32,Savannah GA,Credit Card,1838,0
T002972,C0070,2026-03-12,18:36,Publix,137.76,Atlanta GA,Debit Card,1163,0
T002973,C0030,2026-02-24,06:13,Walmart,470.3,Jonesboro GA,Credit Card,1227,0
T002974,C0023,2026-03-14,23:00,Starbucks,374.7,Atlanta GA,Credit Card,225,0
T002975,C0035,2026-01-10,07:27,Starbucks,137.98,Charlotte NC,Debit Card,1148,0
T002976,C0004,2026-01-03,12:51,Target,442.35,Savannah GA,Debit Card,194,0
T002977,C0052,2026-03-29,06:02,Amazon,444.65,Savannah GA,Credit Card,626,0
T002978,C0075,2026-02-28,11:16,Amazon,209.57,Marietta GA,Credit Card,1907,0
T002979,C0036,2026-02-26,11:36,Best Buy,427.14,Miami FL,Credit Card,600,0
T002980,C0057,2026-03-14,07:47,Best Buy,272.27,Marietta GA,Credit Card,844,0
T002981,C0097,2026-02-14,23:20,Publix,82.36,Jonesboro GA,Credit Card,252,0
T002982,C0090,2026-03-31,11:48,CVS,67.97,Marietta GA,Credit Card,1040,0
T002983,C0024,2026-01-16,18:14,Home Depot,447.93,Atlanta GA,Credit Card,742,0
T002984,C0084,2026-02-25,19:28,Walmart,34.45,Jonesboro GA,Debit Card,839,0
T002985,C0083,2026-03-12,15:22,Publix,432.19,Marietta GA,Debit Card,450,0
T002986,C0076,2026-01-01,22:54,PetSmart,16.58,Jonesboro GA,Debit Card,1148,0
T002987,C0056,2026-02-16,19:54,Shell,375.35,Atlanta GA,Debit Card,1813,0
T002988,C0003,2026-01-14,11:38,Starbucks,334.23,Atlanta GA,Credit Card,125,0
T002989,C0022,2026-02-08,13:39,Starbucks,389.43,Atlanta GA,Debit Card,96,0
T002990,C0036,2026-01-23,11:22,Shell,294.47,Miami FL,Credit Card,1990,0
T002991,C0025,2026-01-22,13:22,Amazon,8.25,Marietta GA,Credit Card,167,0
T002992,C0006,2026-01-08,09:39,Starbucks,175.31,Jonesboro GA,Debit Card,1841,0
T002993,C0094,2026-03-29,07:14,Amazon,167.64,Jonesboro GA,Debit Card,1781,0
T002994,C0052,2026-01-27,12:48,CVS,349.1,Miami FL,Debit Card,1618,0
T002995,C0032,2026-02-20,11:37,Amazon,425.65,Marietta GA,Debit Card,903,0
T002996,C0017,2026-03-10,13:07,Walmart,176.68,Miami FL,Credit Card,288,0
T002997,C0035,2026-01-08,20:49,Shell,440.45,Atlanta GA,Credit Card,712,0
T002998,C0097,2026-03-20,10:03,CVS,454.3,Savannah GA,Debit Card,271,0
T002999,C0019,2026-03-03,20:19,Amazon,103.05,Savannah GA,Debit Card,1234,0
T003000,C0048,2026-02-19,11:38,Shell,453.68,Marietta GA,Credit Card,1616,0
T003001,C0035,2026-02-13,09:37,Target,451.34,Miami FL,Credit Card,301,0
T003002,C0024,2026-01-13,21:23,Best Buy,352.98,Savannah GA,Credit Card,505,0
T003003,C0093,2026-02-05,21:20,Best Buy,428.21,Marietta GA,Debit Card,339,0
T003004,C0086,2026-01-14,10:44,Home Depot,129.68,Charlotte NC,Debit Card,82,0
T003005,C0080,2026-01-30,06:00,Best Buy,405.28,Atlanta GA,Debit Card,1199,0
T003006,C0076,2026-01-18,14:03,Starbucks,161.13,Charlotte NC,Debit Card,421,0
T003007,C0022,2026-02-12,17:00,Target,347.09,Atlanta GA,Debit Card,680,0
T003008,C0013,2026-03-23,09:19,Shell,54.68,Marietta GA,Credit Card,516,0
T003009,C0086,2026-03-17,20:40,Walmart,245.13,Miami FL,Debit Card,316,0
T003010,C0034,2026-02-02,10:09,PetSmart,190.31,Miami FL,Credit Card,221,0
T003011,C0065,2026-03-28,16:44,Home Depot,316.0,Marietta GA,Debit Card,1938,0
T003012,C0070,2026-01-01,15:49,Target,369.3,Miami FL,Credit Card,1141,0
T003013,C0062,2026-02-18,12:13,PetSmart,248.89,Atlanta GA,Debit Card,1833,0
T003014,C0031,2026-02-15,07:10,Starbucks,180.37,Miami FL,Debit Card,726,0
T003015,C0060,2026-02-05,07:56,Home Depot,480.22,Charlotte NC,Debit Card,1094,0
T003016,C0043,2026-03-11,11:49,Home Depot,415.62,Jonesboro GA,Credit Card,686,0
T003017,C0090,2026-01-23,06:47,Best Buy,71.81,Charlotte NC,Debit Card,1070,0
T003018,C0035,2026-01-22,17:19,Best Buy,330.94,Savannah GA,Credit Card,1922,0
T003019,C0028,2026-03-16,18:10,Publix,44.68,Charlotte NC,Debit Card,1167,0
T003020,C0021,2026-01-14,23:11,Starbucks,9.27,Marietta GA,Debit Card,752,0
T003021,C0094,2026-03-12,19:12,Best Buy,226.37,Marietta GA,Debit Card,1236,0
T003022,C0098,2026-01-22,11:15,Shell,49.87,Marietta GA,Credit Card,1918,0
T003023,C0036,2026-01-02,19:25,Target,299.04,Jonesboro GA,Credit Card,378,0
T003024,C0089,2026-01-01,14:58,PetSmart,207.91,Atlanta GA,Credit Card,1731,0
T003025,C0044,2026-01-24,08:30,Walmart,218.0,Miami FL,Debit Card,1742,0
T003026,C0037,2026-01-07,08:36,Walmart,309.19,Atlanta GA,Credit Card,479,0
T003027,C0032,2026-02-08,20:05,Publix,71.56,Marietta GA,Credit Card,207,0
T003028,C0076,2026-02-23,06:59,Amazon,348.94,Savannah GA,Credit Card,1113,0
T003029,C0019,2026-02-05,18:07,PetSmart,163.58,Savannah GA,Credit Card,1921,0
T003030,C0088,2026-01-17,18:18,Best Buy,487.93,Atlanta GA,Debit Card,477,0
T003031,C0091,2026-03-15,16:14,Home Depot,10.11,Charlotte NC,Debit Card,978,0
T003032,C0023,2026-02-24,10:54,Amazon,49.62,Jonesboro GA,Debit Card,486,0
T003033,C0087,2026-01-15,06:41,Target,394.32,Marietta GA,Credit Card,1948,0
T003034,C0080,2026-02-08,10:12,Shell,482.67,Jonesboro GA,Credit Card,1495,0
T003035,C0013,2026-02-06,09:58,Best Buy,450.46,Jonesboro GA,Debit Card,1563,0
T003036,C0026,2026-02-19,22:23,PetSmart,237.58,Marietta GA,Debit Card,1006,0
T003037,C0054,2026-03-19,15:11,Walmart,396.07,Savannah GA,Credit Card,1307,0
T003038,C0006,2026-02-13,09:32,Shell,239.32,Savannah GA,Credit Card,1157,0
T003039,C0057,2026-03-14,12:11,Walmart,311.76,Atlanta GA,Debit Card,643,0
T003040,C0090,2026-01-29,20:19,Starbucks,147.08,Atlanta GA,Credit Card,576,0
T003041,C0099,2026-02-04,17:27,Shell,88.27,Atlanta GA,Debit Card,1629,0
T003042,C0043,2026-02-27,06:10,Amazon,288.44,Miami FL,Debit Card,765,0
T003043,C0038,2026-01-18,19:35,Home Depot,192.36,Jonesboro GA,Credit Card,1192,0
T003044,C0006,2026-03-08,19:46,Shell,90.61,Charlotte NC,Debit Card,1476,0
T003045,C0035,2026-01-01,16:14,Target,489.73,Charlotte NC,Credit Card,1055,0
T003046,C0044,2026-02-20,14:15,Publix,91.32,Savannah GA,Debit Card,687,0
T003047,C0100,2026-01-05,13:30,CVS,418.44,Miami FL,Credit Card,1122,0
T003048,C0010,2026-03-04,19:47,Shell,29.71,Charlotte NC,Debit Card,222,0
T003049,C0038,2026-02-28,07:25,Amazon,141.52,Savannah GA,Debit Card,1520,0
T003050,C0049,2026-02-14,19:16,Target,422.4,Miami FL,Debit Card,1865,0
T003051,C0054,2026-02-21,23:59,PetSmart,378.73,Marietta GA,Debit Card,1687,0
T003052,C0009,2026-01-12,22:23,Publix,441.72,Charlotte NC,Debit Card,1702,0
T003053,C0067,2026-01-20,20:30,CVS,469.5,Miami FL,Credit Card,1923,0
T003054,C0090,2026-03-08,15:21,Starbucks,10.49,Miami FL,Credit Card,113,0
T003055,C0090,2026-01-31,17:26,PetSmart,15.11,Charlotte NC,Debit Card,1571,0
T003056,C0055,2026-02-01,20:17,Walmart,117.81,Jonesboro GA,Credit Card,1903,0
T003057,C0055,2026-02-20,21:41,CVS,109.58,Miami FL,Credit Card,931,0
T003058,C0086,2026-01-16,23:59,Amazon,238.15,Atlanta GA,Debit Card,307,0
T003059,C0024,2026-03-02,14:49,Starbucks,444.49,Savannah GA,Debit Card,196,0
T003060,C0079,2026-03-06,19:21,Walmart,256.5,Miami FL,Debit Card,476,0
T003061,C0065,2026-01-27,19:13,Publix,196.67,Charlotte NC,Credit Card,653,0
T003062,C0088,2026-01-04,16:51,Starbucks,493.77,Charlotte NC,Debit Card,1335,0
T003063,C0042,2026-01-18,09:44,Walmart,287.65,Charlotte NC,Debit Card,962,0
T003064,C0008,2026-01-10,23:55,Shell,383.67,Charlotte NC,Debit Card,852,0
T003065,C0088,2026-01-24,07:48,PetSmart,198.42,Atlanta GA,Debit Card,172,0
T003066,C0052,2026-03-16,11:49,Starbucks,239.91,Miami FL,Credit Card,1744,0
T003067,C0066,2026-03-13,10:26,CVS,247.82,Atlanta GA,Credit Card,1468,0
T003068,C0042,2026-01-01,23:27,Amazon,49.77,Marietta GA,Debit Card,1714,0
T003069,C0040,2026-02-07,11:01,CVS,205.59,Jonesboro GA,Credit Card,452,0
T003070,C0092,2026-01-12,13:20,CVS,486.38,Miami FL,Credit Card,649,0
T003071,C0088,2026-02-15,19:28,CVS,60.91,Charlotte NC,Credit Card,84,0
T003072,C0049,2026-03-10,20:12,CVS,310.38,Marietta GA,Credit Card,34,0
T003073,C0048,2026-02-04,13:35,Shell,479.5,Miami FL,Credit Card,1898,0
T003074,C0066,2026-03-31,10:50,Shell,406.8,Charlotte NC,Credit Card,1814,0
T003075,C0089,2026-03-06,06:24,Target,210.07,Savannah GA,Credit Card,1328,0
T003076,C0049,2026-02-13,22:37,Shell,340.51,Charlotte NC,Credit Card,1798,0
T003077,C0097,2026-02-02,10:57,Walmart,326.99,Atlanta GA,Debit Card,1770,0
T003078,C0084,2026-02-27,07:07,Home Depot,5.73,Atlanta GA,Debit Card,1004,0
T003079,C0007,2026-01-06,20:56,CVS,317.25,Marietta GA,Debit Card,128,0
T003080,C0027,2026-01-09,20:10,Walmart,261.2,Miami FL,Credit Card,853,0
T003081,C0020,2026-03-25,15:53,Home Depot,277.38,Marietta GA,Debit Card,642,0
T003082,C0068,2026-03-08,22:42,Publix,231.53,Atlanta GA,Credit Card,1216,0
T003083,C0044,2026-01-12,08:26,CVS,317.52,Marietta GA,Debit Card,1135,0
T003084,C0001,2026-02-19,09:10,Best Buy,361.02,Miami FL,Credit Card,1668,0
T003085,C0061,2026-01-05,22:08,Best Buy,12.7,Savannah GA,Credit Card,1751,0
T003086,C0003,2026-03-23,11:59,Amazon,230.86,Miami FL,Credit Card,892,0
T003087,C0025,2026-03-18,18:40,Shell,113.08,Jonesboro GA,Debit Card,1363,0
T003088,C0024,2026-01-11,11:00,Shell,450.5,Jonesboro GA,Debit Card,1536,0
T003089,C0096,2026-03-26,17:13,Shell,152.64,Charlotte NC,Credit Card,865,0
T003090,C0077,2026-01-20,13:29,Walmart,469.7,Miami FL,Credit Card,775,0
T003091,C0032,2026-02-21,07:15,Walmart,287.09,Marietta GA,Debit Card,1279,0
T003092,C0049,2026-02-07,13:24,PetSmart,459.55,Atlanta GA,Credit Card,681,0
T003093,C0018,2026-03-31,19:16,Shell,180.66,Atlanta GA,Debit Card,1056,0
T003094,C0097,2026-02-05,06:15,Target,395.94,Charlotte NC,Debit Card,1819,0
T003095,C0052,2026-03-14,20:31,Shell,63.83,Miami FL,Credit Card,539,0
T003096,C0067,2026-01-26,10:14,Publix,208.5,Jonesboro GA,Debit Card,906,0
T003097,C0005,2026-03-21,22:26,Best Buy,304.14,Savannah GA,Debit Card,611,0
T003098,C0075,2026-03-14,21:58,Target,292.83,Marietta GA,Debit Card,1781,0
T003099,C0086,2026-01-24,22:24,Starbucks,475.9,Marietta GA,Credit Card,407,0
T003100,C0022,2026-02-23,18:04,Best Buy,10.48,Miami FL,Credit Card,959,0
T003101,C0073,2026-02-14,18:39,CVS,98.63,Savannah GA,Credit Card,1238,0
T003102,C0077,2026-03-12,21:55,Starbucks,111.59,Miami FL,Credit Card,848,0
T003103,C0072,2026-01-24,17:58,Home Depot,228.22,Savannah GA,Debit Card,1629,0
T003104,C0056,2026-03-09,11:03,Walmart,127.29,Jonesboro GA,Credit Card,1101,0
T003105,C0033,2026-03-19,22:47,CVS,167.05,Marietta GA,Credit Card,418,0
T003106,C0098,2026-02-21,06:01,CVS,495.57,Atlanta GA,Credit Card,39,0
T003107,C0009,2026-03-26,20:59,Shell,327.92,Jonesboro GA,Credit Card,846,0
T003108,C0019,2026-02-09,13:54,CVS,478.51,Charlotte NC,Credit Card,99,0
T003109,C0037,2026-01-03,12:33,CVS,153.76,Atlanta GA,Credit Card,1692,0
T003110,C0074,2026-03-11,21:08,PetSmart,451.06,Jonesboro GA,Credit Card,97,0
T003111,C0076,2026-03-27,18:19,CVS,323.99,Miami FL,Debit Card,357,0
T003112,C0096,2026-03-25,10:03,Starbucks,168.11,Jonesboro GA,Credit Card,1092,0
T003113,C0024,2026-03-04,19:27,Amazon,20.34,Jonesboro GA,Credit Card,1276,0
T003114,C0014,2026-03-14,23:58,CVS,66.93,Jonesboro GA,Debit Card,1702,0
T003115,C0005,2026-01-11,21:42,Publix,440.28,Savannah GA,Credit Card,776,0
T003116,C0032,2026-03-09,19:36,Walmart,207.47,Savannah GA,Debit Card,712,0
T003117,C0062,2026-01-01,15:15,Starbucks,425.54,Charlotte NC,Debit Card,1658,0
T003118,C0040,2026-02-10,13:04,PetSmart,356.86,Jonesboro GA,Credit Card,1374,0
T003119,C0025,2026-01-13,06:03,PetSmart,425.96,Charlotte NC,Debit Card,1046,0
T003120,C0063,2026-02-14,07:14,PetSmart,41.27,Marietta GA,Credit Card,888,0
T003121,C0012,2026-01-19,16:53,CVS,483.17,Charlotte NC,Credit Card,1303,0
T003122,C0096,2026-03-08,21:12,CVS,297.44,Miami FL,Credit Card,460,0
T003123,C0059,2026-02-07,15:17,Walmart,367.22,Marietta GA,Debit Card,1763,0
T003124,C0058,2026-03-05,19:01,Shell,390.97,Miami FL,Credit Card,939,0
T003125,C0096,2026-02-10,08:59,Home Depot,388.36,Savannah GA,Credit Card,1842,0
T003126,C0001,2026-03-19,08:50,PetSmart,42.73,Savannah GA,Debit Card,995,0
T003127,C0081,2026-03-30,13:42,Walmart,49.47,Charlotte NC,Debit Card,370,0
T003128,C0069,2026-02-19,12:16,CVS,137.65,Jonesboro GA,Credit Card,105,0
T003129,C0078,2026-02-14,17:34,Target,256.9,Miami FL,Debit Card,1549,0
T003130,C0011,2026-03-21,18:42,Target,133.98,Jonesboro GA,Debit Card,779,0
T003131,C0032,2026-01-07,21:52,CVS,461.3,Charlotte NC,Credit Card,998,0
T003132,C0001,2026-01-02,15:20,Walmart,295.98,Jonesboro GA,Credit Card,1858,0
T003133,C0040,2026-02-01,23:09,Target,492.43,Miami FL,Debit Card,394,0
T003134,C0011,2026-02-20,11:49,Home Depot,296.34,Atlanta GA,Credit Card,1954,0
T003135,C0095,2026-03-11,23:25,Walmart,458.09,Marietta GA,Debit Card,1431,0
T003136,C0036,2026-01-02,10:25,Walmart,269.42,Charlotte NC,Debit Card,688,0
T003137,C0021,2026-02-18,15:44,CVS,49.82,Charlotte NC,Debit Card,925,0
T003138,C0091,2026-02-13,19:08,CVS,362.58,Marietta GA,Credit Card,439,0
T003139,C0008,2026-01-03,22:58,Amazon,153.49,Miami FL,Debit Card,1068,0
T003140,C0007,2026-03-19,23:30,Best Buy,255.27,Savannah GA,Credit Card,117,0
T003141,C0077,2026-03-20,08:34,Starbucks,301.75,Atlanta GA,Credit Card,1748,0
T003142,C0093,2026-03-29,10:51,Shell,50.48,Marietta GA,Credit Card,828,0
T003143,C0049,2026-03-12,16:35,Target,270.87,Atlanta GA,Debit Card,126,0
T003144,C0044,2026-01-16,09:38,Starbucks,97.3,Savannah GA,Credit Card,1373,0
T003145,C0052,2026-03-28,11:09,Walmart,400.37,Jonesboro GA,Debit Card,67,0
T003146,C0041,2026-03-02,21:17,Amazon,340.67,Miami FL,Debit Card,774,0
T003147,C0092,2026-01-08,23:43,Shell,364.57,Jonesboro GA,Debit Card,1856,0
T003148,C0087,2026-01-09,15:24,Starbucks,44.56,Charlotte NC,Credit Card,1557,0
T003149,C0010,2026-03-15,14:26,CVS,365.95,Miami FL,Debit Card,1824,0
T003150,C0063,2026-01-24,13:20,Best Buy,437.03,Savannah GA,Credit Card,1469,0
T003151,C0098,2026-01-02,10:47,CVS,184.83,Savannah GA,Credit Card,817,0
T003152,C0010,2026-03-04,23:58,Home Depot,69.22,Jonesboro GA,Credit Card,948,0
T003153,C0001,2026-01-07,18:15,Amazon,28.97,Savannah GA,Debit Card,115,0
T003154,C0051,2026-02-17,07:08,Best Buy,415.47,Marietta GA,Debit Card,1526,0
T003155,C0068,2026-01-02,23:37,Target,136.66,Charlotte NC,Debit Card,277,0
T003156,C0002,2026-01-22,07:51,Amazon,298.22,Miami FL,Credit Card,1547,0
T003157,C0031,2026-03-19,14:21,Walmart,71.95,Marietta GA,Debit Card,353,0
T003158,C0089,2026-03-31,17:14,Amazon,286.37,Savannah GA,Debit Card,1786,0
T003159,C0015,2026-01-06,07:39,CVS,484.74,Charlotte NC,Credit Card,1497,0
T003160,C0069,2026-03-01,17:58,Best Buy,432.2,Atlanta GA,Credit Card,1698,0
T003161,C0064,2026-02-04,10:02,Shell,132.61,Charlotte NC,Debit Card,683,0
T003162,C0037,2026-02-12,13:32,Home Depot,348.28,Miami FL,Debit Card,215,0
T003163,C0016,2026-03-18,18:22,Home Depot,360.59,Atlanta GA,Credit Card,1318,0
T003164,C0045,2026-02-06,16:25,Home Depot,443.73,Marietta GA,Debit Card,861,0
T003165,C0021,2026-03-05,21:03,Starbucks,78.96,Miami FL,Debit Card,674,0
T003166,C0090,2026-02-22,09:51,Best Buy,121.19,Savannah GA,Credit Card,890,0
T003167,C0018,2026-01-02,15:28,Shell,20.09,Miami FL,Debit Card,1798,0
T003168,C0082,2026-01-26,17:51,Starbucks,12.94,Savannah GA,Debit Card,158,0
T003169,C0047,2026-01-26,06:04,Home Depot,40.15,Jonesboro GA,Credit Card,933,0
T003170,C0030,2026-02-10,19:03,Target,405.44,Savannah GA,Debit Card,740,0
T003171,C0068,2026-01-23,14:19,PetSmart,189.84,Miami FL,Credit Card,183,0
T003172,C0027,2026-03-14,14:03,Amazon,157.26,Miami FL,Debit Card,1483,0
T003173,C0049,2026-03-29,16:44,Shell,110.83,Charlotte NC,Debit Card,1953,0
T003174,C0060,2026-01-16,08:48,CVS,362.73,Atlanta GA,Debit Card,1346,0
T003175,C0068,2026-02-08,18:37,CVS,220.19,Miami FL,Debit Card,469,0
T003176,C0055,2026-01-25,16:45,Publix,279.1,Savannah GA,Credit Card,1273,0
T003177,C0064,2026-01-01,17:43,Shell,201.01,Charlotte NC,Debit Card,989,0
T003178,C0007,2026-01-12,23:16,Starbucks,424.54,Marietta GA,Debit Card,530,0
T003179,C0001,2026-03-19,17:27,Target,86.15,Miami FL,Credit Card,1031,0
T003180,C0031,2026-03-19,21:13,Amazon,346.65,Marietta GA,Credit Card,1640,0
T003181,C0088,2026-01-06,11:55,Starbucks,148.1,Marietta GA,Debit Card,1178,0
T003182,C0018,2026-02-28,18:39,Publix,408.66,Marietta GA,Credit Card,1790,0
T003183,C0076,2026-01-31,11:14,Starbucks,222.45,Jonesboro GA,Credit Card,1506,0
T003184,C0069,2026-01-31,11:01,Publix,28.13,Charlotte NC,Credit Card,1208,0
T003185,C0013,2026-03-20,12:14,Shell,37.3,Charlotte NC,Credit Card,1588,0
T003186,C0023,2026-02-08,21:42,Home Depot,73.46,Jonesboro GA,Debit Card,174,0
T003187,C0078,2026-01-02,21:21,CVS,445.28,Miami FL,Credit Card,1709,0
T003188,C0042,2026-01-17,18:03,Target,346.57,Jonesboro GA,Debit Card,1903,0
T003189,C0057,2026-01-29,09:01,Publix,104.86,Savannah GA,Credit Card,37,0
T003190,C0092,2026-01-20,11:49,Best Buy,110.65,Jonesboro GA,Credit Card,1583,0
T003191,C0056,2026-03-01,12:13,Starbucks,227.45,Marietta GA,Debit Card,1953,0
T003192,C0010,2026-02-21,15:46,Best Buy,477.7,Charlotte NC,Credit Card,1009,0
T003193,C0004,2026-01-07,13:24,PetSmart,281.46,Atlanta GA,Credit Card,1663,0
T003194,C0005,2026-03-06,15:08,Publix,88.89,Miami FL,Debit Card,1320,0
T003195,C0037,2026-02-08,07:08,Target,321.96,Charlotte NC,Credit Card,1868,0
T003196,C0064,2026-02-16,22:10,Shell,239.26,Atlanta GA,Debit Card,906,0
T003197,C0059,2026-01-01,19:53,Best Buy,286.74,Marietta GA,Debit Card,357,0
T003198,C0002,2026-03-07,17:40,Walmart,99.5,Marietta GA,Debit Card,1764,0
T003199,C0052,2026-02-27,14:20,Shell,144.95,Savannah GA,Credit Card,1248,0
T003200,C0063,2026-01-28,21:47,CVS,263.75,Marietta GA,Credit Card,1206,0
T003201,C0070,2026-03-06,19:02,Shell,132.56,Miami FL,Credit Card,1236,0
T003202,C0095,2026-02-06,12:09,CVS,12.03,Jonesboro GA,Debit Card,1716,0
T003203,C0054,2026-01-29,14:57,Best Buy,68.14,Jonesboro GA,Credit Card,810,0
T003204,C0013,2026-03-16,23:51,Starbucks,360.71,Atlanta GA,Credit Card,1363,0
T003205,C0010,2026-02-13,13:16,Target,283.38,Jonesboro GA,Debit Card,63,0
T003206,C0001,2026-03-31,11:08,Target,221.28,Marietta GA,Debit Card,1892,0
T003207,C0025,2026-02-08,11:52,CVS,469.83,Miami FL,Debit Card,1851,0
T003208,C0082,2026-03-06,21:04,Starbucks,358.99,Jonesboro GA,Debit Card,1765,0
T003209,C0066,2026-01-17,12:28,Home Depot,454.95,Miami FL,Credit Card,1106,0
T003210,C0083,2026-03-26,23:54,Home Depot,33.62,Charlotte NC,Debit Card,624,0
T003211,C0009,2026-01-10,12:44,Best Buy,195.29,Miami FL,Credit Card,1511,0
T003212,C0033,2026-03-01,23:55,CVS,203.4,Charlotte NC,Debit Card,585,0
T003213,C0051,2026-03-29,20:39,Walmart,260.08,Charlotte NC,Debit Card,581,0
T003214,C0073,2026-03-21,20:09,Best Buy,485.68,Marietta GA,Credit Card,442,0
T003215,C0051,2026-01-19,19:05,Target,289.1,Atlanta GA,Credit Card,816,0
T003216,C0052,2026-02-15,16:46,Starbucks,212.25,Atlanta GA,Credit Card,950,0
T003217,C0088,2026-03-27,22:25,Home Depot,168.62,Savannah GA,Debit Card,690,0
T003218,C0042,2026-01-23,14:30,Publix,54.44,Savannah GA,Debit Card,912,0
T003219,C0036,2026-02-27,16:33,Walmart,196.28,Atlanta GA,Credit Card,1641,0
T003220,C0054,2026-02-15,08:26,Home Depot,343.23,Marietta GA,Debit Card,813,0
T003221,C0046,2026-02-02,15:16,Shell,81.18,Jonesboro GA,Credit Card,170,0
T003222,C0099,2026-01-01,10:51,Home Depot,466.81,Miami FL,Debit Card,1766,0
T003223,C0026,2026-02-24,06:32,Amazon,456.51,Miami FL,Debit Card,1618,0
T003224,C0030,2026-02-27,06:15,Publix,366.44,Savannah GA,Credit Card,866,0
T003225,C0025,2026-02-04,10:58,Walmart,405.9,Miami FL,Debit Card,464,0
T003226,C0066,2026-03-30,16:46,Best Buy,27.38,Atlanta GA,Credit Card,129,0
T003227,C0070,2026-03-19,14:47,CVS,20.05,Charlotte NC,Credit Card,171,0
T003228,C0028,2026-02-25,08:52,Shell,294.02,Charlotte NC,Credit Card,1273,0
T003229,C0061,2026-02-04,16:09,CVS,71.79,Savannah GA,Debit Card,1167,0
T003230,C0035,2026-02-04,22:00,Target,197.67,Marietta GA,Debit Card,641,0
T003231,C0041,2026-02-18,21:19,Walmart,180.2,Savannah GA,Credit Card,1073,0
T003232,C0002,2026-01-29,14:43,CVS,321.91,Jonesboro GA,Debit Card,68,0
T003233,C0044,2026-02-25,06:10,CVS,74.48,Charlotte NC,Credit Card,1498,0
T003234,C0079,2026-01-06,13:05,Shell,327.08,Jonesboro GA,Credit Card,754,0
T003235,C0068,2026-03-20,06:29,CVS,262.69,Marietta GA,Debit Card,421,0
T003236,C0040,2026-02-26,20:30,Starbucks,52.7,Atlanta GA,Credit Card,615,0
T003237,C0069,2026-01-15,15:04,Best Buy,306.78,Savannah GA,Debit Card,1081,0
T003238,C0055,2026-03-06,22:48,Shell,104.73,Charlotte NC,Credit Card,1512,0
T003239,C0017,2026-02-05,09:36,CVS,349.68,Jonesboro GA,Debit Card,890,0
T003240,C0021,2026-02-24,06:47,Amazon,88.32,Charlotte NC,Credit Card,1346,0
T003241,C0047,2026-02-23,21:18,Home Depot,87.04,Savannah GA,Debit Card,1930,0
T003242,C0067,2026-01-01,18:25,Amazon,100.27,Atlanta GA,Debit Card,402,0
T003243,C0076,2026-03-09,08:29,Amazon,188.91,Charlotte NC,Credit Card,1137,0
T003244,C0065,2026-02-16,16:36,Starbucks,443.75,Jonesboro GA,Credit Card,669,0
T003245,C0054,2026-01-20,13:08,CVS,467.11,Miami FL,Credit Card,972,0
T003246,C0093,2026-03-21,22:37,Starbucks,63.93,Marietta GA,Debit Card,85,0
T003247,C0020,2026-03-15,07:02,Starbucks,341.26,Marietta GA,Debit Card,1480,0
T003248,C0098,2026-03-11,20:03,Best Buy,437.1,Jonesboro GA,Debit Card,1404,0
T003249,C0071,2026-02-03,08:40,Shell,292.56,Savannah GA,Debit Card,1650,0
T003250,C0057,2026-03-17,22:04,Best Buy,160.37,Savannah GA,Debit Card,1706,0
T003251,C0070,2026-01-27,20:32,Home Depot,422.28,Miami FL,Credit Card,165,0
T003252,C0046,2026-01-08,23:37,CVS,249.59,Atlanta GA,Debit Card,649,0
T003253,C0048,2026-03-12,12:32,Home Depot,87.99,Miami FL,Debit Card,569,0
T003254,C0071,2026-01-03,10:01,Home Depot,106.65,Savannah GA,Debit Card,1433,0
T003255,C0062,2026-02-21,09:11,Best Buy,122.71,Atlanta GA,Credit Card,264,0
T003256,C0081,2026-03-12,23:06,CVS,370.42,Atlanta GA,Debit Card,346,0
T003257,C0073,2026-01-13,22:49,Home Depot,424.43,Miami FL,Debit Card,304,0
T003258,C0004,2026-03-18,07:55,PetSmart,197.07,Atlanta GA,Debit Card,272,0
T003259,C0007,2026-01-19,23:09,PetSmart,113.63,Miami FL,Credit Card,823,0
T003260,C0071,2026-03-07,19:42,CVS,141.08,Marietta GA,Credit Card,652,0
T003261,C0078,2026-01-06,19:31,PetSmart,358.35,Atlanta GA,Credit Card,701,0
T003262,C0059,2026-01-29,12:21,Home Depot,431.81,Miami FL,Debit Card,755,0
T003263,C0089,2026-01-13,11:53,PetSmart,223.92,Atlanta GA,Debit Card,1679,0
T003264,C0085,2026-03-22,07:43,Amazon,167.99,Atlanta GA,Debit Card,1758,0
T003265,C0099,2026-03-24,08:33,Publix,181.95,Savannah GA,Credit Card,1009,0
T003266,C0080,2026-02-05,14:02,CVS,260.71,Charlotte NC,Credit Card,667,0
T003267,C0048,2026-01-10,15:04,Home Depot,56.81,Miami FL,Credit Card,661,0
T003268,C0062,2026-01-30,16:54,Walmart,377.51,Charlotte NC,Credit Card,130,0
T003269,C0026,2026-03-22,18:52,Best Buy,61.35,Miami FL,Debit Card,1943,0
T003270,C0100,2026-03-16,20:56,Home Depot,373.11,Miami FL,Credit Card,1817,0
T003271,C0058,2026-01-19,13:40,CVS,437.49,Savannah GA,Credit Card,649,0
T003272,C0100,2026-02-03,19:30,Shell,258.63,Jonesboro GA,Debit Card,1206,0
T003273,C0038,2026-02-24,15:52,Walmart,364.19,Marietta GA,Debit Card,74,0
T003274,C0009,2026-03-03,12:48,Best Buy,308.51,Marietta GA,Credit Card,1051,0
T003275,C0065,2026-03-05,17:28,Amazon,293.23,Atlanta GA,Debit Card,1476,0
T003276,C0021,2026-01-30,09:32,CVS,332.96,Charlotte NC,Credit Card,835,0
T003277,C0072,2026-01-12,16:35,Amazon,72.67,Charlotte NC,Credit Card,784,0
T003278,C0091,2026-01-30,13:11,Shell,497.99,Charlotte NC,Credit Card,644,0
T003279,C0012,2026-02-14,14:34,Best Buy,39.14,Charlotte NC,Debit Card,536,0
T003280,C0075,2026-01-27,15:18,Best Buy,473.63,Savannah GA,Credit Card,1657,0
T003281,C0050,2026-01-16,17:47,PetSmart,197.44,Charlotte NC,Debit Card,1324,0
T003282,C0074,2026-03-22,21:17,Publix,326.9,Miami FL,Debit Card,1547,0
T003283,C0079,2026-02-13,06:10,Target,223.77,Savannah GA,Credit Card,1868,0
T003284,C0022,2026-03-12,08:41,Target,205.22,Miami FL,Credit Card,1738,0
T003285,C0037,2026-03-27,21:24,Target,419.7,Marietta GA,Debit Card,1461,0
T003286,C0008,2026-02-27,15:01,CVS,348.53,Jonesboro GA,Credit Card,1537,0
T003287,C0017,2026-02-06,13:12,CVS,270.33,Charlotte NC,Credit Card,1608,0
T003288,C0004,2026-01-04,18:45,Starbucks,484.78,Savannah GA,Debit Card,1707,0
T003289,C0024,2026-02-27,20:07,Target,210.73,Miami FL,Credit Card,1258,0
T003290,C0096,2026-01-10,06:08,Best Buy,220.58,Savannah GA,Debit Card,671,0
T003291,C0096,2026-01-05,10:50,Best Buy,91.08,Marietta GA,Debit Card,1768,0
T003292,C0017,2026-03-17,23:02,Starbucks,137.99,Charlotte NC,Credit Card,178,0
T003293,C0027,2026-03-04,17:39,PetSmart,446.1,Savannah GA,Credit Card,1546,0
T003294,C0003,2026-02-11,10:40,Target,309.06,Savannah GA,Debit Card,653,0
T003295,C0036,2026-03-20,11:13,Best Buy,150.41,Atlanta GA,Debit Card,532,0
T003296,C0100,2026-02-20,17:27,Publix,155.5,Atlanta GA,Debit Card,1835,0
T003297,C0040,2026-02-19,13:31,Starbucks,59.47,Savannah GA,Credit Card,1569,0
T003298,C0017,2026-02-15,18:57,Best Buy,285.97,Marietta GA,Credit Card,1284,0
T003299,C0082,2026-03-04,20:24,Publix,321.48,Jonesboro GA,Credit Card,1772,0
T003300,C0034,2026-03-12,16:00,Target,18.03,Jonesboro GA,Credit Card,396,0
T003301,C0096,2026-01-27,14:49,Publix,365.66,Jonesboro GA,Credit Card,620,0
T003302,C0088,2026-01-24,23:58,Shell,243.15,Miami FL,Debit Card,1127,0
T003303,C0030,2026-01-31,13:04,CVS,237.07,Atlanta GA,Debit Card,547,0
T003304,C0047,2026-03-03,15:37,Shell,190.03,Savannah GA,Credit Card,1728,0
T003305,C0026,2026-03-31,20:33,Starbucks,61.66,Jonesboro GA,Credit Card,1088,0
T003306,C0060,2026-03-30,06:18,CVS,36.45,Jonesboro GA,Credit Card,58,0
T003307,C0075,2026-03-25,19:27,Publix,223.2,Jonesboro GA,Credit Card,224,0
T003308,C0066,2026-01-08,09:46,Amazon,253.51,Atlanta GA,Debit Card,1456,0
T003309,C0069,2026-03-16,08:20,PetSmart,159.45,Marietta GA,Credit Card,218,0
T003310,C0009,2026-02-22,11:40,Shell,243.28,Marietta GA,Debit Card,242,0
T003311,C0002,2026-01-13,07:39,PetSmart,276.65,Miami FL,Credit Card,1405,0
T003312,C0052,2026-02-12,20:53,Home Depot,154.09,Jonesboro GA,Debit Card,138,0
T003313,C0053,2026-02-24,12:15,Home Depot,75.68,Charlotte NC,Credit Card,1923,0
T003314,C0093,2026-01-26,06:25,Target,93.71,Jonesboro GA,Debit Card,98,0
T003315,C0007,2026-03-06,19:55,Starbucks,96.58,Marietta GA,Credit Card,716,0
T003316,C0083,2026-01-18,11:18,Publix,339.26,Charlotte NC,Credit Card,1547,0
T003317,C0013,2026-02-22,21:02,Target,18.52,Jonesboro GA,Credit Card,241,0
T003318,C0041,2026-03-14,10:01,Target,370.57,Jonesboro GA,Debit Card,225,0
T003319,C0052,2026-03-08,10:08,Best Buy,425.16,Marietta GA,Credit Card,307,0
T003320,C0018,2026-01-30,10:11,Shell,495.65,Atlanta GA,Credit Card,1391,0
T003321,C0023,2026-01-04,09:42,Walmart,74.22,Jonesboro GA,Debit Card,1543,0
T003322,C0079,2026-02-02,23:19,Walmart,380.29,Atlanta GA,Credit Card,458,0
T003323,C0029,2026-01-23,17:11,CVS,117.77,Atlanta GA,Credit Card,1088,0
T003324,C0049,2026-03-18,14:21,Target,125.41,Marietta GA,Credit Card,1734,0
T003325,C0053,2026-01-24,22:25,Shell,112.21,Jonesboro GA,Credit Card,641,0
T003326,C0099,2026-01-01,11:16,Shell,216.96,Miami FL,Debit Card,1225,0
T003327,C0066,2026-01-07,17:15,Best Buy,137.47,Savannah GA,Credit Card,925,0
T003328,C0097,2026-02-01,14:42,PetSmart,314.43,Charlotte NC,Debit Card,1203,0
T003329,C0071,2026-02-15,18:53,Publix,416.04,Marietta GA,Debit Card,1615,0
T003330,C0012,2026-02-21,17:52,Publix,498.65,Charlotte NC,Credit Card,710,0
T003331,C0073,2026-02-19,11:23,Target,383.2,Jonesboro GA,Debit Card,1642,0
T003332,C0032,2026-01-14,14:30,Home Depot,211.16,Atlanta GA,Debit Card,1633,0
T003333,C0048,2026-03-31,17:10,Amazon,425.25,Marietta GA,Debit Card,620,0
T003334,C0057,2026-03-27,13:21,Shell,361.24,Savannah GA,Debit Card,456,0
T003335,C0072,2026-03-23,23:56,CVS,68.0,Charlotte NC,Debit Card,724,0
T003336,C0096,2026-02-19,21:59,Amazon,105.26,Marietta GA,Debit Card,1243,0
T003337,C0020,2026-01-21,20:55,Shell,240.04,Atlanta GA,Debit Card,1350,0
T003338,C0090,2026-01-28,15:26,Best Buy,165.37,Marietta GA,Credit Card,1153,0
T003339,C0043,2026-03-15,06:26,Home Depot,126.94,Charlotte NC,Debit Card,1637,0
T003340,C0013,2026-03-02,13:39,Best Buy,151.54,Charlotte NC,Credit Card,1276,0
T003341,C0097,2026-02-15,13:43,Home Depot,210.56,Charlotte NC,Credit Card,1968,0
T003342,C0065,2026-03-07,12:44,Target,448.98,Atlanta GA,Debit Card,975,0
T003343,C0012,2026-01-27,21:08,Walmart,251.07,Marietta GA,Credit Card,807,0
T003344,C0008,2026-01-01,09:17,PetSmart,388.63,Charlotte NC,Credit Card,1128,0
T003345,C0079,2026-01-18,18:46,Best Buy,280.19,Savannah GA,Credit Card,593,0
T003346,C0074,2026-02-06,18:50,Amazon,489.71,Atlanta GA,Credit Card,432,0
T003347,C0076,2026-03-24,14:53,Shell,96.05,Savannah GA,Debit Card,325,0
T003348,C0096,2026-03-31,15:22,CVS,197.36,Charlotte NC,Credit Card,1567,0
T003349,C0052,2026-03-16,15:00,Amazon,232.7,Marietta GA,Credit Card,470,0
T003350,C0051,2026-01-15,11:41,CVS,496.77,Jonesboro GA,Credit Card,877,0
T003351,C0090,2026-01-12,19:28,Best Buy,285.74,Charlotte NC,Debit Card,1406,0
T003352,C0004,2026-01-29,09:02,Best Buy,113.13,Charlotte NC,Credit Card,244,0
T003353,C0050,2026-03-15,06:07,Target,393.71,Marietta GA,Debit Card,851,0
T003354,C0100,2026-01-05,08:12,Amazon,367.03,Miami FL,Debit Card,493,0
T003355,C0030,2026-03-27,19:53,Shell,240.74,Jonesboro GA,Credit Card,1017,0
T003356,C0085,2026-01-13,15:02,Amazon,269.07,Charlotte NC,Debit Card,1720,0
T003357,C0073,2026-01-08,08:55,Home Depot,48.86,Charlotte NC,Debit Card,919,0
T003358,C0064,2026-02-02,23:05,CVS,41.59,Marietta GA,Credit Card,242,0
T003359,C0052,2026-01-07,15:41,Walmart,386.97,Jonesboro GA,Credit Card,1871,0
T003360,C0021,2026-01-16,18:58,Walmart,427.34,Marietta GA,Debit Card,1144,0
T003361,C0005,2026-01-19,09:54,Target,126.99,Miami FL,Credit Card,1606,0
T003362,C0026,2026-02-03,10:03,Shell,154.67,Miami FL,Debit Card,459,0
T003363,C0041,2026-03-03,09:31,Amazon,35.38,Atlanta GA,Debit Card,1744,0
T003364,C0076,2026-02-11,21:06,Target,34.09,Marietta GA,Debit Card,1781,0
T003365,C0090,2026-01-18,09:37,Target,105.62,Savannah GA,Credit Card,1426,0
T003366,C0040,2026-03-27,06:10,Walmart,453.58,Marietta GA,Debit Card,1940,0
T003367,C0067,2026-01-16,10:53,Home Depot,148.22,Charlotte NC,Credit Card,1122,0
T003368,C0059,2026-03-31,08:49,Shell,454.78,Jonesboro GA,Credit Card,1933,0
T003369,C0078,2026-02-17,21:24,Amazon,425.32,Savannah GA,Debit Card,633,0
T003370,C0055,2026-01-11,07:58,Amazon,123.23,Miami FL,Credit Card,1334,0
T003371,C0064,2026-02-18,09:50,Shell,330.52,Miami FL,Credit Card,1212,0
T003372,C0037,2026-02-06,07:04,Starbucks,63.89,Marietta GA,Credit Card,1484,0
T003373,C0031,2026-02-22,19:42,Target,169.09,Jonesboro GA,Credit Card,409,0
T003374,C0050,2026-02-13,11:20,Target,408.0,Savannah GA,Debit Card,389,0
T003375,C0097,2026-01-01,10:40,PetSmart,447.24,Charlotte NC,Debit Card,774,0
T003376,C0037,2026-03-01,23:38,PetSmart,467.45,Charlotte NC,Credit Card,1473,0
T003377,C0079,2026-03-19,15:32,Shell,215.83,Miami FL,Debit Card,1197,0
T003378,C0077,2026-03-17,16:27,Amazon,187.78,Atlanta GA,Credit Card,954,0
T003379,C0045,2026-03-06,15:56,Best Buy,185.21,Marietta GA,Debit Card,328,0
T003380,C0024,2026-02-19,18:08,PetSmart,230.56,Charlotte NC,Credit Card,1587,0
T003381,C0084,2026-02-18,06:30,Publix,17.82,Savannah GA,Debit Card,76,0
T003382,C0085,2026-03-25,14:07,Walmart,430.22,Atlanta GA,Debit Card,1747,0
T003383,C0029,2026-02-03,07:50,Walmart,431.27,Savannah GA,Debit Card,1464,0
T003384,C0066,2026-03-23,19:26,PetSmart,6.7,Atlanta GA,Credit Card,1138,0
T003385,C0077,2026-01-13,21:08,Walmart,494.2,Charlotte NC,Debit Card,1128,0
T003386,C0019,2026-03-06,09:07,Walmart,88.41,Savannah GA,Debit Card,749,0
T003387,C0085,2026-01-19,11:11,Starbucks,75.7,Marietta GA,Credit Card,1168,0
T003388,C0020,2026-01-20,22:12,Shell,238.17,Atlanta GA,Debit Card,763,0
T003389,C0078,2026-02-04,08:02,CVS,20.82,Miami FL,Debit Card,1517,0
T003390,C0097,2026-01-15,13:23,Home Depot,304.64,Jonesboro GA,Debit Card,1852,0
T003391,C0014,2026-02-10,12:20,Target,335.17,Marietta GA,Debit Card,1626,0
T003392,C0057,2026-01-01,19:18,Starbucks,462.15,Marietta GA,Credit Card,270,0
T003393,C0082,2026-03-01,22:15,Publix,301.4,Savannah GA,Credit Card,89,0
T003394,C0017,2026-02-08,09:39,Home Depot,16.75,Atlanta GA,Credit Card,619,0
T003395,C0092,2026-02-12,10:50,Publix,43.21,Marietta GA,Debit Card,1590,0
T003396,C0066,2026-03-13,19:51,Target,147.52,Charlotte NC,Debit Card,960,0
T003397,C0037,2026-03-24,22:43,Starbucks,91.77,Miami FL,Credit Card,1167,0
T003398,C0079,2026-02-14,21:58,Amazon,114.9,Atlanta GA,Debit Card,1175,0
T003399,C0083,2026-03-16,09:42,Walmart,235.01,Charlotte NC,Credit Card,328,0
T003400,C0013,2026-01-31,18:38,Amazon,129.04,Charlotte NC,Debit Card,1209,0
T003401,C0002,2026-03-05,17:37,Publix,479.12,Jonesboro GA,Debit Card,1201,0
T003402,C0040,2026-01-01,19:38,Walmart,97.35,Miami FL,Debit Card,910,0
T003403,C0073,2026-01-20,22:38,Walmart,182.85,Charlotte NC,Debit Card,1670,0
T003404,C0070,2026-01-07,18:21,Best Buy,38.01,Atlanta GA,Debit Card,890,0
T003405,C0059,2026-02-17,20:57,Amazon,379.29,Marietta GA,Debit Card,118,0
T003406,C0011,2026-01-12,13:26,Best Buy,224.86,Jonesboro GA,Credit Card,1389,0
T003407,C0072,2026-01-29,06:32,Target,74.31,Jonesboro GA,Credit Card,604,0
T003408,C0025,2026-01-21,18:18,PetSmart,309.9,Charlotte NC,Debit Card,581,0
T003409,C0039,2026-01-02,23:18,PetSmart,164.94,Savannah GA,Credit Card,1413,0
T003410,C0024,2026-01-23,12:19,Amazon,450.97,Charlotte NC,Credit Card,1079,0
T003411,C0001,2026-01-17,15:07,Walmart,229.91,Jonesboro GA,Credit Card,1504,0
T003412,C0043,2026-02-11,23:21,Publix,302.17,Marietta GA,Debit Card,675,0
T003413,C0059,2026-03-05,18:00,Shell,195.17,Miami FL,Credit Card,362,0
T003414,C0036,2026-01-28,13:42,Starbucks,35.41,Jonesboro GA,Debit Card,325,0
T003415,C0080,2026-01-29,08:20,Publix,182.62,Charlotte NC,Debit Card,1340,0
T003416,C0069,2026-02-05,06:58,Starbucks,117.05,Miami FL,Debit Card,1726,0
T003417,C0018,2026-03-30,08:28,CVS,95.99,Savannah GA,Debit Card,353,0
T003418,C0013,2026-01-17,06:19,PetSmart,302.12,Jonesboro GA,Credit Card,208,0
T003419,C0053,2026-02-15,13:37,PetSmart,453.06,Miami FL,Credit Card,390,0
T003420,C0052,2026-01-01,18:14,Best Buy,240.05,Miami FL,Credit Card,288,0
T003421,C0046,2026-03-17,11:32,Walmart,420.31,Marietta GA,Credit Card,122,0
T003422,C0039,2026-01-06,19:06,Home Depot,96.55,Jonesboro GA,Credit Card,1405,0
T003423,C0075,2026-01-28,17:39,Walmart,323.28,Atlanta GA,Credit Card,492,0
T003424,C0063,2026-01-01,07:41,CVS,303.83,Savannah GA,Credit Card,74,0
T003425,C0024,2026-02-18,10:11,CVS,217.99,Charlotte NC,Debit Card,1753,0
T003426,C0044,2026-01-09,22:47,Best Buy,351.51,Charlotte NC,Debit Card,784,0
T003427,C0046,2026-03-16,10:14,CVS,364.91,Jonesboro GA,Credit Card,30,0
T003428,C0037,2026-01-30,08:24,Publix,72.67,Charlotte NC,Credit Card,1363,0
T003429,C0081,2026-02-18,15:28,PetSmart,146.01,Savannah GA,Credit Card,1533,0
T003430,C0037,2026-01-16,15:48,Amazon,392.27,Savannah GA,Credit Card,752,0
T003431,C0026,2026-03-27,20:31,CVS,460.4,Charlotte NC,Credit Card,906,0
T003432,C0054,2026-03-26,21:41,Best Buy,175.58,Jonesboro GA,Credit Card,1865,0
T003433,C0098,2026-03-15,11:35,Best Buy,18.12,Atlanta GA,Credit Card,207,0
T003434,C0090,2026-01-10,07:09,Publix,206.36,Savannah GA,Credit Card,300,0
T003435,C0032,2026-03-22,23:43,Target,198.44,Charlotte NC,Credit Card,1929,0
T003436,C0057,2026-01-27,16:15,Walmart,318.14,Savannah GA,Debit Card,307,0
T003437,C0020,2026-02-15,10:04,Amazon,65.94,Charlotte NC,Debit Card,1809,0
T003438,C0018,2026-02-17,19:14,Best Buy,325.33,Charlotte NC,Debit Card,1896,0
T003439,C0064,2026-03-19,15:12,Target,423.67,Atlanta GA,Debit Card,74,0
T003440,C0006,2026-02-13,13:36,Walmart,229.51,Charlotte NC,Credit Card,1570,0
T003441,C0069,2026-03-31,08:13,CVS,437.48,Charlotte NC,Credit Card,323,0
T003442,C0034,2026-01-27,10:30,Best Buy,193.09,Jonesboro GA,Debit Card,1576,0
T003443,C0069,2026-01-26,21:26,Shell,331.26,Atlanta GA,Debit Card,731,0
T003444,C0073,2026-01-18,07:06,Target,460.08,Jonesboro GA,Credit Card,231,0
T003445,C0100,2026-02-15,11:44,Shell,408.19,Charlotte NC,Credit Card,906,0
T003446,C0051,2026-01-29,17:04,Shell,225.33,Marietta GA,Debit Card,1679,0
T003447,C0019,2026-02-14,13:51,PetSmart,161.38,Marietta GA,Debit Card,1892,0
T003448,C0032,2026-02-19,21:26,PetSmart,160.44,Jonesboro GA,Debit Card,562,0
T003449,C0068,2026-01-21,11:17,PetSmart,296.4,Miami FL,Debit Card,1697,0
T003450,C0074,2026-01-03,15:26,Shell,416.08,Charlotte NC,Debit Card,1310,0
T003451,C0018,2026-03-14,19:20,Publix,291.4,Atlanta GA,Debit Card,814,0
T003452,C0069,2026-01-07,19:49,Publix,410.12,Atlanta GA,Credit Card,288,0
T003453,C0097,2026-01-30,16:44,PetSmart,93.76,Savannah GA,Debit Card,74,0
T003454,C0079,2026-02-04,10:04,PetSmart,132.41,Miami FL,Credit Card,298,0
T003455,C0074,2026-03-26,17:57,Target,434.99,Jonesboro GA,Debit Card,38,0
T003456,C0024,2026-03-01,23:54,Starbucks,447.02,Marietta GA,Debit Card,1442,0
T003457,C0090,2026-03-14,20:54,Walmart,486.37,Jonesboro GA,Debit Card,1826,0
T003458,C0018,2026-01-07,20:01,Publix,350.57,Atlanta GA,Debit Card,446,0
T003459,C0030,2026-02-27,23:43,CVS,51.34,Miami FL,Credit Card,1752,0
T003460,C0019,2026-01-20,07:59,Amazon,324.33,Marietta GA,Debit Card,1192,0
T003461,C0090,2026-02-20,21:25,Shell,360.3,Jonesboro GA,Credit Card,1598,0
T003462,C0094,2026-03-22,13:42,PetSmart,102.58,Atlanta GA,Debit Card,317,0
T003463,C0067,2026-01-18,10:01,Best Buy,60.85,Marietta GA,Credit Card,1712,0
T003464,C0007,2026-02-02,23:13,Home Depot,67.62,Jonesboro GA,Debit Card,449,0
T003465,C0097,2026-02-18,06:50,Amazon,339.47,Savannah GA,Debit Card,1073,0
T003466,C0022,2026-03-23,08:44,Home Depot,251.89,Miami FL,Debit Card,453,0
T003467,C0049,2026-02-06,19:56,Walmart,305.26,Jonesboro GA,Debit Card,1905,0
T003468,C0077,2026-02-05,07:07,Starbucks,459.03,Atlanta GA,Debit Card,1805,0
T003469,C0025,2026-01-12,12:23,Starbucks,382.98,Jonesboro GA,Debit Card,132,0
T003470,C0084,2026-02-07,18:07,Walmart,449.97,Atlanta GA,Credit Card,1003,0
T003471,C0045,2026-01-07,12:33,Home Depot,272.74,Charlotte NC,Credit Card,1532,0
T003472,C0066,2026-03-23,08:03,CVS,146.49,Charlotte NC,Credit Card,607,0
T003473,C0008,2026-02-19,22:21,Shell,177.54,Marietta GA,Credit Card,185,0
T003474,C0088,2026-03-25,09:17,Amazon,263.61,Jonesboro GA,Credit Card,1084,0
T003475,C0083,2026-02-15,22:03,Amazon,231.75,Savannah GA,Debit Card,433,0
T003476,C0006,2026-02-21,22:59,CVS,56.04,Charlotte NC,Credit Card,680,0
T003477,C0049,2026-02-27,23:16,Shell,246.09,Savannah GA,Credit Card,103,0
T003478,C0012,2026-03-26,09:25,CVS,444.85,Atlanta GA,Credit Card,1867,0
T003479,C0078,2026-01-14,19:05,Home Depot,244.45,Charlotte NC,Credit Card,248,0
T003480,C0047,2026-03-08,19:07,Home Depot,490.57,Savannah GA,Debit Card,204,0
T003481,C0073,2026-03-16,22:12,CVS,222.08,Savannah GA,Debit Card,1389,0
T003482,C0026,2026-01-06,16:55,Starbucks,240.86,Savannah GA,Credit Card,87,0
T003483,C0043,2026-02-15,23:04,Home Depot,98.85,Marietta GA,Debit Card,1234,0
T003484,C0045,2026-03-11,17:15,Best Buy,354.27,Jonesboro GA,Debit Card,776,0
T003485,C0031,2026-02-19,18:42,Amazon,144.73,Miami FL,Credit Card,320,0
T003486,C0013,2026-01-06,08:43,PetSmart,170.9,Charlotte NC,Debit Card,706,0
T003487,C0070,2026-03-19,12:00,Shell,276.29,Savannah GA,Debit Card,1698,0
T003488,C0100,2026-02-13,12:10,Amazon,395.4,Atlanta GA,Credit Card,1875,0
T003489,C0060,2026-03-13,13:16,Starbucks,217.85,Savannah GA,Debit Card,678,0
T003490,C0009,2026-01-17,22:23,Publix,86.48,Charlotte NC,Credit Card,1962,0
T003491,C0039,2026-03-11,20:52,Best Buy,7.19,Atlanta GA,Credit Card,420,0
T003492,C0001,2026-01-02,20:48,Home Depot,66.91,Miami FL,Debit Card,1727,0
T003493,C0029,2026-03-02,21:29,Home Depot,475.31,Charlotte NC,Credit Card,1913,0
T003494,C0096,2026-01-17,21:41,Target,74.4,Atlanta GA,Debit Card,1062,0
T003495,C0050,2026-01-11,10:04,Amazon,9.27,Atlanta GA,Credit Card,128,0
T003496,C0019,2026-02-07,21:13,Shell,151.13,Marietta GA,Credit Card,1849,0
T003497,C0087,2026-03-30,20:30,Walmart,425.14,Jonesboro GA,Debit Card,222,0
T003498,C0097,2026-03-28,21:06,CVS,467.66,Charlotte NC,Debit Card,800,0
T003499,C0047,2026-02-21,20:26,CVS,387.08,Savannah GA,Debit Card,636,0
T003500,C0006,2026-01-31,12:18,CVS,264.39,Miami FL,Debit Card,1625,0
T003501,C0035,2026-02-06,10:43,Walmart,80.41,Atlanta GA,Debit Card,807,0
T003502,C0088,2026-03-30,11:08,Publix,313.95,Marietta GA,Debit Card,1745,0
T003503,C0012,2026-03-21,06:29,CVS,125.72,Atlanta GA,Debit Card,73,0
T003504,C0047,2026-01-15,16:31,Shell,213.56,Savannah GA,Credit Card,1645,0
T003505,C0082,2026-02-12,07:47,CVS,454.4,Atlanta GA,Credit Card,1467,0
T003506,C0013,2026-01-20,19:00,Walmart,355.88,Atlanta GA,Debit Card,92,0
T003507,C0065,2026-03-15,12:42,Walmart,177.58,Marietta GA,Debit Card,565,0
T003508,C0060,2026-01-27,13:20,Publix,432.44,Miami FL,Debit Card,621,0
T003509,C0065,2026-01-12,11:06,Home Depot,182.29,Charlotte NC,Credit Card,610,0
T003510,C0074,2026-02-19,13:57,Best Buy,410.01,Savannah GA,Credit Card,1485,0
T003511,C0065,2026-03-28,13:51,Best Buy,427.27,Charlotte NC,Debit Card,349,0
T003512,C0003,2026-03-26,19:27,Amazon,347.87,Atlanta GA,Debit Card,777,0
T003513,C0019,2026-02-12,14:54,Home Depot,199.46,Marietta GA,Debit Card,1850,0
T003514,C0076,2026-02-07,06:02,Starbucks,336.56,Charlotte NC,Debit Card,1690,0
T003515,C0005,2026-01-12,15:42,Starbucks,333.72,Atlanta GA,Debit Card,1558,0
T003516,C0049,2026-03-13,16:17,Walmart,296.67,Jonesboro GA,Credit Card,456,0
T003517,C0019,2026-01-26,07:56,PetSmart,477.41,Atlanta GA,Debit Card,1350,0
T003518,C0090,2026-03-25,12:24,Amazon,449.81,Marietta GA,Debit Card,1255,0
T003519,C0092,2026-01-08,07:37,Amazon,454.0,Atlanta GA,Credit Card,137,0
T003520,C0068,2026-02-26,22:07,CVS,37.65,Miami FL,Credit Card,1519,0
T003521,C0001,2026-03-24,13:21,Shell,90.88,Miami FL,Credit Card,1461,0
T003522,C0036,2026-01-07,13:03,Target,314.37,Jonesboro GA,Credit Card,1921,0
T003523,C0034,2026-01-12,13:49,Amazon,211.49,Charlotte NC,Debit Card,885,0
T003524,C0051,2026-01-11,10:08,Starbucks,258.36,Miami FL,Credit Card,1411,0
T003525,C0082,2026-03-15,15:49,Best Buy,177.65,Miami FL,Credit Card,969,0
T003526,C0090,2026-01-29,08:53,Shell,436.55,Savannah GA,Credit Card,1797,0
T003527,C0012,2026-02-01,06:55,Walmart,338.8,Jonesboro GA,Credit Card,1285,0
T003528,C0056,2026-02-07,10:06,PetSmart,311.27,Marietta GA,Debit Card,1172,0
T003529,C0075,2026-02-24,13:30,Target,74.27,Charlotte NC,Debit Card,865,0
T003530,C0094,2026-01-14,18:51,Publix,379.95,Charlotte NC,Credit Card,1024,0
T003531,C0055,2026-03-03,18:55,PetSmart,257.0,Charlotte NC,Credit Card,1868,0
T003532,C0017,2026-01-31,19:34,Home Depot,207.54,Miami FL,Credit Card,1107,0
T003533,C0086,2026-02-20,11:29,Publix,365.71,Atlanta GA,Credit Card,1923,0
T003534,C0052,2026-02-25,19:28,Starbucks,96.12,Miami FL,Credit Card,1084,0
T003535,C0089,2026-02-20,08:25,Home Depot,226.54,Atlanta GA,Credit Card,1703,0
T003536,C0042,2026-03-16,13:51,Starbucks,234.58,Marietta GA,Credit Card,681,0
T003537,C0073,2026-03-21,21:30,Home Depot,165.11,Atlanta GA,Credit Card,982,0
T003538,C0020,2026-01-04,23:53,Best Buy,193.19,Jonesboro GA,Debit Card,414,0
T003539,C0072,2026-01-10,15:07,Publix,161.96,Charlotte NC,Credit Card,1613,0
T003540,C0057,2026-03-16,12:36,Target,244.01,Savannah GA,Debit Card,173,0
T003541,C0018,2026-01-12,23:34,CVS,178.7,Jonesboro GA,Debit Card,933,0
T003542,C0011,2026-03-25,17:49,Target,24.49,Jonesboro GA,Debit Card,119,0
T003543,C0001,2026-03-23,11:33,CVS,138.54,Marietta GA,Debit Card,1971,0
T003544,C0058,2026-01-07,13:41,Home Depot,321.53,Savannah GA,Debit Card,64,0
T003545,C0100,2026-01-14,10:21,Starbucks,13.92,Miami FL,Credit Card,1327,0
T003546,C0002,2026-01-05,21:17,Target,418.63,Charlotte NC,Debit Card,380,0
T003547,C0074,2026-01-24,11:14,Walmart,78.87,Savannah GA,Debit Card,1772,0
T003548,C0025,2026-03-23,23:01,Best Buy,411.32,Miami FL,Credit Card,817,0
T003549,C0022,2026-01-03,10:51,Walmart,321.27,Atlanta GA,Debit Card,565,0
T003550,C0023,2026-03-31,20:23,Best Buy,73.75,Charlotte NC,Debit Card,519,0
T003551,C0061,2026-03-30,08:51,Shell,249.93,Atlanta GA,Debit Card,1344,0
T003552,C0098,2026-03-18,17:57,Shell,473.29,Jonesboro GA,Debit Card,865,0
T003553,C0087,2026-03-11,21:50,PetSmart,361.58,Jonesboro GA,Credit Card,456,0
T003554,C0047,2026-02-12,08:17,Shell,113.34,Jonesboro GA,Debit Card,809,0
T003555,C0084,2026-03-07,12:42,Best Buy,180.2,Miami FL,Debit Card,1560,0
T003556,C0035,2026-01-30,17:41,Home Depot,282.97,Marietta GA,Debit Card,1150,0
T003557,C0055,2026-02-20,15:33,Starbucks,111.84,Savannah GA,Debit Card,671,0
T003558,C0031,2026-03-09,21:00,Starbucks,239.02,Atlanta GA,Debit Card,1922,0
T003559,C0066,2026-03-25,19:49,CVS,83.74,Jonesboro GA,Credit Card,1676,0
T003560,C0079,2026-02-25,16:55,Home Depot,153.88,Marietta GA,Debit Card,1126,0
T003561,C0005,2026-01-08,17:46,Publix,162.97,Atlanta GA,Debit Card,95,0
T003562,C0077,2026-01-22,06:03,Starbucks,203.44,Miami FL,Debit Card,967,0
T003563,C0026,2026-03-31,20:28,Shell,285.74,Marietta GA,Credit Card,495,0
T003564,C0095,2026-02-14,06:15,PetSmart,138.47,Marietta GA,Debit Card,1181,0
T003565,C0004,2026-02-14,09:22,Target,170.87,Savannah GA,Credit Card,108,0
T003566,C0087,2026-02-13,06:42,Starbucks,153.45,Charlotte NC,Credit Card,408,0
T003567,C0072,2026-01-09,10:58,Target,174.99,Jonesboro GA,Credit Card,980,0
T003568,C0077,2026-03-04,16:12,Shell,413.06,Charlotte NC,Credit Card,191,0
T003569,C0093,2026-02-15,06:17,Target,123.31,Atlanta GA,Credit Card,1809,0
T003570,C0022,2026-02-03,10:35,Best Buy,443.04,Jonesboro GA,Credit Card,919,0
T003571,C0087,2026-01-07,22:23,Best Buy,59.95,Marietta GA,Debit Card,1045,0
T003572,C0029,2026-02-13,08:16,Home Depot,177.54,Marietta GA,Debit Card,1324,0
T003573,C0097,2026-02-11,09:05,Best Buy,294.38,Atlanta GA,Credit Card,1006,0
T003574,C0086,2026-03-29,13:44,Shell,159.77,Jonesboro GA,Debit Card,959,0
T003575,C0090,2026-03-11,09:26,Walmart,239.58,Savannah GA,Credit Card,963,0
T003576,C0026,2026-01-18,08:42,Amazon,195.71,Savannah GA,Debit Card,680,0
T003577,C0061,2026-02-02,09:11,Publix,381.72,Savannah GA,Credit Card,1572,0
T003578,C0055,2026-03-07,20:25,Walmart,265.23,Miami FL,Debit Card,357,0
T003579,C0002,2026-01-30,08:38,CVS,214.83,Miami FL,Credit Card,1734,0
T003580,C0056,2026-03-18,16:04,Amazon,461.86,Atlanta GA,Credit Card,922,0
T003581,C0096,2026-02-12,23:09,PetSmart,171.12,Atlanta GA,Debit Card,1909,0
T003582,C0017,2026-01-13,11:48,Best Buy,339.97,Savannah GA,Credit Card,470,0
T003583,C0036,2026-02-14,08:42,Amazon,157.75,Miami FL,Credit Card,627,0
T003584,C0084,2026-02-01,18:19,Starbucks,187.8,Atlanta GA,Credit Card,780,0
T003585,C0006,2026-01-31,09:15,Starbucks,393.79,Miami FL,Credit Card,552,0
T003586,C0017,2026-03-01,11:38,PetSmart,223.57,Jonesboro GA,Debit Card,1278,0
T003587,C0009,2026-01-04,15:40,Target,149.94,Charlotte NC,Debit Card,559,0
T003588,C0025,2026-02-01,19:56,Target,325.21,Miami FL,Credit Card,1289,0
T003589,C0048,2026-01-21,21:30,Amazon,344.41,Atlanta GA,Credit Card,273,0
T003590,C0087,2026-03-29,09:43,Target,206.96,Jonesboro GA,Credit Card,1947,0
T003591,C0060,2026-02-13,08:58,CVS,452.11,Marietta GA,Debit Card,955,0
T003592,C0028,2026-01-19,08:47,Starbucks,421.72,Miami FL,Credit Card,139,0
T003593,C0094,2026-01-20,11:06,Home Depot,410.95,Savannah GA,Credit Card,1245,0
T003594,C0071,2026-02-26,12:43,Amazon,394.49,Savannah GA,Credit Card,973,0
T003595,C0056,2026-03-14,22:43,PetSmart,182.7,Atlanta GA,Credit Card,954,0
T003596,C0063,2026-03-18,08:23,Walmart,176.4,Savannah GA,Debit Card,1798,0
T003597,C0026,2026-01-02,11:00,Walmart,162.31,Jonesboro GA,Debit Card,298,0
T003598,C0100,2026-03-13,07:56,Best Buy,282.43,Charlotte NC,Credit Card,466,0
T003599,C0096,2026-01-22,16:32,Shell,440.85,Charlotte NC,Debit Card,848,0
T003600,C0058,2026-01-07,14:00,Best Buy,326.04,Atlanta GA,Credit Card,1268,0
T003601,C0100,2026-02-28,17:19,Amazon,344.0,Jonesboro GA,Debit Card,1310,0
T003602,C0009,2026-02-24,23:32,Home Depot,123.85,Charlotte NC,Credit Card,227,0
T003603,C0006,2026-01-10,07:55,Target,225.97,Marietta GA,Credit Card,1566,0
T003604,C0041,2026-01-08,09:34,Target,144.0,Marietta GA,Credit Card,665,0
T003605,C0021,2026-03-26,23:10,Starbucks,121.34,Atlanta GA,Credit Card,770,0
T003606,C0031,2026-01-10,18:33,Starbucks,344.14,Atlanta GA,Credit Card,278,0
T003607,C0093,2026-01-31,23:36,Best Buy,421.34,Marietta GA,Debit Card,1415,0
T003608,C0086,2026-02-18,06:29,Target,495.23,Charlotte NC,Debit Card,1564,0
T003609,C0066,2026-02-24,21:11,CVS,325.77,Charlotte NC,Debit Card,124,0
T003610,C0006,2026-03-31,09:49,Walmart,44.99,Jonesboro GA,Credit Card,133,0
T003611,C0061,2026-02-04,23:23,Walmart,219.68,Savannah GA,Credit Card,1814,0
T003612,C0004,2026-01-28,20:00,Home Depot,56.58,Miami FL,Debit Card,1113,0
T003613,C0048,2026-03-24,15:23,Target,313.0,Atlanta GA,Credit Card,561,0
T003614,C0047,2026-02-20,17:21,Best Buy,75.18,Miami FL,Debit Card,827,0
T003615,C0015,2026-01-11,13:28,CVS,216.75,Marietta GA,Debit Card,943,0
T003616,C0094,2026-02-24,13:37,Target,376.29,Charlotte NC,Debit Card,755,0
T003617,C0052,2026-02-18,20:34,Target,383.63,Marietta GA,Debit Card,478,0
T003618,C0004,2026-01-13,12:34,Publix,107.7,Jonesboro GA,Debit Card,1762,0
T003619,C0068,2026-01-06,11:46,PetSmart,412.47,Charlotte NC,Debit Card,316,0
T003620,C0028,2026-02-08,15:50,Shell,480.9,Charlotte NC,Debit Card,830,0
T003621,C0049,2026-01-28,06:18,Starbucks,106.37,Savannah GA,Debit Card,1978,0
T003622,C0088,2026-01-13,15:11,Target,210.97,Atlanta GA,Debit Card,1312,0
T003623,C0086,2026-01-30,09:38,Target,151.28,Jonesboro GA,Credit Card,842,0
T003624,C0069,2026-01-04,14:24,Best Buy,134.66,Marietta GA,Debit Card,671,0
T003625,C0049,2026-03-03,06:13,Home Depot,298.61,Miami FL,Debit Card,802,0
T003626,C0071,2026-03-11,13:31,Home Depot,19.01,Marietta GA,Credit Card,1428,0
T003627,C0078,2026-01-11,17:36,Amazon,346.6,Savannah GA,Credit Card,400,0
T003628,C0096,2026-01-22,21:59,Starbucks,332.35,Charlotte NC,Credit Card,148,0
T003629,C0050,2026-01-06,14:03,Publix,143.68,Miami FL,Credit Card,802,0
T003630,C0096,2026-02-27,11:08,Starbucks,45.57,Miami FL,Credit Card,1081,0
T003631,C0021,2026-01-03,08:34,Shell,261.7,Savannah GA,Credit Card,263,0
T003632,C0058,2026-03-03,16:43,CVS,424.75,Savannah GA,Credit Card,947,0
T003633,C0068,2026-03-03,15:37,CVS,417.15,Charlotte NC,Debit Card,1288,0
T003634,C0058,2026-01-18,09:31,CVS,161.28,Miami FL,Credit Card,284,0
T003635,C0015,2026-02-23,17:33,Shell,396.31,Miami FL,Debit Card,1540,0
T003636,C0013,2026-01-02,19:04,Home Depot,497.48,Miami FL,Credit Card,1038,0
T003637,C0028,2026-02-22,12:53,Publix,51.88,Savannah GA,Credit Card,222,0
T003638,C0022,2026-02-27,11:47,CVS,417.24,Savannah GA,Debit Card,1805,0
T003639,C0097,2026-03-19,19:13,Best Buy,300.36,Atlanta GA,Debit Card,1029,0
T003640,C0072,2026-01-28,22:54,Home Depot,289.11,Atlanta GA,Credit Card,1442,0
T003641,C0091,2026-01-22,07:07,CVS,199.02,Charlotte NC,Credit Card,1593,0
T003642,C0027,2026-03-05,17:12,Walmart,215.88,Savannah GA,Credit Card,1658,0
T003643,C0088,2026-03-30,12:26,Starbucks,114.79,Atlanta GA,Debit Card,1916,0
T003644,C0016,2026-03-09,16:17,Amazon,308.89,Atlanta GA,Debit Card,1214,0
T003645,C0005,2026-03-28,11:38,Walmart,125.12,Jonesboro GA,Credit Card,761,0
T003646,C0096,2026-02-13,19:57,Shell,254.24,Jonesboro GA,Debit Card,1710,0
T003647,C0031,2026-02-05,12:38,CVS,80.81,Miami FL,Credit Card,1324,0
T003648,C0020,2026-02-04,08:53,Starbucks,57.39,Jonesboro GA,Debit Card,1259,0
T003649,C0090,2026-02-02,21:55,Starbucks,316.53,Jonesboro GA,Credit Card,892,0
T003650,C0023,2026-02-21,07:07,Target,354.8,Charlotte NC,Credit Card,1455,0
T003651,C0070,2026-01-13,12:46,Best Buy,182.21,Marietta GA,Debit Card,1612,0
T003652,C0072,2026-02-19,12:49,Shell,51.44,Jonesboro GA,Credit Card,137,0
T003653,C0078,2026-03-08,16:49,Amazon,300.92,Atlanta GA,Debit Card,1991,0
T003654,C0080,2026-02-09,17:56,Walmart,349.4,Charlotte NC,Debit Card,1644,0
T003655,C0075,2026-01-05,23:47,Home Depot,316.67,Savannah GA,Credit Card,1281,0
T003656,C0078,2026-03-23,12:21,Starbucks,233.15,Charlotte NC,Credit Card,1362,0
T003657,C0098,2026-01-09,12:13,Target,256.57,Savannah GA,Debit Card,1303,0
T003658,C0061,2026-03-30,10:07,Amazon,19.25,Savannah GA,Debit Card,1010,0
T003659,C0085,2026-01-24,15:08,Amazon,487.44,Charlotte NC,Debit Card,1362,0
T003660,C0022,2026-03-20,22:56,Starbucks,51.56,Charlotte NC,Debit Card,1651,0
T003661,C0093,2026-02-01,11:46,Amazon,338.49,Atlanta GA,Debit Card,510,0
T003662,C0056,2026-03-11,09:41,Publix,51.6,Jonesboro GA,Credit Card,1649,0
T003663,C0040,2026-03-12,14:09,Shell,151.78,Jonesboro GA,Credit Card,1400,0
T003664,C0086,2026-02-17,06:44,Walmart,126.1,Marietta GA,Debit Card,1260,0
T003665,C0040,2026-01-12,09:42,PetSmart,352.27,Savannah GA,Debit Card,1536,0
T003666,C0066,2026-02-23,14:00,Best Buy,490.04,Charlotte NC,Credit Card,1284,0
T003667,C0074,2026-01-25,23:39,Shell,250.02,Atlanta GA,Debit Card,1477,0
T003668,C0009,2026-03-23,10:19,Amazon,163.36,Savannah GA,Credit Card,1747,0
T003669,C0042,2026-01-23,18:55,Target,256.74,Charlotte NC,Credit Card,185,0
T003670,C0086,2026-02-10,14:11,Target,162.56,Atlanta GA,Credit Card,1564,0
T003671,C0074,2026-01-23,13:30,CVS,318.92,Marietta GA,Credit Card,812,0
T003672,C0092,2026-01-22,17:14,Best Buy,301.97,Savannah GA,Debit Card,504,0
T003673,C0069,2026-01-09,23:50,Best Buy,50.97,Atlanta GA,Debit Card,1575,0
T003674,C0025,2026-01-30,15:08,CVS,418.71,Charlotte NC,Credit Card,604,0
T003675,C0084,2026-03-28,11:32,Starbucks,192.38,Jonesboro GA,Credit Card,1555,0
T003676,C0025,2026-02-08,22:34,Shell,104.78,Savannah GA,Credit Card,1268,0
T003677,C0030,2026-01-14,22:24,Amazon,238.96,Jonesboro GA,Credit Card,923,0
T003678,C0079,2026-02-16,15:11,Shell,256.33,Charlotte NC,Credit Card,612,0
T003679,C0032,2026-01-18,23:21,Home Depot,472.17,Marietta GA,Debit Card,733,0
T003680,C0003,2026-01-03,17:10,PetSmart,173.31,Jonesboro GA,Credit Card,1584,0
T003681,C0072,2026-03-03,06:15,Home Depot,306.35,Miami FL,Debit Card,1195,0
T003682,C0055,2026-02-11,09:53,CVS,166.75,Savannah GA,Debit Card,1795,0
T003683,C0061,2026-01-16,23:33,Best Buy,133.01,Jonesboro GA,Credit Card,442,0
T003684,C0001,2026-03-12,22:29,Walmart,140.61,Miami FL,Debit Card,464,0
T003685,C0036,2026-03-08,19:27,Shell,335.15,Charlotte NC,Debit Card,951,0
T003686,C0076,2026-02-22,09:29,Home Depot,231.21,Miami FL,Debit Card,1464,0
T003687,C0083,2026-02-03,20:58,Walmart,47.08,Savannah GA,Credit Card,198,0
T003688,C0011,2026-02-27,09:21,Walmart,399.08,Marietta GA,Debit Card,833,0
T003689,C0062,2026-01-01,16:04,Publix,365.31,Savannah GA,Debit Card,1141,0
T003690,C0094,2026-02-19,21:42,Home Depot,344.68,Savannah GA,Credit Card,629,0
T003691,C0034,2026-03-30,12:23,CVS,106.18,Charlotte NC,Credit Card,1280,0
T003692,C0082,2026-02-05,16:48,Best Buy,14.23,Miami FL,Debit Card,1892,0
T003693,C0003,2026-03-15,13:31,Publix,429.15,Savannah GA,Debit Card,732,0
T003694,C0040,2026-03-13,19:04,Walmart,451.11,Marietta GA,Debit Card,995,0
T003695,C0090,2026-02-27,09:19,Home Depot,450.26,Miami FL,Credit Card,1993,0
T003696,C0005,2026-03-29,13:34,Starbucks,490.27,Jonesboro GA,Credit Card,692,0
T003697,C0091,2026-02-08,22:50,PetSmart,379.01,Savannah GA,Credit Card,176,0
T003698,C0081,2026-02-22,23:55,Best Buy,288.62,Marietta GA,Debit Card,136,0
T003699,C0086,2026-01-29,06:46,Best Buy,258.51,Marietta GA,Debit Card,1750,0
T003700,C0011,2026-03-15,18:38,Walmart,222.44,Atlanta GA,Credit Card,712,0
T003701,C0011,2026-02-07,22:55,CVS,5.76,Charlotte NC,Credit Card,785,0
T003702,C0019,2026-03-02,07:57,PetSmart,264.47,Savannah GA,Debit Card,472,0
T003703,C0050,2026-01-25,19:13,Publix,30.54,Savannah GA,Credit Card,549,0
T003704,C0039,2026-03-18,18:47,Shell,204.47,Marietta GA,Debit Card,1542,0
T003705,C0092,2026-03-28,10:12,Amazon,270.92,Marietta GA,Credit Card,485,0
T003706,C0048,2026-01-07,20:56,PetSmart,48.94,Charlotte NC,Debit Card,480,0
T003707,C0016,2026-03-01,20:56,PetSmart,433.86,Jonesboro GA,Debit Card,906,0
T003708,C0023,2026-02-20,20:34,Best Buy,126.28,Marietta GA,Debit Card,671,0
T003709,C0090,2026-02-03,21:49,Walmart,407.79,Miami FL,Debit Card,1788,0
T003710,C0048,2026-02-06,22:45,CVS,326.78,Jonesboro GA,Debit Card,714,0
T003711,C0018,2026-02-28,14:56,CVS,225.83,Jonesboro GA,Credit Card,1721,0
T003712,C0004,2026-03-13,21:18,Amazon,235.54,Savannah GA,Debit Card,81,0
T003713,C0034,2026-02-15,08:19,Starbucks,213.52,Atlanta GA,Debit Card,1252,0
T003714,C0057,2026-02-10,21:49,Publix,48.69,Marietta GA,Debit Card,455,0
T003715,C0084,2026-03-24,07:36,Amazon,395.44,Atlanta GA,Credit Card,1773,0
T003716,C0036,2026-03-06,10:15,Walmart,202.22,Savannah GA,Debit Card,1555,0
T003717,C0038,2026-02-12,19:23,Shell,265.04,Jonesboro GA,Credit Card,533,0
T003718,C0044,2026-02-25,07:40,Starbucks,471.04,Marietta GA,Credit Card,1429,0
T003719,C0086,2026-03-15,08:04,Walmart,235.88,Atlanta GA,Debit Card,152,0
T003720,C0095,2026-01-10,08:38,Amazon,413.11,Jonesboro GA,Debit Card,1441,0
T003721,C0098,2026-01-11,08:35,CVS,417.61,Miami FL,Debit Card,238,0
T003722,C0088,2026-02-27,14:25,Publix,375.69,Miami FL,Credit Card,903,0
T003723,C0010,2026-02-24,08:32,Shell,237.84,Charlotte NC,Debit Card,1346,0
T003724,C0098,2026-02-05,20:46,Best Buy,336.12,Miami FL,Debit Card,1225,0
T003725,C0053,2026-01-19,06:47,Best Buy,276.04,Charlotte NC,Debit Card,793,0
T003726,C0092,2026-03-18,17:01,Starbucks,174.83,Jonesboro GA,Debit Card,1108,0
T003727,C0083,2026-03-31,13:44,CVS,360.57,Atlanta GA,Debit Card,504,0
T003728,C0001,2026-02-06,06:20,Starbucks,250.71,Miami FL,Credit Card,599,0
T003729,C0062,2026-01-20,08:16,Amazon,91.49,Miami FL,Debit Card,142,0
T003730,C0046,2026-02-18,07:19,Target,268.31,Marietta GA,Credit Card,1022,0
T003731,C0040,2026-01-12,14:29,PetSmart,278.12,Marietta GA,Credit Card,1531,0
T003732,C0095,2026-02-08,15:52,Home Depot,134.27,Jonesboro GA,Credit Card,292,0
T003733,C0001,2026-01-03,11:58,Amazon,144.6,Jonesboro GA,Debit Card,1508,0
T003734,C0029,2026-01-11,23:58,Home Depot,419.96,Savannah GA,Credit Card,1561,0
T003735,C0088,2026-03-05,21:19,Best Buy,463.21,Savannah GA,Debit Card,225,0
T003736,C0027,2026-03-28,12:00,Target,42.8,Marietta GA,Debit Card,319,0
T003737,C0046,2026-02-23,16:34,Home Depot,137.43,Jonesboro GA,Credit Card,1698,0
T003738,C0011,2026-03-30,09:31,Publix,320.66,Marietta GA,Debit Card,1157,0
T003739,C0078,2026-03-08,15:45,Publix,405.38,Jonesboro GA,Credit Card,1844,0
T003740,C0087,2026-03-08,09:24,Target,168.49,Marietta GA,Debit Card,973,0
T003741,C0045,2026-01-13,13:19,CVS,271.33,Marietta GA,Credit Card,1120,0
T003742,C0098,2026-01-26,23:04,CVS,367.51,Atlanta GA,Credit Card,1707,0
T003743,C0034,2026-03-19,11:19,Best Buy,67.93,Marietta GA,Debit Card,1903,0
T003744,C0021,2026-01-31,07:53,Target,289.25,Charlotte NC,Debit Card,1233,0
T003745,C0095,2026-01-20,21:57,Target,259.93,Marietta GA,Credit Card,425,0
T003746,C0038,2026-01-12,12:15,Target,363.25,Atlanta GA,Debit Card,201,0
T003747,C0043,2026-01-09,16:14,Publix,425.24,Jonesboro GA,Credit Card,109,0
T003748,C0025,2026-02-26,23:05,Walmart,10.08,Jonesboro GA,Debit Card,1405,0
T003749,C0092,2026-03-12,15:42,Target,183.48,Atlanta GA,Debit Card,1602,0
T003750,C0041,2026-02-25,13:47,Publix,372.0,Savannah GA,Debit Card,1668,0
T003751,C0040,2026-01-24,09:09,Publix,392.63,Jonesboro GA,Credit Card,862,0
T003752,C0079,2026-02-23,15:43,CVS,80.59,Jonesboro GA,Debit Card,198,0
T003753,C0080,2026-03-30,18:41,Target,485.99,Atlanta GA,Debit Card,809,0
T003754,C0089,2026-03-31,22:40,CVS,34.14,Atlanta GA,Credit Card,301,0
T003755,C0021,2026-01-19,19:52,Shell,205.23,Marietta GA,Credit Card,1061,0
T003756,C0017,2026-03-05,17:59,Starbucks,318.25,Charlotte NC,Credit Card,1336,0
T003757,C0052,2026-03-14,18:09,Starbucks,418.65,Charlotte NC,Debit Card,92,0
T003758,C0068,2026-01-12,06:00,Amazon,250.8,Charlotte NC,Debit Card,737,0
T003759,C0073,2026-01-17,23:40,Amazon,248.68,Marietta GA,Debit Card,963,0
T003760,C0007,2026-03-24,20:58,Amazon,20.1,Marietta GA,Credit Card,1761,0
T003761,C0035,2026-02-02,12:35,Home Depot,368.83,Jonesboro GA,Debit Card,978,0
T003762,C0016,2026-02-12,11:57,Starbucks,48.74,Miami FL,Debit Card,1498,0
T003763,C0006,2026-01-19,22:25,Publix,354.72,Charlotte NC,Credit Card,62,0
T003764,C0049,2026-01-24,14:00,Walmart,90.88,Jonesboro GA,Credit Card,887,0
T003765,C0046,2026-02-21,16:02,Shell,228.32,Savannah GA,Debit Card,1500,0
T003766,C0075,2026-03-16,22:21,Walmart,319.11,Jonesboro GA,Credit Card,922,0
T003767,C0051,2026-02-19,16:40,Shell,51.42,Marietta GA,Credit Card,1752,0
T003768,C0046,2026-03-04,22:32,Best Buy,259.84,Marietta GA,Credit Card,1927,0
T003769,C0066,2026-03-31,13:04,PetSmart,177.06,Charlotte NC,Debit Card,451,0
T003770,C0050,2026-01-18,06:56,Walmart,443.1,Savannah GA,Credit Card,210,0
T003771,C0013,2026-02-05,21:53,Amazon,9.52,Miami FL,Debit Card,1236,0
T003772,C0036,2026-01-03,12:21,PetSmart,111.09,Atlanta GA,Credit Card,278,0
T003773,C0098,2026-03-13,11:45,Shell,366.28,Miami FL,Debit Card,1196,0
T003774,C0038,2026-03-14,07:23,Shell,133.51,Atlanta GA,Credit Card,507,0
T003775,C0040,2026-01-12,19:30,PetSmart,296.32,Marietta GA,Credit Card,470,0
T003776,C0082,2026-01-17,18:31,Walmart,365.71,Miami FL,Debit Card,46,0
T003777,C0072,2026-03-09,19:53,Shell,408.27,Miami FL,Debit Card,1667,0
T003778,C0043,2026-01-22,17:49,Best Buy,298.54,Charlotte NC,Credit Card,1388,0
T003779,C0085,2026-01-21,22:57,Home Depot,436.96,Charlotte NC,Credit Card,367,0
T003780,C0092,2026-01-20,13:23,Home Depot,265.84,Atlanta GA,Credit Card,459,0
T003781,C0006,2026-02-08,19:31,Best Buy,216.41,Miami FL,Debit Card,1886,0
T003782,C0053,2026-02-21,14:20,PetSmart,307.35,Miami FL,Credit Card,1671,0
T003783,C0071,2026-03-15,16:53,Amazon,368.36,Savannah GA,Debit Card,1207,0
T003784,C0061,2026-03-23,12:05,Publix,119.37,Marietta GA,Credit Card,1950,0
T003785,C0062,2026-01-21,22:44,Publix,301.85,Jonesboro GA,Debit Card,1305,0
T003786,C0063,2026-01-12,08:45,Shell,482.86,Miami FL,Debit Card,1332,0
T003787,C0038,2026-02-11,09:53,Home Depot,217.13,Savannah GA,Credit Card,1562,0
T003788,C0084,2026-02-12,13:17,Target,215.08,Miami FL,Debit Card,1285,0
T003789,C0053,2026-03-24,19:19,Publix,384.91,Jonesboro GA,Credit Card,1846,0
T003790,C0015,2026-02-24,13:59,CVS,267.05,Savannah GA,Debit Card,1509,0
T003791,C0002,2026-03-06,11:03,Walmart,178.73,Miami FL,Credit Card,1740,0
T003792,C0015,2026-02-11,21:41,Best Buy,47.5,Marietta GA,Credit Card,1339,0
T003793,C0020,2026-02-05,23:50,Starbucks,67.5,Jonesboro GA,Credit Card,1555,0
T003794,C0028,2026-02-22,23:03,Shell,242.4,Charlotte NC,Credit Card,1192,0
T003795,C0081,2026-01-07,08:51,Home Depot,329.18,Jonesboro GA,Debit Card,1327,0
T003796,C0065,2026-01-26,15:35,Walmart,397.85,Jonesboro GA,Credit Card,40,0
T003797,C0010,2026-02-17,22:25,Publix,375.14,Marietta GA,Debit Card,849,0
T003798,C0096,2026-02-04,19:56,PetSmart,166.52,Atlanta GA,Debit Card,62,0
T003799,C0045,2026-01-06,19:31,Amazon,446.79,Miami FL,Credit Card,1782,0
T003800,C0035,2026-01-07,16:47,Best Buy,250.41,Charlotte NC,Credit Card,452,0
T003801,C0051,2026-03-30,10:45,Shell,58.01,Miami FL,Credit Card,1116,0
T003802,C0045,2026-02-16,07:10,Best Buy,402.49,Savannah GA,Credit Card,205,0
T003803,C0046,2026-01-03,21:29,Publix,280.76,Charlotte NC,Credit Card,726,0
T003804,C0041,2026-02-19,11:26,Home Depot,457.52,Marietta GA,Credit Card,562,0
T003805,C0028,2026-03-07,14:18,CVS,241.46,Jonesboro GA,Debit Card,1562,0
T003806,C0051,2026-02-13,08:42,Walmart,416.44,Savannah GA,Credit Card,1630,0
T003807,C0073,2026-02-17,17:04,CVS,230.76,Atlanta GA,Credit Card,343,0
T003808,C0074,2026-03-19,11:21,Shell,397.77,Jonesboro GA,Credit Card,451,0
T003809,C0087,2026-01-23,22:48,Target,311.86,Savannah GA,Debit Card,1408,0
T003810,C0098,2026-03-02,14:28,Amazon,333.17,Miami FL,Debit Card,941,0
T003811,C0056,2026-01-05,21:01,Publix,293.26,Savannah GA,Debit Card,770,0
T003812,C0042,2026-01-27,15:14,Shell,326.08,Charlotte NC,Debit Card,1598,0
T003813,C0056,2026-02-22,11:09,Home Depot,55.42,Savannah GA,Debit Card,1516,0
T003814,C0001,2026-03-30,13:19,CVS,246.0,Jonesboro GA,Credit Card,1801,0
T003815,C0015,2026-03-01,09:03,Publix,298.9,Marietta GA,Debit Card,1389,0
T003816,C0007,2026-03-01,20:54,Target,323.51,Atlanta GA,Debit Card,498,0
T003817,C0099,2026-01-10,14:44,Shell,123.99,Miami FL,Debit Card,1128,0
T003818,C0062,2026-03-01,22:21,Starbucks,471.58,Marietta GA,Debit Card,851,0
T003819,C0033,2026-03-23,21:19,Target,138.83,Marietta GA,Debit Card,225,0
T003820,C0051,2026-03-21,16:09,Home Depot,236.46,Jonesboro GA,Debit Card,516,0
T003821,C0019,2026-01-03,17:31,Home Depot,178.01,Jonesboro GA,Debit Card,1559,0
T003822,C0077,2026-01-13,19:25,Shell,464.34,Savannah GA,Debit Card,120,0
T003823,C0020,2026-02-22,11:15,Home Depot,389.46,Jonesboro GA,Credit Card,467,0
T003824,C0095,2026-03-01,09:16,Shell,153.79,Savannah GA,Credit Card,850,0
T003825,C0076,2026-03-05,21:46,PetSmart,130.97,Charlotte NC,Credit Card,1687,0
T003826,C0089,2026-02-10,16:02,Amazon,280.21,Jonesboro GA,Credit Card,1091,0
T003827,C0092,2026-02-21,07:07,Amazon,189.57,Savannah GA,Debit Card,975,0
T003828,C0004,2026-01-10,20:22,Amazon,54.88,Miami FL,Debit Card,1291,0
T003829,C0087,2026-02-26,07:24,Walmart,380.2,Charlotte NC,Credit Card,972,0
T003830,C0074,2026-02-25,11:33,Shell,247.0,Miami FL,Credit Card,670,0
T003831,C0041,2026-02-16,13:42,Target,59.37,Savannah GA,Credit Card,1155,0
T003832,C0099,2026-02-01,17:12,CVS,203.89,Savannah GA,Debit Card,1649,0
T003833,C0055,2026-02-15,22:38,PetSmart,440.2,Marietta GA,Debit Card,864,0
T003834,C0006,2026-03-10,23:13,PetSmart,68.4,Atlanta GA,Debit Card,583,0
T003835,C0100,2026-01-14,12:39,Target,401.42,Marietta GA,Credit Card,44,0
T003836,C0010,2026-02-09,11:31,Shell,303.78,Marietta GA,Credit Card,1330,0
T003837,C0040,2026-03-28,13:20,CVS,205.57,Marietta GA,Debit Card,1012,0
T003838,C0092,2026-01-09,14:33,CVS,385.47,Savannah GA,Debit Card,75,0
T003839,C0026,2026-03-28,13:51,Walmart,457.52,Charlotte NC,Credit Card,775,0
T003840,C0100,2026-01-04,22:11,Best Buy,197.97,Jonesboro GA,Credit Card,1770,0
T003841,C0044,2026-03-02,14:45,Starbucks,122.46,Charlotte NC,Debit Card,1624,0
T003842,C0009,2026-03-16,09:05,Starbucks,217.44,Miami FL,Debit Card,1689,0
T003843,C0017,2026-03-22,11:20,Starbucks,42.4,Marietta GA,Credit Card,1805,0
T003844,C0021,2026-03-24,23:36,Best Buy,294.86,Atlanta GA,Credit Card,1680,0
T003845,C0019,2026-02-10,20:16,Publix,200.19,Miami FL,Debit Card,1318,0
T003846,C0081,2026-01-24,17:43,Shell,351.53,Savannah GA,Debit Card,1707,0
T003847,C0041,2026-01-13,23:42,Shell,59.14,Jonesboro GA,Credit Card,1770,0
T003848,C0098,2026-02-27,12:32,Publix,194.11,Atlanta GA,Credit Card,67,0
T003849,C0088,2026-03-24,23:06,Publix,107.01,Marietta GA,Credit Card,1443,0
T003850,C0076,2026-01-13,23:49,Amazon,258.93,Savannah GA,Debit Card,1868,0
T003851,C0036,2026-01-18,11:01,PetSmart,194.09,Atlanta GA,Debit Card,1967,0
T003852,C0010,2026-02-11,14:03,Shell,103.17,Charlotte NC,Credit Card,1871,0
T003853,C0013,2026-01-27,18:00,Target,88.65,Marietta GA,Debit Card,430,0
T003854,C0001,2026-03-01,21:02,Home Depot,460.47,Savannah GA,Debit Card,1529,0
T003855,C0074,2026-03-11,13:49,Walmart,220.57,Savannah GA,Debit Card,982,0
T003856,C0049,2026-02-23,21:44,Starbucks,6.28,Charlotte NC,Debit Card,1746,0
T003857,C0009,2026-01-06,15:34,Best Buy,252.0,Marietta GA,Credit Card,1102,0
T003858,C0067,2026-01-14,22:24,Best Buy,330.1,Miami FL,Credit Card,1696,0
T003859,C0074,2026-03-27,11:24,Amazon,443.59,Atlanta GA,Credit Card,1760,0
T003860,C0039,2026-03-01,15:06,Publix,309.31,Savannah GA,Debit Card,1235,0
T003861,C0079,2026-03-29,13:38,Target,164.84,Savannah GA,Credit Card,1426,0
T003862,C0003,2026-03-04,06:14,Best Buy,482.8,Jonesboro GA,Credit Card,641,0
T003863,C0017,2026-03-18,20:43,Publix,354.06,Charlotte NC,Credit Card,138,0
T003864,C0016,2026-01-13,12:25,Home Depot,281.53,Atlanta GA,Debit Card,1145,0
T003865,C0019,2026-03-01,14:11,CVS,477.47,Savannah GA,Debit Card,271,0
T003866,C0043,2026-02-20,10:49,Amazon,320.62,Atlanta GA,Credit Card,1821,0
T003867,C0044,2026-01-15,19:36,Starbucks,74.59,Savannah GA,Credit Card,1535,0
T003868,C0097,2026-02-05,22:00,Walmart,186.59,Miami FL,Debit Card,319,0
T003869,C0078,2026-03-06,15:12,Amazon,274.89,Marietta GA,Debit Card,1427,0
T003870,C0080,2026-01-31,16:54,Target,184.23,Atlanta GA,Debit Card,202,0
T003871,C0062,2026-01-28,17:07,Shell,191.8,Jonesboro GA,Debit Card,83,0
T003872,C0021,2026-01-12,10:58,Target,454.14,Jonesboro GA,Credit Card,1142,0
T003873,C0032,2026-03-23,21:36,Amazon,186.98,Atlanta GA,Debit Card,1214,0
T003874,C0002,2026-03-05,08:54,Amazon,54.48,Jonesboro GA,Debit Card,1025,0
T003875,C0090,2026-03-06,20:58,Walmart,175.97,Marietta GA,Credit Card,146,0
T003876,C0074,2026-03-31,18:00,Shell,130.56,Atlanta GA,Credit Card,705,0
T003877,C0012,2026-03-22,23:37,Best Buy,381.58,Jonesboro GA,Credit Card,686,0
T003878,C0027,2026-01-15,23:29,Amazon,281.51,Savannah GA,Debit Card,1594,0
T003879,C0052,2026-01-02,18:17,PetSmart,429.57,Savannah GA,Debit Card,489,0
T003880,C0040,2026-03-27,13:53,Publix,339.78,Charlotte NC,Debit Card,193,0
T003881,C0082,2026-01-23,14:37,PetSmart,117.69,Marietta GA,Credit Card,1650,0
T003882,C0054,2026-02-03,16:07,PetSmart,448.59,Jonesboro GA,Debit Card,1626,0
T003883,C0001,2026-01-06,15:44,Shell,448.97,Miami FL,Debit Card,1818,0
T003884,C0057,2026-02-19,06:54,Amazon,495.46,Atlanta GA,Credit Card,728,0
T003885,C0038,2026-03-16,17:52,Starbucks,230.23,Savannah GA,Credit Card,1217,0
T003886,C0092,2026-01-14,09:03,Shell,416.82,Savannah GA,Debit Card,1021,0
T003887,C0074,2026-02-16,15:43,PetSmart,441.15,Savannah GA,Debit Card,1552,0
T003888,C0045,2026-03-14,20:09,Best Buy,79.18,Jonesboro GA,Debit Card,370,0
T003889,C0050,2026-02-04,06:48,CVS,255.92,Marietta GA,Debit Card,446,0
T003890,C0075,2026-02-18,22:54,Walmart,478.54,Miami FL,Debit Card,744,0
T003891,C0095,2026-03-17,11:59,Best Buy,192.58,Atlanta GA,Debit Card,1802,0
T003892,C0084,2026-02-22,23:30,Best Buy,262.1,Atlanta GA,Credit Card,99,0
T003893,C0080,2026-02-17,20:02,PetSmart,222.32,Savannah GA,Debit Card,1580,0
T003894,C0084,2026-01-29,21:29,Amazon,76.44,Miami FL,Debit Card,1236,0
T003895,C0024,2026-02-26,13:22,PetSmart,32.31,Atlanta GA,Credit Card,282,0
T003896,C0017,2026-03-26,07:26,Home Depot,90.33,Miami FL,Debit Card,1135,0
T003897,C0084,2026-01-25,13:03,Starbucks,86.16,Jonesboro GA,Credit Card,1643,0
T003898,C0019,2026-02-18,06:50,Amazon,129.85,Miami FL,Credit Card,851,0
T003899,C0091,2026-03-29,06:25,Walmart,355.32,Savannah GA,Debit Card,1283,0
T003900,C0045,2026-02-20,16:49,Starbucks,221.63,Marietta GA,Debit Card,317,0
T003901,C0077,2026-02-01,21:45,Shell,255.39,Atlanta GA,Credit Card,1739,0
T003902,C0007,2026-03-13,16:18,Walmart,130.64,Savannah GA,Debit Card,1118,0
T003903,C0062,2026-03-16,22:50,Publix,62.64,Marietta GA,Credit Card,50,0
T003904,C0033,2026-01-19,22:51,Starbucks,481.73,Jonesboro GA,Debit Card,43,0
T003905,C0042,2026-02-08,10:23,Amazon,381.27,Savannah GA,Debit Card,712,0
T003906,C0004,2026-03-23,20:34,PetSmart,277.57,Miami FL,Debit Card,842,0
T003907,C0004,2026-01-17,11:07,Starbucks,362.44,Atlanta GA,Credit Card,540,0
T003908,C0010,2026-02-11,23:25,PetSmart,312.61,Atlanta GA,Credit Card,879,0
T003909,C0027,2026-03-02,22:49,CVS,272.27,Miami FL,Credit Card,1021,0
T003910,C0021,2026-03-31,08:16,Home Depot,414.05,Savannah GA,Credit Card,1671,0
T003911,C0021,2026-01-23,09:30,Shell,399.62,Miami FL,Debit Card,1905,0
T003912,C0086,2026-02-24,06:15,CVS,153.71,Savannah GA,Debit Card,428,0
T003913,C0098,2026-01-03,16:05,Starbucks,238.15,Miami FL,Credit Card,1466,0
T003914,C0006,2026-03-29,08:09,Starbucks,159.55,Miami FL,Debit Card,1953,0
T003915,C0003,2026-03-25,06:05,Starbucks,366.66,Charlotte NC,Credit Card,1511,0
T003916,C0063,2026-01-09,18:17,Publix,473.82,Jonesboro GA,Debit Card,1115,0
T003917,C0064,2026-02-04,18:26,CVS,32.5,Marietta GA,Credit Card,299,0
T003918,C0060,2026-02-15,11:25,Publix,391.06,Charlotte NC,Credit Card,1424,0
T003919,C0088,2026-01-07,13:55,CVS,141.51,Savannah GA,Debit Card,1507,0
T003920,C0051,2026-03-11,12:12,Walmart,149.72,Savannah GA,Debit Card,57,0
T003921,C0074,2026-01-31,23:13,Publix,75.17,Miami FL,Debit Card,844,0
T003922,C0069,2026-02-03,16:28,Walmart,398.83,Savannah GA,Credit Card,1247,0
T003923,C0020,2026-02-04,23:21,Amazon,245.29,Marietta GA,Debit Card,1054,0
T003924,C0091,2026-02-16,07:46,Target,8.45,Miami FL,Debit Card,248,0
T003925,C0073,2026-01-04,10:22,Best Buy,336.31,Savannah GA,Debit Card,180,0
T003926,C0074,2026-01-20,23:46,Starbucks,424.95,Atlanta GA,Credit Card,1506,0
T003927,C0046,2026-03-14,20:53,Starbucks,353.99,Marietta GA,Credit Card,37,0
T003928,C0035,2026-03-16,16:32,CVS,378.21,Charlotte NC,Credit Card,360,0
T003929,C0076,2026-01-16,08:27,Target,457.67,Jonesboro GA,Debit Card,1755,0
T003930,C0028,2026-03-18,11:01,CVS,46.22,Charlotte NC,Debit Card,1881,0
T003931,C0060,2026-01-15,15:58,Publix,349.52,Savannah GA,Debit Card,405,0
T003932,C0039,2026-01-21,18:08,Home Depot,293.5,Savannah GA,Credit Card,738,0
T003933,C0077,2026-01-23,15:41,Target,348.08,Miami FL,Credit Card,1207,0
T003934,C0061,2026-03-01,21:10,PetSmart,355.6,Marietta GA,Debit Card,1836,0
T003935,C0097,2026-01-26,16:55,Shell,319.5,Jonesboro GA,Credit Card,653,0
T003936,C0080,2026-02-18,17:30,PetSmart,86.57,Miami FL,Debit Card,255,0
T003937,C0044,2026-03-08,07:53,Best Buy,115.29,Charlotte NC,Debit Card,350,0
T003938,C0079,2026-03-10,06:41,CVS,138.75,Atlanta GA,Credit Card,637,0
T003939,C0017,2026-03-22,06:46,Shell,480.7,Savannah GA,Debit Card,132,0
T003940,C0073,2026-02-15,21:14,Shell,212.38,Atlanta GA,Credit Card,1008,0
T003941,C0054,2026-03-30,10:08,Starbucks,205.73,Jonesboro GA,Credit Card,779,0
T003942,C0034,2026-03-18,13:03,CVS,114.31,Marietta GA,Credit Card,1249,0
T003943,C0098,2026-03-22,07:58,Target,461.86,Charlotte NC,Debit Card,235,0
T003944,C0087,2026-01-15,20:11,Publix,124.65,Marietta GA,Debit Card,1708,0
T003945,C0024,2026-02-12,19:36,Best Buy,133.02,Jonesboro GA,Credit Card,1643,0
T003946,C0002,2026-01-17,13:13,Walmart,263.24,Charlotte NC,Credit Card,705,0
T003947,C0079,2026-02-09,11:10,Home Depot,226.95,Charlotte NC,Debit Card,1208,0
T003948,C0069,2026-03-29,19:58,Amazon,310.15,Charlotte NC,Debit Card,1450,0
T003949,C0062,2026-03-18,06:50,PetSmart,128.35,Atlanta GA,Debit Card,375,0
T003950,C0022,2026-01-31,18:20,Best Buy,235.16,Marietta GA,Debit Card,51,0
T003951,C0006,2026-03-23,07:27,Amazon,289.45,Marietta GA,Credit Card,645,0
T003952,C0059,2026-02-27,22:31,Best Buy,154.05,Atlanta GA,Debit Card,540,0
T003953,C0095,2026-01-07,15:11,Publix,331.04,Jonesboro GA,Debit Card,1343,0
T003954,C0032,2026-01-08,19:28,Target,301.35,Savannah GA,Debit Card,1976,0
T003955,C0047,2026-02-09,13:43,Shell,312.88,Miami FL,Credit Card,1206,0
T003956,C0052,2026-01-28,11:50,CVS,163.14,Atlanta GA,Debit Card,1440,0
T003957,C0045,2026-01-29,16:29,Starbucks,281.18,Miami FL,Debit Card,435,0
T003958,C0032,2026-03-03,13:17,Home Depot,126.91,Atlanta GA,Credit Card,727,0
T003959,C0032,2026-02-24,15:06,Amazon,492.95,Atlanta GA,Credit Card,1760,0
T003960,C0023,2026-01-03,23:23,Starbucks,467.04,Jonesboro GA,Debit Card,420,0
T003961,C0092,2026-02-14,07:20,PetSmart,124.66,Marietta GA,Credit Card,1905,0
T003962,C0010,2026-01-17,16:06,Best Buy,128.03,Atlanta GA,Credit Card,1707,0
T003963,C0004,2026-02-15,16:34,PetSmart,185.99,Charlotte NC,Credit Card,1789,0
T003964,C0064,2026-03-31,07:17,Walmart,318.85,Miami FL,Debit Card,341,0
T003965,C0020,2026-01-11,11:23,Shell,156.25,Jonesboro GA,Debit Card,1695,0
T003966,C0048,2026-01-05,21:49,Target,120.12,Marietta GA,Debit Card,1088,0
T003967,C0010,2026-02-14,06:22,CVS,412.04,Atlanta GA,Credit Card,1495,0
T003968,C0096,2026-02-02,08:39,Amazon,307.56,Charlotte NC,Debit Card,1490,0
T003969,C0061,2026-02-10,17:31,Target,429.87,Jonesboro GA,Debit Card,1974,0
T003970,C0016,2026-03-07,10:17,Best Buy,90.97,Savannah GA,Credit Card,868,0
T003971,C0032,2026-01-18,08:42,Walmart,373.77,Savannah GA,Credit Card,1401,0
T003972,C0069,2026-01-17,06:55,Publix,122.54,Charlotte NC,Debit Card,1625,0
T003973,C0001,2026-02-07,10:03,PetSmart,159.77,Savannah GA,Credit Card,673,0
T003974,C0078,2026-02-15,19:38,Home Depot,252.98,Charlotte NC,Debit Card,942,0
T003975,C0059,2026-03-30,19:01,Target,344.49,Jonesboro GA,Credit Card,1899,0
T003976,C0065,2026-01-11,15:48,Walmart,59.11,Charlotte NC,Credit Card,1574,0
T003977,C0054,2026-03-04,22:33,Target,301.95,Atlanta GA,Credit Card,1055,0
T003978,C0072,2026-02-20,09:24,Target,23.94,Miami FL,Credit Card,1951,0
T003979,C0032,2026-03-07,21:45,Home Depot,206.78,Miami FL,Credit Card,1127,0
T003980,C0094,2026-03-18,07:22,Publix,466.64,Atlanta GA,Debit Card,1315,0
T003981,C0005,2026-03-13,23:48,CVS,496.66,Savannah GA,Debit Card,358,0
T003982,C0049,2026-01-20,21:10,PetSmart,10.96,Marietta GA,Credit Card,1717,0
T003983,C0001,2026-03-22,12:29,Home Depot,226.48,Atlanta GA,Debit Card,461,0
T003984,C0046,2026-01-29,06:34,Best Buy,235.72,Jonesboro GA,Credit Card,484,0
T003985,C0007,2026-03-08,17:06,Best Buy,476.39,Miami FL,Debit Card,1343,0
T003986,C0033,2026-01-11,14:24,Publix,208.77,Jonesboro GA,Credit Card,1014,0
T003987,C0034,2026-03-07,19:28,CVS,192.56,Atlanta GA,Debit Card,793,0
T003988,C0009,2026-01-11,19:19,Home Depot,447.14,Jonesboro GA,Debit Card,755,0
T003989,C0056,2026-01-27,15:15,Walmart,411.41,Jonesboro GA,Debit Card,1926,0
T003990,C0097,2026-03-25,20:13,Target,458.47,Miami FL,Credit Card,1235,0
T003991,C0019,2026-03-09,17:27,Walmart,71.68,Charlotte NC,Credit Card,708,0
T003992,C0098,2026-03-03,13:01,Amazon,353.24,Marietta GA,Debit Card,1416,0
T003993,C0026,2026-03-03,09:37,Target,345.32,Savannah GA,Debit Card,1633,0
T003994,C0021,2026-03-03,10:00,Best Buy,145.17,Atlanta GA,Debit Card,1775,0
T003995,C0014,2026-02-17,15:21,Starbucks,73.56,Jonesboro GA,Credit Card,687,0
T003996,C0004,2026-01-05,22:47,Walmart,296.98,Jonesboro GA,Debit Card,1504,0
T003997,C0005,2026-03-05,18:40,CVS,286.17,Miami FL,Credit Card,968,0
T003998,C0031,2026-02-18,09:25,Home Depot,71.88,Miami FL,Debit Card,469,0
T003999,C0002,2026-03-27,07:01,Amazon,265.45,Jonesboro GA,Credit Card,91,0
T004000,C0075,2026-03-20,15:39,Target,159.87,Jonesboro GA,Credit Card,1948,0
T004001,C0029,2026-03-14,19:20,Walmart,57.65,Savannah GA,Debit Card,585,0
T004002,C0053,2026-02-15,09:33,Best Buy,348.13,Marietta GA,Debit Card,1270,0
T004003,C0049,2026-02-11,18:03,Starbucks,81.83,Marietta GA,Debit Card,38,0
T004004,C0022,2026-02-06,07:23,Starbucks,69.17,Marietta GA,Credit Card,812,0
T004005,C0096,2026-01-11,17:33,PetSmart,96.3,Savannah GA,Credit Card,1184,0
T004006,C0095,2026-03-22,11:49,Walmart,461.9,Jonesboro GA,Credit Card,1795,0
T004007,C0065,2026-02-25,07:45,Walmart,209.34,Jonesboro GA,Credit Card,1140,0
T004008,C0015,2026-03-12,15:49,Starbucks,246.46,Marietta GA,Credit Card,594,0
T004009,C0063,2026-02-23,08:20,CVS,400.83,Atlanta GA,Debit Card,317,0
T004010,C0061,2026-02-06,15:19,Best Buy,415.42,Miami FL,Debit Card,348,0
T004011,C0002,2026-01-20,14:34,Starbucks,348.57,Marietta GA,Debit Card,1144,0
T004012,C0051,2026-03-01,13:29,Amazon,125.94,Charlotte NC,Credit Card,187,0
T004013,C0039,2026-01-15,23:02,Publix,471.8,Atlanta GA,Credit Card,1454,0
T004014,C0020,2026-01-16,14:50,Best Buy,317.49,Charlotte NC,Debit Card,278,0
T004015,C0078,2026-01-11,06:16,Amazon,8.17,Charlotte NC,Debit Card,960,0
T004016,C0012,2026-03-16,10:46,Home Depot,416.26,Miami FL,Credit Card,675,0
T004017,C0049,2026-02-22,23:35,CVS,364.51,Marietta GA,Debit Card,1400,0
T004018,C0100,2026-01-29,14:05,Amazon,484.57,Jonesboro GA,Credit Card,605,0
T004019,C0012,2026-03-13,09:19,Amazon,59.88,Atlanta GA,Credit Card,49,0
T004020,C0044,2026-03-23,09:28,Target,82.5,Charlotte NC,Credit Card,1819,0
T004021,C0076,2026-03-06,17:26,Walmart,227.97,Jonesboro GA,Debit Card,32,0
T004022,C0074,2026-02-07,22:29,Shell,229.35,Atlanta GA,Debit Card,1108,0
T004023,C0028,2026-02-15,18:17,Target,56.76,Atlanta GA,Credit Card,674,0
T004024,C0061,2026-03-02,14:50,Starbucks,167.42,Marietta GA,Debit Card,141,0
T004025,C0059,2026-02-27,14:16,Shell,111.32,Atlanta GA,Credit Card,1296,0
T004026,C0081,2026-01-30,13:38,CVS,6.84,Miami FL,Debit Card,248,0
T004027,C0091,2026-03-22,18:19,Amazon,49.04,Savannah GA,Debit Card,175,0
T004028,C0001,2026-02-27,17:14,Best Buy,88.08,Atlanta GA,Credit Card,1955,0
T004029,C0009,2026-02-20,13:05,Home Depot,247.01,Atlanta GA,Debit Card,1433,0
T004030,C0005,2026-02-07,19:50,Target,323.78,Atlanta GA,Debit Card,223,0
T004031,C0022,2026-02-06,06:03,Publix,23.54,Marietta GA,Debit Card,605,0
T004032,C0057,2026-02-08,23:24,Shell,234.62,Miami FL,Debit Card,1616,0
T004033,C0082,2026-03-08,08:29,CVS,256.84,Miami FL,Debit Card,54,0
T004034,C0084,2026-01-07,20:51,Amazon,17.55,Savannah GA,Credit Card,989,0
T004035,C0001,2026-01-29,21:20,Target,475.09,Savannah GA,Debit Card,1205,0
T004036,C0040,2026-01-05,20:33,CVS,408.86,Marietta GA,Credit Card,241,0
T004037,C0015,2026-02-24,07:02,Target,289.0,Savannah GA,Credit Card,599,0
T004038,C0079,2026-02-07,08:51,Walmart,137.68,Marietta GA,Credit Card,760,0
T004039,C0043,2026-01-30,13:42,CVS,143.26,Savannah GA,Debit Card,1385,0
T004040,C0067,2026-02-13,17:10,Shell,492.54,Charlotte NC,Debit Card,498,0
T004041,C0073,2026-01-30,17:15,Target,410.18,Savannah GA,Credit Card,1887,0
T004042,C0001,2026-02-21,17:13,Walmart,195.44,Jonesboro GA,Credit Card,1503,0
T004043,C0050,2026-02-28,13:06,Target,325.56,Charlotte NC,Debit Card,960,0
T004044,C0028,2026-01-20,14:32,CVS,348.76,Jonesboro GA,Debit Card,1044,0
T004045,C0092,2026-02-18,16:42,Starbucks,423.67,Marietta GA,Debit Card,528,0
T004046,C0080,2026-03-26,08:16,Starbucks,278.94,Savannah GA,Debit Card,1466,0
T004047,C0011,2026-03-03,18:28,Amazon,396.56,Jonesboro GA,Credit Card,1949,0
T004048,C0005,2026-03-24,09:30,Best Buy,185.1,Atlanta GA,Debit Card,1817,0
T004049,C0030,2026-01-16,18:08,Publix,63.63,Savannah GA,Credit Card,724,0
T004050,C0004,2026-02-17,14:25,Best Buy,467.56,Charlotte NC,Credit Card,649,0
T004051,C0052,2026-02-07,16:23,Amazon,12.71,Miami FL,Debit Card,1025,0
T004052,C0001,2026-01-17,21:44,Amazon,129.02,Miami FL,Credit Card,1750,0
T004053,C0013,2026-03-16,10:23,Home Depot,477.11,Savannah GA,Debit Card,689,0
T004054,C0017,2026-03-21,11:24,CVS,167.99,Charlotte NC,Credit Card,139,0
T004055,C0001,2026-01-15,07:05,Walmart,392.97,Charlotte NC,Credit Card,1705,0
T004056,C0042,2026-03-16,20:12,Best Buy,39.85,Atlanta GA,Debit Card,1180,0
T004057,C0034,2026-01-12,13:00,Shell,73.96,Charlotte NC,Credit Card,126,0
T004058,C0087,2026-01-25,22:54,Home Depot,329.3,Miami FL,Credit Card,650,0
T004059,C0086,2026-03-29,23:54,Best Buy,383.26,Miami FL,Credit Card,859,0
T004060,C0062,2026-02-03,14:33,Starbucks,41.42,Marietta GA,Credit Card,285,0
T004061,C0064,2026-02-22,17:20,PetSmart,315.92,Charlotte NC,Credit Card,1514,0
T004062,C0054,2026-01-10,22:35,Target,67.59,Miami FL,Credit Card,308,0
T004063,C0018,2026-03-09,18:52,Walmart,376.57,Savannah GA,Credit Card,618,0
T004064,C0016,2026-03-22,13:53,PetSmart,320.85,Savannah GA,Credit Card,89,0
T004065,C0020,2026-03-30,19:38,Amazon,383.47,Savannah GA,Debit Card,518,0
T004066,C0055,2026-03-20,08:26,Home Depot,456.97,Marietta GA,Debit Card,1765,0
T004067,C0060,2026-01-19,13:50,Best Buy,419.12,Jonesboro GA,Credit Card,1212,0
T004068,C0086,2026-02-13,10:50,Target,331.0,Charlotte NC,Credit Card,1872,0
T004069,C0069,2026-01-14,11:24,Starbucks,403.5,Charlotte NC,Debit Card,1848,0
T004070,C0078,2026-03-21,16:54,Amazon,304.48,Savannah GA,Debit Card,1791,0
T004071,C0022,2026-02-23,14:16,Starbucks,453.96,Jonesboro GA,Credit Card,647,0
T004072,C0088,2026-03-22,19:49,Home Depot,401.71,Jonesboro GA,Credit Card,1470,0
T004073,C0094,2026-01-15,08:19,Home Depot,436.69,Savannah GA,Credit Card,1633,0
T004074,C0029,2026-03-19,22:01,Amazon,132.46,Atlanta GA,Debit Card,686,0
T004075,C0072,2026-02-10,17:38,PetSmart,421.25,Savannah GA,Credit Card,1412,0
T004076,C0085,2026-01-22,21:33,Walmart,350.81,Charlotte NC,Debit Card,1010,0
T004077,C0079,2026-03-30,10:01,Walmart,290.68,Marietta GA,Debit Card,1490,0
T004078,C0094,2026-01-15,19:11,Shell,236.64,Savannah GA,Credit Card,1845,0
T004079,C0093,2026-01-25,16:32,Best Buy,112.1,Savannah GA,Credit Card,638,0
T004080,C0010,2026-02-14,21:29,Home Depot,313.13,Atlanta GA,Credit Card,1606,0
T004081,C0030,2026-02-15,21:54,PetSmart,302.81,Miami FL,Credit Card,1215,0
T004082,C0041,2026-02-27,14:43,Publix,131.15,Atlanta GA,Credit Card,204,0
T004083,C0010,2026-02-28,06:13,Target,493.88,Savannah GA,Credit Card,1485,0
T004084,C0068,2026-03-25,20:55,Best Buy,199.51,Marietta GA,Debit Card,912,0
T004085,C0014,2026-02-07,11:13,Target,474.3,Marietta GA,Debit Card,455,0
T004086,C0004,2026-02-01,07:47,Walmart,183.94,Miami FL,Credit Card,1970,0
T004087,C0066,2026-03-23,23:08,Starbucks,316.0,Miami FL,Credit Card,1077,0
T004088,C0060,2026-03-02,22:33,Amazon,24.46,Marietta GA,Credit Card,445,0
T004089,C0011,2026-02-24,17:48,Starbucks,118.62,Charlotte NC,Debit Card,1913,0
T004090,C0038,2026-03-02,10:00,Home Depot,96.03,Jonesboro GA,Credit Card,161,0
T004091,C0079,2026-03-02,14:53,PetSmart,73.17,Atlanta GA,Debit Card,1409,0
T004092,C0009,2026-03-31,19:48,Best Buy,247.58,Charlotte NC,Credit Card,1848,0
T004093,C0027,2026-02-11,17:21,Best Buy,82.72,Jonesboro GA,Credit Card,217,0
T004094,C0088,2026-01-05,22:07,Walmart,443.08,Atlanta GA,Debit Card,1296,0
T004095,C0039,2026-01-23,12:44,Home Depot,68.77,Jonesboro GA,Credit Card,127,0
T004096,C0002,2026-01-18,10:15,Amazon,498.04,Savannah GA,Credit Card,689,0
T004097,C0005,2026-01-25,14:43,Starbucks,6.4,Charlotte NC,Credit Card,321,0
T004098,C0082,2026-01-27,09:27,Shell,168.79,Marietta GA,Debit Card,1601,0
T004099,C0074,2026-01-15,19:45,Starbucks,432.91,Miami FL,Credit Card,841,0
T004100,C0029,2026-03-13,21:46,Target,308.05,Savannah GA,Debit Card,1414,0
T004101,C0040,2026-02-02,17:17,Walmart,429.77,Marietta GA,Credit Card,1893,0
T004102,C0033,2026-02-20,14:37,Target,54.3,Atlanta GA,Debit Card,980,0
T004103,C0001,2026-02-12,23:01,Walmart,148.62,Charlotte NC,Debit Card,234,0
T004104,C0043,2026-03-16,19:53,Target,153.17,Savannah GA,Debit Card,1449,0
T004105,C0022,2026-01-16,17:00,Home Depot,151.38,Atlanta GA,Credit Card,680,0
T004106,C0003,2026-01-25,09:21,CVS,53.86,Savannah GA,Debit Card,1743,0
T004107,C0021,2026-03-31,11:08,Publix,350.57,Jonesboro GA,Credit Card,1383,0
T004108,C0071,2026-03-24,20:40,Walmart,492.13,Jonesboro GA,Credit Card,652,0
T004109,C0031,2026-02-09,21:25,Publix,477.55,Jonesboro GA,Credit Card,387,0
T004110,C0044,2026-01-14,08:07,Amazon,28.13,Miami FL,Debit Card,1903,0
T004111,C0043,2026-02-25,11:29,Starbucks,255.74,Jonesboro GA,Debit Card,942,0
T004112,C0091,2026-01-29,08:28,Home Depot,203.92,Miami FL,Credit Card,595,0
T004113,C0069,2026-02-15,23:57,CVS,14.84,Atlanta GA,Credit Card,1663,0
T004114,C0065,2026-03-11,19:04,Walmart,63.28,Charlotte NC,Debit Card,1666,0
T004115,C0040,2026-03-31,16:44,Starbucks,187.15,Marietta GA,Credit Card,1603,0
T004116,C0038,2026-02-15,19:28,Publix,27.37,Miami FL,Credit Card,687,0
T004117,C0057,2026-01-25,20:37,PetSmart,57.95,Miami FL,Credit Card,1663,0
T004118,C0071,2026-03-01,19:09,Amazon,380.51,Atlanta GA,Debit Card,935,0
T004119,C0033,2026-02-19,06:35,Publix,48.44,Charlotte NC,Credit Card,1197,0
T004120,C0046,2026-01-05,09:56,Home Depot,456.22,Miami FL,Debit Card,743,0
T004121,C0085,2026-01-26,18:45,Starbucks,389.41,Marietta GA,Credit Card,1098,0
T004122,C0077,2026-01-26,14:29,Best Buy,458.13,Atlanta GA,Credit Card,916,0
T004123,C0088,2026-03-05,14:24,Target,8.48,Marietta GA,Credit Card,1878,0
T004124,C0014,2026-03-15,21:36,Target,366.61,Charlotte NC,Credit Card,1840,0
T004125,C0077,2026-02-12,18:59,Starbucks,318.53,Savannah GA,Credit Card,129,0
T004126,C0029,2026-03-08,17:56,Amazon,375.34,Miami FL,Debit Card,1727,0
T004127,C0019,2026-01-14,23:49,Home Depot,258.7,Jonesboro GA,Debit Card,1600,0
T004128,C0034,2026-02-01,07:45,Amazon,200.98,Miami FL,Debit Card,1892,0
T004129,C0073,2026-03-05,15:39,Walmart,237.78,Charlotte NC,Credit Card,1222,0
T004130,C0079,2026-03-24,14:55,Shell,233.96,Jonesboro GA,Debit Card,1668,0
T004131,C0040,2026-03-16,11:47,Shell,228.69,Atlanta GA,Credit Card,902,0
T004132,C0018,2026-01-30,15:49,Best Buy,145.98,Charlotte NC,Debit Card,955,0
T004133,C0046,2026-02-03,13:21,CVS,20.34,Atlanta GA,Debit Card,1217,0
T004134,C0084,2026-03-23,07:29,Home Depot,477.63,Marietta GA,Debit Card,1693,0
T004135,C0078,2026-02-10,20:32,CVS,255.61,Savannah GA,Debit Card,1578,0
T004136,C0029,2026-03-12,08:24,PetSmart,334.67,Jonesboro GA,Debit Card,1006,0
T004137,C0068,2026-03-04,12:03,Shell,340.21,Marietta GA,Debit Card,936,0
T004138,C0084,2026-02-19,09:56,Target,235.52,Charlotte NC,Debit Card,1916,0
T004139,C0088,2026-01-01,21:32,Amazon,322.75,Jonesboro GA,Credit Card,1124,0
T004140,C0028,2026-01-26,22:20,Best Buy,78.56,Miami FL,Credit Card,608,0
T004141,C0002,2026-03-19,16:08,Amazon,292.91,Marietta GA,Debit Card,1983,0
T004142,C0071,2026-01-29,08:48,Publix,365.38,Charlotte NC,Credit Card,2000,0
T004143,C0018,2026-01-31,16:44,Best Buy,83.52,Jonesboro GA,Credit Card,1404,0
T004144,C0091,2026-01-20,14:38,Publix,313.42,Atlanta GA,Debit Card,1443,0
T004145,C0007,2026-03-03,21:04,Amazon,126.61,Marietta GA,Credit Card,628,0
T004146,C0055,2026-02-15,16:23,CVS,294.65,Jonesboro GA,Credit Card,735,0
T004147,C0089,2026-02-22,09:30,PetSmart,23.19,Atlanta GA,Credit Card,545,0
T004148,C0010,2026-02-16,14:51,Amazon,136.41,Savannah GA,Debit Card,992,0
T004149,C0051,2026-02-01,08:40,Target,277.75,Marietta GA,Credit Card,332,0
T004150,C0062,2026-02-21,09:57,Walmart,19.68,Savannah GA,Debit Card,345,0
T004151,C0022,2026-03-22,06:23,Starbucks,329.83,Miami FL,Credit Card,820,0
T004152,C0038,2026-01-01,14:23,Shell,127.92,Savannah GA,Debit Card,787,0
T004153,C0042,2026-02-22,12:45,Publix,30.27,Miami FL,Debit Card,711,0
T004154,C0055,2026-03-10,15:59,Walmart,246.21,Savannah GA,Debit Card,1655,0
T004155,C0028,2026-01-25,07:16,Amazon,246.64,Charlotte NC,Credit Card,1419,0
T004156,C0053,2026-02-01,18:36,Walmart,348.67,Atlanta GA,Credit Card,802,0
T004157,C0093,2026-03-29,11:09,Starbucks,95.95,Savannah GA,Credit Card,157,0
T004158,C0073,2026-02-21,09:29,PetSmart,339.88,Jonesboro GA,Debit Card,1613,0
T004159,C0078,2026-01-09,16:43,Walmart,16.76,Savannah GA,Debit Card,250,0
T004160,C0023,2026-01-27,14:19,Walmart,294.09,Atlanta GA,Credit Card,1282,0
T004161,C0005,2026-01-15,18:11,PetSmart,447.55,Savannah GA,Debit Card,1521,0
T004162,C0010,2026-03-29,13:37,Home Depot,344.5,Charlotte NC,Credit Card,1534,0
T004163,C0082,2026-02-18,10:07,Target,291.11,Charlotte NC,Credit Card,35,0
T004164,C0044,2026-01-23,19:02,Amazon,47.09,Atlanta GA,Debit Card,1803,0
T004165,C0008,2026-03-25,20:28,Home Depot,257.9,Marietta GA,Credit Card,1563,0
T004166,C0036,2026-03-21,23:20,Starbucks,161.2,Savannah GA,Credit Card,1035,0
T004167,C0095,2026-03-12,10:03,Home Depot,395.7,Miami FL,Debit Card,849,0
T004168,C0025,2026-01-22,19:36,Starbucks,480.19,Marietta GA,Credit Card,1163,0
T004169,C0007,2026-02-16,22:37,Shell,353.33,Jonesboro GA,Debit Card,693,0
T004170,C0018,2026-03-14,19:52,Shell,11.5,Savannah GA,Debit Card,1448,0
T004171,C0003,2026-03-22,14:58,Best Buy,82.04,Jonesboro GA,Debit Card,1702,0
T004172,C0044,2026-03-12,20:44,Starbucks,112.67,Jonesboro GA,Debit Card,543,0
T004173,C0061,2026-01-01,14:26,PetSmart,11.98,Miami FL,Debit Card,681,0
T004174,C0062,2026-01-12,10:57,PetSmart,497.03,Savannah GA,Credit Card,1289,0
T004175,C0066,2026-01-20,23:19,Home Depot,476.98,Miami FL,Debit Card,347,0
T004176,C0052,2026-01-19,18:43,Home Depot,258.76,Atlanta GA,Credit Card,1503,0
T004177,C0010,2026-01-01,16:12,Best Buy,221.59,Jonesboro GA,Credit Card,1802,0
T004178,C0064,2026-02-19,18:34,Target,21.47,Charlotte NC,Debit Card,1085,0
T004179,C0002,2026-03-02,17:40,Amazon,192.11,Atlanta GA,Debit Card,161,0
T004180,C0019,2026-01-23,14:08,PetSmart,449.3,Miami FL,Credit Card,1170,0
T004181,C0088,2026-02-04,08:53,Publix,337.76,Marietta GA,Debit Card,846,0
T004182,C0003,2026-03-13,14:35,Target,488.67,Miami FL,Credit Card,70,0
T004183,C0067,2026-03-30,22:49,PetSmart,238.28,Atlanta GA,Credit Card,1512,0
T004184,C0088,2026-01-06,21:29,Best Buy,186.67,Savannah GA,Credit Card,1358,0
T004185,C0014,2026-01-29,13:27,Walmart,33.82,Savannah GA,Debit Card,1152,0
T004186,C0075,2026-02-27,10:41,Publix,300.57,Charlotte NC,Debit Card,1897,0
T004187,C0038,2026-01-09,08:02,Best Buy,167.12,Atlanta GA,Credit Card,1927,0
T004188,C0074,2026-01-14,21:35,Walmart,30.24,Atlanta GA,Debit Card,1539,0
T004189,C0047,2026-01-07,10:22,Walmart,10.85,Charlotte NC,Credit Card,1392,0
T004190,C0037,2026-03-22,13:45,CVS,344.61,Savannah GA,Credit Card,1428,0
T004191,C0080,2026-03-28,11:39,Starbucks,10.92,Atlanta GA,Credit Card,1875,0
T004192,C0061,2026-02-28,16:40,Publix,138.17,Miami FL,Debit Card,501,0
T004193,C0077,2026-02-02,11:22,Best Buy,375.34,Jonesboro GA,Debit Card,339,0
T004194,C0050,2026-01-22,07:18,CVS,336.13,Charlotte NC,Debit Card,200,0
T004195,C0052,2026-01-28,20:18,Shell,390.39,Atlanta GA,Debit Card,110,0
T004196,C0088,2026-03-20,13:55,Publix,122.99,Atlanta GA,Credit Card,939,0
T004197,C0055,2026-01-15,18:49,Best Buy,192.76,Charlotte NC,Debit Card,1908,0
T004198,C0001,2026-01-12,20:19,Home Depot,250.72,Jonesboro GA,Debit Card,1256,0
T004199,C0085,2026-02-20,22:32,Walmart,309.61,Jonesboro GA,Debit Card,191,0
T004200,C0036,2026-01-28,16:32,Shell,260.18,Miami FL,Credit Card,850,0
T004201,C0022,2026-02-26,14:16,Shell,338.55,Charlotte NC,Credit Card,707,0
T004202,C0004,2026-02-03,17:48,CVS,108.5,Miami FL,Debit Card,528,0
T004203,C0041,2026-01-15,08:44,Starbucks,53.1,Savannah GA,Credit Card,146,0
T004204,C0090,2026-02-02,19:43,Home Depot,481.27,Jonesboro GA,Credit Card,898,0
T004205,C0066,2026-01-22,08:15,CVS,300.24,Miami FL,Debit Card,761,0
T004206,C0074,2026-03-26,20:46,Best Buy,30.9,Atlanta GA,Credit Card,1452,0
T004207,C0026,2026-01-06,10:09,Shell,439.4,Charlotte NC,Credit Card,1374,0
T004208,C0054,2026-03-05,10:00,Shell,310.02,Marietta GA,Debit Card,715,0
T004209,C0043,2026-03-08,21:58,Shell,412.2,Miami FL,Credit Card,1651,0
T004210,C0071,2026-02-06,21:43,Target,484.35,Charlotte NC,Credit Card,553,0
T004211,C0078,2026-01-01,15:11,Home Depot,156.0,Jonesboro GA,Debit Card,1225,0
T004212,C0032,2026-02-02,21:50,PetSmart,361.92,Atlanta GA,Debit Card,1831,0
T004213,C0024,2026-01-24,21:21,Target,43.87,Jonesboro GA,Debit Card,1126,0
T004214,C0007,2026-01-24,19:28,Shell,312.64,Jonesboro GA,Credit Card,1800,0
T004215,C0055,2026-03-11,22:29,CVS,296.89,Miami FL,Debit Card,1956,0
T004216,C0061,2026-02-03,20:48,Publix,168.05,Jonesboro GA,Debit Card,633,0
T004217,C0009,2026-03-20,10:46,Amazon,62.2,Jonesboro GA,Credit Card,1946,0
T004218,C0075,2026-03-19,19:11,Amazon,347.17,Savannah GA,Credit Card,1454,0
T004219,C0059,2026-03-16,12:16,Publix,494.0,Charlotte NC,Credit Card,801,0
T004220,C0032,2026-02-05,22:18,Home Depot,59.89,Miami FL,Credit Card,1643,0
T004221,C0038,2026-03-27,17:26,PetSmart,213.86,Miami FL,Credit Card,273,0
T004222,C0009,2026-01-17,13:55,Publix,72.37,Savannah GA,Debit Card,1865,0
T004223,C0008,2026-02-02,22:01,PetSmart,170.97,Atlanta GA,Debit Card,1804,0
T004224,C0041,2026-01-17,20:40,Amazon,22.39,Atlanta GA,Debit Card,1921,0
T004225,C0039,2026-02-26,11:51,Amazon,110.52,Marietta GA,Credit Card,1842,0
T004226,C0084,2026-01-21,15:19,PetSmart,319.69,Atlanta GA,Debit Card,965,0
T004227,C0046,2026-01-14,10:40,Best Buy,400.9,Marietta GA,Credit Card,186,0
T004228,C0027,2026-01-24,23:57,Home Depot,248.31,Charlotte NC,Credit Card,1029,0
T004229,C0070,2026-03-31,15:22,Walmart,43.4,Savannah GA,Debit Card,1305,0
T004230,C0066,2026-02-15,19:20,Publix,191.47,Miami FL,Debit Card,1481,0
T004231,C0038,2026-03-12,22:11,Target,86.8,Miami FL,Credit Card,723,0
T004232,C0018,2026-01-06,16:53,Target,219.23,Marietta GA,Debit Card,1980,0
T004233,C0079,2026-03-06,11:44,Shell,91.92,Savannah GA,Debit Card,1751,0
T004234,C0069,2026-01-06,13:05,Shell,167.53,Savannah GA,Credit Card,1401,0
T004235,C0029,2026-01-22,12:47,Starbucks,50.13,Miami FL,Debit Card,356,0
T004236,C0003,2026-02-07,10:50,Amazon,263.86,Savannah GA,Debit Card,936,0
T004237,C0096,2026-03-11,16:11,PetSmart,72.41,Miami FL,Debit Card,995,0
T004238,C0019,2026-02-01,10:00,Home Depot,490.87,Savannah GA,Debit Card,1065,0
T004239,C0062,2026-02-26,08:47,PetSmart,416.43,Miami FL,Credit Card,44,0
T004240,C0053,2026-02-04,17:52,Starbucks,412.82,Charlotte NC,Credit Card,1811,0
T004241,C0097,2026-02-24,11:12,Publix,174.35,Savannah GA,Credit Card,1983,0
T004242,C0084,2026-01-05,07:16,Starbucks,323.94,Savannah GA,Debit Card,707,0
T004243,C0028,2026-03-02,12:03,Publix,354.33,Miami FL,Debit Card,1958,0
T004244,C0017,2026-02-14,20:59,PetSmart,89.26,Marietta GA,Credit Card,1896,0
T004245,C0003,2026-01-06,10:21,Shell,395.39,Charlotte NC,Credit Card,730,0
T004246,C0044,2026-02-27,20:41,Shell,490.65,Savannah GA,Credit Card,109,0
T004247,C0038,2026-03-13,23:54,Target,240.95,Atlanta GA,Debit Card,1984,0
T004248,C0009,2026-02-06,18:55,Publix,320.63,Miami FL,Debit Card,1350,0
T004249,C0059,2026-02-13,18:38,Amazon,421.5,Miami FL,Debit Card,50,0
T004250,C0039,2026-02-25,21:47,Shell,374.33,Miami FL,Debit Card,497,0
T004251,C0027,2026-01-10,11:18,Starbucks,313.68,Charlotte NC,Credit Card,1144,0
T004252,C0078,2026-02-26,06:00,Publix,459.42,Jonesboro GA,Debit Card,1380,0
T004253,C0055,2026-03-16,14:10,Starbucks,470.31,Marietta GA,Debit Card,893,0
T004254,C0036,2026-03-13,16:13,Walmart,16.89,Savannah GA,Debit Card,151,0
T004255,C0011,2026-02-01,22:01,Starbucks,116.57,Charlotte NC,Credit Card,1450,0
T004256,C0016,2026-02-18,10:34,Amazon,50.1,Charlotte NC,Debit Card,488,0
T004257,C0032,2026-03-12,08:02,Publix,163.63,Savannah GA,Credit Card,1137,0
T004258,C0087,2026-01-27,20:17,Walmart,410.21,Atlanta GA,Debit Card,1745,0
T004259,C0026,2026-03-23,20:31,Publix,15.48,Savannah GA,Debit Card,369,0
T004260,C0066,2026-02-16,19:42,PetSmart,463.37,Atlanta GA,Debit Card,1301,0
T004261,C0048,2026-03-05,16:36,PetSmart,179.96,Charlotte NC,Debit Card,732,0
T004262,C0079,2026-02-13,16:57,CVS,17.58,Jonesboro GA,Debit Card,1358,0
T004263,C0031,2026-02-08,22:23,Best Buy,224.34,Marietta GA,Credit Card,1822,0
T004264,C0037,2026-01-21,16:08,Target,314.01,Miami FL,Credit Card,1543,0
T004265,C0085,2026-03-27,22:41,Publix,471.49,Marietta GA,Credit Card,1055,0
T004266,C0021,2026-01-09,11:05,Target,52.66,Savannah GA,Debit Card,643,0
T004267,C0048,2026-01-08,12:02,PetSmart,163.24,Jonesboro GA,Debit Card,1646,0
T004268,C0086,2026-02-03,20:12,Starbucks,383.69,Savannah GA,Debit Card,82,0
T004269,C0066,2026-01-25,17:43,Home Depot,475.78,Marietta GA,Debit Card,1787,0
T004270,C0031,2026-02-06,15:00,Starbucks,393.96,Charlotte NC,Credit Card,1538,0
T004271,C0090,2026-02-25,13:18,Starbucks,499.34,Miami FL,Credit Card,1348,0
T004272,C0003,2026-01-12,23:57,CVS,92.13,Jonesboro GA,Credit Card,109,0
T004273,C0047,2026-03-16,07:45,Starbucks,287.98,Jonesboro GA,Debit Card,85,0
T004274,C0037,2026-03-25,13:57,PetSmart,48.83,Miami FL,Debit Card,345,0
T004275,C0042,2026-03-18,08:50,Shell,47.74,Savannah GA,Credit Card,263,0
T004276,C0027,2026-03-06,17:30,Shell,134.68,Charlotte NC,Credit Card,170,0
T004277,C0026,2026-03-01,19:34,Amazon,347.49,Miami FL,Debit Card,881,0
T004278,C0012,2026-01-17,09:49,Starbucks,148.73,Savannah GA,Credit Card,268,0
T004279,C0020,2026-01-27,22:05,Walmart,442.01,Marietta GA,Credit Card,488,0
T004280,C0006,2026-01-21,22:38,Target,282.44,Jonesboro GA,Debit Card,133,0
T004281,C0072,2026-03-28,19:19,Home Depot,291.31,Charlotte NC,Credit Card,1687,0
T004282,C0047,2026-01-14,07:32,Starbucks,413.13,Marietta GA,Credit Card,345,0
T004283,C0009,2026-03-13,12:06,Amazon,199.31,Marietta GA,Debit Card,935,0
T004284,C0020,2026-02-08,08:58,Amazon,247.08,Savannah GA,Debit Card,1021,0
T004285,C0011,2026-03-14,08:39,Walmart,346.94,Charlotte NC,Credit Card,265,0
T004286,C0065,2026-01-04,09:15,PetSmart,163.92,Jonesboro GA,Credit Card,1509,0
T004287,C0027,2026-02-03,17:27,Starbucks,139.85,Atlanta GA,Credit Card,86,0
T004288,C0064,2026-02-14,07:52,Target,386.12,Jonesboro GA,Debit Card,1495,0
T004289,C0064,2026-03-25,20:09,PetSmart,182.26,Jonesboro GA,Credit Card,493,0
T004290,C0010,2026-01-04,12:42,Best Buy,63.25,Charlotte NC,Credit Card,1048,0
T004291,C0083,2026-03-27,07:20,Home Depot,50.95,Charlotte NC,Credit Card,1608,0
T004292,C0089,2026-03-15,18:55,PetSmart,381.05,Atlanta GA,Credit Card,1610,0
T004293,C0027,2026-01-03,06:22,Walmart,435.47,Savannah GA,Debit Card,1246,0
T004294,C0078,2026-03-19,13:55,Shell,201.62,Savannah GA,Debit Card,1495,0
T004295,C0018,2026-03-05,09:47,Amazon,34.34,Marietta GA,Debit Card,1425,0
T004296,C0041,2026-01-09,14:41,Home Depot,292.1,Atlanta GA,Credit Card,129,0
T004297,C0072,2026-02-08,12:54,Best Buy,95.39,Marietta GA,Credit Card,92,0
T004298,C0097,2026-03-31,23:44,Best Buy,150.11,Jonesboro GA,Debit Card,1107,0
T004299,C0071,2026-02-12,06:53,Amazon,125.49,Miami FL,Credit Card,1213,0
T004300,C0064,2026-03-30,10:43,Starbucks,457.1,Marietta GA,Debit Card,795,0
T004301,C0071,2026-01-15,12:39,Publix,181.26,Charlotte NC,Debit Card,1605,0
T004302,C0015,2026-02-09,22:55,CVS,482.11,Savannah GA,Credit Card,368,0
T004303,C0100,2026-01-27,23:45,Amazon,273.62,Savannah GA,Debit Card,1031,0
T004304,C0026,2026-01-31,23:01,Best Buy,76.96,Miami FL,Credit Card,96,0
T004305,C0034,2026-03-08,15:26,Amazon,222.29,Savannah GA,Debit Card,892,0
T004306,C0036,2026-02-04,09:25,Home Depot,472.15,Savannah GA,Debit Card,502,0
T004307,C0063,2026-01-14,20:21,Target,203.16,Marietta GA,Credit Card,736,0
T004308,C0022,2026-01-16,14:22,CVS,202.82,Savannah GA,Debit Card,1081,0
T004309,C0039,2026-02-04,14:51,Walmart,59.9,Miami FL,Credit Card,192,0
T004310,C0048,2026-01-28,18:57,PetSmart,354.83,Marietta GA,Credit Card,170,0
T004311,C0010,2026-02-09,18:58,Best Buy,63.54,Miami FL,Debit Card,93,0
T004312,C0026,2026-01-22,18:47,Best Buy,260.62,Atlanta GA,Credit Card,1562,0
T004313,C0003,2026-02-04,18:22,Publix,356.09,Jonesboro GA,Debit Card,1893,0
T004314,C0034,2026-02-01,18:32,Starbucks,252.88,Charlotte NC,Debit Card,1572,0
T004315,C0033,2026-02-04,06:12,Amazon,49.3,Savannah GA,Debit Card,624,0
T004316,C0087,2026-02-13,17:43,Shell,144.0,Charlotte NC,Debit Card,870,0
T004317,C0055,2026-01-12,08:38,Walmart,496.28,Atlanta GA,Credit Card,1986,0
T004318,C0053,2026-01-29,22:24,Starbucks,388.84,Marietta GA,Debit Card,1668,0
T004319,C0076,2026-03-25,20:47,PetSmart,346.78,Jonesboro GA,Credit Card,1816,0
T004320,C0027,2026-03-26,07:37,Best Buy,269.86,Miami FL,Credit Card,695,0
T004321,C0087,2026-03-19,08:26,PetSmart,133.03,Atlanta GA,Credit Card,1428,0
T004322,C0047,2026-02-22,14:54,Walmart,39.47,Miami FL,Credit Card,1855,0
T004323,C0097,2026-03-22,14:35,Walmart,409.04,Marietta GA,Debit Card,587,0
T004324,C0025,2026-02-23,11:51,PetSmart,12.72,Savannah GA,Credit Card,1027,0
T004325,C0074,2026-01-16,15:51,Publix,438.76,Charlotte NC,Debit Card,401,0
T004326,C0077,2026-02-19,19:36,Publix,308.46,Jonesboro GA,Debit Card,704,0
T004327,C0038,2026-03-31,17:54,Starbucks,422.07,Atlanta GA,Debit Card,921,0
T004328,C0017,2026-01-02,09:26,PetSmart,252.74,Jonesboro GA,Credit Card,1935,0
T004329,C0096,2026-02-09,20:37,Target,106.32,Charlotte NC,Debit Card,1386,0
T004330,C0037,2026-03-28,09:52,Publix,120.95,Miami FL,Credit Card,868,0
T004331,C0092,2026-02-24,14:58,Amazon,412.54,Miami FL,Credit Card,1529,0
T004332,C0066,2026-03-29,07:03,CVS,344.99,Savannah GA,Credit Card,215,0
T004333,C0057,2026-03-21,15:40,Walmart,67.1,Savannah GA,Credit Card,1373,0
T004334,C0044,2026-01-31,07:54,PetSmart,370.15,Savannah GA,Credit Card,584,0
T004335,C0100,2026-02-06,11:40,CVS,49.48,Jonesboro GA,Debit Card,1475,0
T004336,C0082,2026-03-11,12:40,Amazon,388.06,Jonesboro GA,Debit Card,466,0
T004337,C0062,2026-02-21,21:36,Starbucks,357.91,Charlotte NC,Debit Card,1166,0
T004338,C0016,2026-02-11,18:17,Amazon,210.21,Atlanta GA,Credit Card,1335,0
T004339,C0059,2026-03-13,10:56,PetSmart,174.12,Atlanta GA,Credit Card,1522,0
T004340,C0094,2026-03-28,22:50,Target,480.09,Miami FL,Debit Card,1247,0
T004341,C0036,2026-03-15,09:07,Target,246.38,Charlotte NC,Credit Card,883,0
T004342,C0016,2026-02-18,08:06,Target,132.61,Jonesboro GA,Debit Card,1223,0
T004343,C0065,2026-02-08,11:46,Amazon,184.8,Atlanta GA,Debit Card,1601,0
T004344,C0039,2026-01-24,13:31,PetSmart,485.18,Marietta GA,Debit Card,1507,0
T004345,C0086,2026-01-08,21:35,PetSmart,231.95,Jonesboro GA,Debit Card,1177,0
T004346,C0016,2026-01-13,11:05,Starbucks,90.43,Jonesboro GA,Credit Card,1567,0
T004347,C0084,2026-02-21,21:36,Home Depot,378.7,Atlanta GA,Credit Card,1229,0
T004348,C0008,2026-01-03,10:34,CVS,208.91,Savannah GA,Debit Card,911,0
T004349,C0047,2026-03-24,17:29,Amazon,415.33,Miami FL,Credit Card,159,0
T004350,C0053,2026-01-01,06:12,Shell,487.67,Savannah GA,Credit Card,1428,0
T004351,C0096,2026-02-01,21:33,PetSmart,226.27,Atlanta GA,Credit Card,1620,0
T004352,C0008,2026-02-25,13:10,Home Depot,459.93,Charlotte NC,Debit Card,104,0
T004353,C0064,2026-02-04,10:43,Walmart,140.12,Miami FL,Credit Card,1453,0
T004354,C0089,2026-02-22,11:39,Best Buy,272.71,Savannah GA,Debit Card,869,0
T004355,C0045,2026-02-04,16:25,Walmart,338.23,Savannah GA,Debit Card,678,0
T004356,C0057,2026-03-28,14:05,Starbucks,200.61,Savannah GA,Debit Card,1613,0
T004357,C0077,2026-03-17,14:31,Home Depot,226.14,Marietta GA,Credit Card,1006,0
T004358,C0074,2026-02-12,10:48,Publix,100.95,Atlanta GA,Credit Card,335,0
T004359,C0008,2026-01-29,07:13,Starbucks,201.61,Savannah GA,Credit Card,286,0
T004360,C0096,2026-02-17,20:14,Best Buy,175.93,Charlotte NC,Debit Card,524,0
T004361,C0002,2026-03-01,14:49,CVS,499.55,Charlotte NC,Credit Card,1587,0
T004362,C0006,2026-03-07,16:09,Best Buy,47.84,Marietta GA,Debit Card,1355,0
T004363,C0020,2026-02-17,09:08,Shell,373.59,Savannah GA,Debit Card,731,0
T004364,C0091,2026-03-15,06:03,Home Depot,381.23,Marietta GA,Debit Card,1504,0
T004365,C0046,2026-01-27,12:08,Amazon,302.24,Savannah GA,Debit Card,1038,0
T004366,C0056,2026-03-10,17:44,Amazon,69.11,Marietta GA,Debit Card,849,0
T004367,C0021,2026-01-29,21:43,Home Depot,74.21,Marietta GA,Debit Card,391,0
T004368,C0024,2026-01-30,13:45,Publix,55.49,Miami FL,Credit Card,995,0
T004369,C0099,2026-01-27,14:59,Walmart,75.57,Atlanta GA,Debit Card,1865,0
T004370,C0005,2026-01-26,12:14,Amazon,10.51,Charlotte NC,Debit Card,1846,0
T004371,C0098,2026-03-10,22:13,Amazon,317.97,Charlotte NC,Credit Card,1122,0
T004372,C0036,2026-03-24,21:57,Publix,68.3,Savannah GA,Credit Card,1151,0
T004373,C0081,2026-01-13,22:51,Walmart,113.46,Jonesboro GA,Debit Card,1485,0
T004374,C0083,2026-02-23,18:34,Publix,241.37,Charlotte NC,Credit Card,63,0
T004375,C0084,2026-02-15,15:19,Best Buy,422.85,Jonesboro GA,Debit Card,1520,0
T004376,C0089,2026-03-31,23:50,Starbucks,247.29,Atlanta GA,Debit Card,485,0
T004377,C0060,2026-01-04,16:13,CVS,220.36,Charlotte NC,Credit Card,1490,0
T004378,C0019,2026-02-16,12:16,PetSmart,263.59,Marietta GA,Debit Card,1516,0
T004379,C0017,2026-03-15,07:14,Home Depot,319.65,Miami FL,Credit Card,1265,0
T004380,C0059,2026-03-28,22:55,CVS,457.28,Miami FL,Debit Card,475,0
T004381,C0087,2026-01-22,09:38,Amazon,16.31,Atlanta GA,Debit Card,1074,0
T004382,C0048,2026-02-16,08:43,CVS,482.16,Charlotte NC,Debit Card,1432,0
T004383,C0094,2026-02-25,19:56,Walmart,10.78,Marietta GA,Debit Card,1896,0
T004384,C0095,2026-02-28,13:19,Home Depot,204.62,Savannah GA,Credit Card,1042,0
T004385,C0054,2026-03-15,23:27,PetSmart,415.27,Atlanta GA,Debit Card,535,0
T004386,C0019,2026-01-12,06:14,Home Depot,363.46,Miami FL,Debit Card,1110,0
T004387,C0043,2026-02-18,11:09,Starbucks,428.98,Jonesboro GA,Credit Card,241,0
T004388,C0042,2026-03-28,20:18,Publix,124.8,Miami FL,Debit Card,451,0
T004389,C0074,2026-03-18,15:00,Best Buy,309.47,Marietta GA,Debit Card,441,0
T004390,C0072,2026-02-06,19:23,CVS,395.0,Jonesboro GA,Debit Card,921,0
T004391,C0100,2026-03-07,21:13,Publix,237.62,Marietta GA,Credit Card,94,0
T004392,C0007,2026-01-19,20:13,Starbucks,12.77,Charlotte NC,Credit Card,808,0
T004393,C0086,2026-02-19,20:13,Best Buy,178.71,Marietta GA,Credit Card,1504,0
T004394,C0091,2026-03-06,20:17,Starbucks,146.12,Marietta GA,Credit Card,1185,0
T004395,C0028,2026-01-01,09:37,CVS,335.43,Atlanta GA,Debit Card,283,0
T004396,C0005,2026-02-25,18:46,CVS,276.61,Atlanta GA,Debit Card,1519,0
T004397,C0003,2026-02-08,20:49,PetSmart,209.61,Marietta GA,Credit Card,1604,0
T004398,C0072,2026-03-07,17:39,CVS,333.91,Charlotte NC,Credit Card,773,0
T004399,C0081,2026-01-08,06:38,Shell,495.9,Atlanta GA,Debit Card,435,0
T004400,C0064,2026-03-26,17:40,Target,458.07,Savannah GA,Debit Card,1974,0
T004401,C0072,2026-03-04,13:45,Target,178.28,Atlanta GA,Debit Card,586,0
T004402,C0054,2026-03-05,12:44,Best Buy,131.2,Miami FL,Debit Card,1996,0
T004403,C0030,2026-02-11,10:32,Home Depot,373.38,Savannah GA,Credit Card,1962,0
T004404,C0074,2026-02-14,08:35,Walmart,197.55,Charlotte NC,Debit Card,421,0
T004405,C0057,2026-03-17,22:59,Home Depot,224.06,Jonesboro GA,Debit Card,1573,0
T004406,C0070,2026-02-03,17:02,Home Depot,140.35,Marietta GA,Debit Card,1271,0
T004407,C0052,2026-02-20,11:47,Home Depot,254.17,Jonesboro GA,Credit Card,692,0
T004408,C0008,2026-03-15,18:17,Starbucks,258.19,Marietta GA,Credit Card,835,0
T004409,C0078,2026-01-30,17:16,Starbucks,152.59,Jonesboro GA,Credit Card,1112,0
T004410,C0052,2026-01-24,09:43,CVS,498.39,Jonesboro GA,Credit Card,758,0
T004411,C0050,2026-03-08,23:02,Walmart,36.43,Marietta GA,Debit Card,459,0
T004412,C0043,2026-01-01,15:37,Shell,193.97,Savannah GA,Debit Card,1673,0
T004413,C0008,2026-02-05,20:27,Amazon,133.48,Savannah GA,Debit Card,1534,0
T004414,C0075,2026-01-24,11:07,Target,215.88,Charlotte NC,Credit Card,1693,0
T004415,C0044,2026-02-14,23:50,Walmart,350.88,Marietta GA,Debit Card,867,0
T004416,C0091,2026-03-23,07:02,Home Depot,321.04,Charlotte NC,Credit Card,1643,0
T004417,C0039,2026-02-17,10:54,Target,111.35,Jonesboro GA,Credit Card,1143,0
T004418,C0054,2026-03-07,16:20,Best Buy,408.39,Atlanta GA,Credit Card,1564,0
T004419,C0001,2026-03-03,12:50,Walmart,393.78,Marietta GA,Debit Card,1092,0
T004420,C0002,2026-02-07,17:54,Target,96.26,Atlanta GA,Credit Card,983,0
T004421,C0013,2026-02-19,08:38,Home Depot,281.67,Atlanta GA,Debit Card,634,0
T004422,C0078,2026-02-21,17:02,CVS,98.9,Miami FL,Credit Card,1826,0
T004423,C0046,2026-03-17,13:53,Publix,337.56,Atlanta GA,Credit Card,1931,0
T004424,C0074,2026-02-25,21:04,Best Buy,45.33,Miami FL,Debit Card,1019,0
T004425,C0001,2026-01-19,12:45,Home Depot,307.11,Atlanta GA,Debit Card,363,0
T004426,C0097,2026-03-31,09:38,Home Depot,13.55,Charlotte NC,Debit Card,895,0
T004427,C0011,2026-01-18,08:48,Starbucks,107.73,Miami FL,Credit Card,428,0
T004428,C0036,2026-01-06,14:02,CVS,481.05,Jonesboro GA,Credit Card,1393,0
T004429,C0007,2026-03-02,21:23,Amazon,468.14,Savannah GA,Credit Card,1099,0
T004430,C0072,2026-02-02,23:00,Publix,359.59,Savannah GA,Credit Card,825,0
T004431,C0052,2026-01-17,07:41,Target,453.03,Atlanta GA,Credit Card,500,0
T004432,C0008,2026-02-24,16:31,Best Buy,471.88,Miami FL,Debit Card,1409,0
T004433,C0012,2026-01-07,08:34,Starbucks,279.41,Atlanta GA,Credit Card,197,0
T004434,C0016,2026-03-20,13:12,Starbucks,438.03,Charlotte NC,Credit Card,151,0
T004435,C0024,2026-01-18,07:27,Publix,292.5,Jonesboro GA,Debit Card,1643,0
T004436,C0020,2026-02-13,19:35,Amazon,408.92,Atlanta GA,Debit Card,1377,0
T004437,C0089,2026-03-16,18:40,Home Depot,423.68,Charlotte NC,Credit Card,250,0
T004438,C0074,2026-02-15,06:22,Best Buy,483.61,Miami FL,Credit Card,364,0
T004439,C0012,2026-02-24,06:33,Target,422.06,Marietta GA,Credit Card,280,0
T004440,C0052,2026-02-22,07:56,Shell,130.32,Atlanta GA,Credit Card,1138,0
T004441,C0090,2026-02-02,07:51,Target,453.98,Charlotte NC,Debit Card,1616,0
T004442,C0071,2026-02-03,14:36,Amazon,284.14,Jonesboro GA,Debit Card,1822,0
T004443,C0046,2026-02-12,22:02,Walmart,297.36,Savannah GA,Credit Card,877,0
T004444,C0017,2026-03-18,23:14,PetSmart,202.2,Jonesboro GA,Debit Card,1431,0
T004445,C0080,2026-01-19,14:05,Home Depot,246.12,Jonesboro GA,Credit Card,654,0
T004446,C0019,2026-02-15,20:59,CVS,148.73,Charlotte NC,Credit Card,1790,0
T004447,C0084,2026-01-25,23:18,PetSmart,161.52,Savannah GA,Credit Card,960,0
T004448,C0052,2026-02-14,12:02,Best Buy,439.68,Miami FL,Credit Card,226,0
T004449,C0051,2026-03-22,18:07,Shell,264.6,Savannah GA,Credit Card,991,0
T004450,C0038,2026-01-02,10:50,Best Buy,293.31,Miami FL,Debit Card,2000,0
T004451,C0088,2026-01-11,09:48,Best Buy,478.87,Marietta GA,Debit Card,829,0
T004452,C0050,2026-01-25,15:38,Starbucks,220.52,Charlotte NC,Debit Card,1099,0
T004453,C0017,2026-01-06,09:25,Shell,244.14,Savannah GA,Debit Card,786,0
T004454,C0049,2026-02-07,07:10,Starbucks,411.65,Savannah GA,Debit Card,158,0
T004455,C0047,2026-01-19,16:09,PetSmart,47.93,Marietta GA,Credit Card,590,0
T004456,C0023,2026-02-19,07:00,Amazon,174.08,Jonesboro GA,Credit Card,1097,0
T004457,C0042,2026-01-09,20:11,Home Depot,302.1,Miami FL,Debit Card,251,0
T004458,C0047,2026-02-16,13:21,Walmart,9.09,Jonesboro GA,Credit Card,437,0
T004459,C0099,2026-02-17,19:01,Target,259.94,Marietta GA,Credit Card,704,0
T004460,C0079,2026-02-01,10:08,CVS,333.62,Marietta GA,Debit Card,1516,0
T004461,C0092,2026-03-16,14:58,Target,442.18,Atlanta GA,Credit Card,558,0
T004462,C0096,2026-02-05,08:17,Amazon,397.45,Charlotte NC,Credit Card,1795,0
T004463,C0004,2026-01-26,20:56,Home Depot,136.29,Savannah GA,Credit Card,1739,0
T004464,C0062,2026-02-08,07:48,CVS,346.14,Miami FL,Credit Card,334,0
T004465,C0013,2026-01-28,21:39,Target,117.9,Savannah GA,Credit Card,1955,0
T004466,C0073,2026-01-06,18:09,Home Depot,328.31,Atlanta GA,Credit Card,1794,0
T004467,C0040,2026-03-08,19:51,Starbucks,496.72,Savannah GA,Debit Card,474,0
T004468,C0087,2026-02-06,17:55,Publix,228.57,Jonesboro GA,Debit Card,291,0
T004469,C0054,2026-03-10,10:12,Amazon,253.62,Charlotte NC,Debit Card,1563,0
T004470,C0097,2026-02-07,11:08,PetSmart,160.71,Charlotte NC,Credit Card,1339,0
T004471,C0042,2026-03-01,22:43,Amazon,38.47,Jonesboro GA,Credit Card,1170,0
T004472,C0097,2026-02-01,14:21,Starbucks,168.9,Miami FL,Credit Card,778,0
T004473,C0030,2026-03-02,11:00,Home Depot,257.84,Charlotte NC,Credit Card,566,0
T004474,C0057,2026-02-18,07:34,Best Buy,192.95,Savannah GA,Debit Card,293,0
T004475,C0070,2026-03-31,22:28,Home Depot,163.87,Savannah GA,Debit Card,191,0
T004476,C0093,2026-01-10,12:45,Starbucks,160.14,Atlanta GA,Debit Card,1896,0
T004477,C0050,2026-01-18,18:08,Home Depot,55.85,Jonesboro GA,Credit Card,225,0
T004478,C0085,2026-01-11,14:50,Walmart,357.38,Savannah GA,Debit Card,1985,0
T004479,C0034,2026-02-19,08:17,Amazon,12.54,Atlanta GA,Credit Card,1918,0
T004480,C0037,2026-02-15,20:19,Publix,466.03,Marietta GA,Debit Card,585,0
T004481,C0027,2026-01-16,17:14,Amazon,52.86,Atlanta GA,Debit Card,495,0
T004482,C0032,2026-02-25,20:01,Shell,86.49,Miami FL,Debit Card,218,0
T004483,C0004,2026-02-08,13:18,Walmart,396.95,Charlotte NC,Credit Card,647,0
T004484,C0077,2026-03-11,17:52,CVS,370.75,Savannah GA,Debit Card,1159,0
T004485,C0092,2026-03-09,22:05,Best Buy,368.16,Charlotte NC,Credit Card,1745,0
T004486,C0061,2026-01-17,09:23,Home Depot,474.27,Savannah GA,Credit Card,1202,0
T004487,C0076,2026-02-25,13:32,Starbucks,112.59,Savannah GA,Debit Card,291,0
T004488,C0063,2026-01-27,12:07,Shell,476.53,Miami FL,Credit Card,358,0
T004489,C0022,2026-01-06,20:00,Starbucks,135.7,Marietta GA,Debit Card,623,0
T004490,C0058,2026-03-09,12:51,Amazon,490.38,Charlotte NC,Credit Card,841,0
T004491,C0072,2026-03-05,14:00,PetSmart,238.44,Jonesboro GA,Debit Card,970,0
T004492,C0003,2026-02-15,18:00,Amazon,208.51,Savannah GA,Debit Card,37,0
T004493,C0087,2026-03-12,10:07,PetSmart,85.22,Savannah GA,Credit Card,1802,0
T004494,C0024,2026-01-28,22:26,Home Depot,292.61,Marietta GA,Credit Card,1801,0
T004495,C0069,2026-01-18,19:16,Starbucks,382.47,Savannah GA,Debit Card,1480,0
T004496,C0028,2026-02-08,17:41,CVS,425.99,Marietta GA,Credit Card,1230,0
T004497,C0056,2026-02-21,18:02,CVS,450.57,Marietta GA,Credit Card,1847,0
T004498,C0035,2026-01-26,14:41,Home Depot,51.78,Jonesboro GA,Credit Card,1902,0
T004499,C0034,2026-03-13,08:07,Amazon,291.25,Jonesboro GA,Debit Card,1096,0
T004500,C0085,2026-02-03,11:07,Shell,53.55,Savannah GA,Debit Card,89,0
T004501,C0050,2026-01-03,15:35,Amazon,239.55,Savannah GA,Credit Card,1484,0
T004502,C0093,2026-03-09,09:05,Amazon,314.83,Savannah GA,Debit Card,1441,0
T004503,C0053,2026-03-12,17:36,Publix,463.23,Miami FL,Debit Card,1938,0
T004504,C0034,2026-01-26,09:13,Starbucks,252.32,Atlanta GA,Credit Card,1592,0
T004505,C0053,2026-03-05,11:31,Amazon,171.54,Charlotte NC,Debit Card,848,0
T004506,C0060,2026-02-16,12:23,Best Buy,240.74,Miami FL,Debit Card,1644,0
T004507,C0072,2026-02-09,08:31,Best Buy,417.56,Atlanta GA,Credit Card,556,0
T004508,C0077,2026-03-13,06:35,Target,113.93,Miami FL,Debit Card,1366,0
T004509,C0070,2026-01-17,12:12,Shell,394.38,Marietta GA,Debit Card,1274,0
T004510,C0078,2026-01-15,17:55,Walmart,425.51,Charlotte NC,Debit Card,86,0
T004511,C0005,2026-01-14,16:19,Target,115.85,Atlanta GA,Credit Card,1106,0
T004512,C0001,2026-02-22,14:31,Shell,375.94,Jonesboro GA,Credit Card,1296,0
T004513,C0021,2026-03-09,18:06,Target,48.08,Jonesboro GA,Credit Card,1668,0
T004514,C0050,2026-03-22,08:21,Shell,159.37,Savannah GA,Credit Card,1884,0
T004515,C0062,2026-03-20,18:29,Amazon,193.8,Miami FL,Credit Card,1394,0
T004516,C0030,2026-03-16,18:07,Best Buy,489.02,Savannah GA,Credit Card,122,0
T004517,C0024,2026-01-29,11:03,Amazon,219.01,Savannah GA,Credit Card,775,0
T004518,C0066,2026-02-04,17:39,Best Buy,490.55,Miami FL,Debit Card,990,0
T004519,C0014,2026-01-21,21:29,Publix,310.94,Jonesboro GA,Debit Card,44,0
T004520,C0016,2026-03-21,09:53,Target,157.59,Charlotte NC,Debit Card,985,0
T004521,C0087,2026-02-22,06:52,PetSmart,366.43,Marietta GA,Credit Card,1230,0
T004522,C0055,2026-03-30,23:55,Home Depot,256.65,Jonesboro GA,Debit Card,1342,0
T004523,C0088,2026-03-09,16:43,Home Depot,22.29,Savannah GA,Credit Card,1268,0
T004524,C0061,2026-03-03,15:53,Amazon,493.22,Jonesboro GA,Debit Card,465,0
T004525,C0090,2026-03-05,07:10,Amazon,139.41,Savannah GA,Debit Card,813,0
T004526,C0026,2026-03-26,19:56,Starbucks,420.63,Savannah GA,Debit Card,1672,0
T004527,C0098,2026-02-03,16:33,Publix,405.2,Miami FL,Debit Card,940,0
T004528,C0084,2026-03-23,14:28,Best Buy,410.54,Savannah GA,Debit Card,1554,0
T004529,C0011,2026-02-26,14:55,Publix,141.16,Jonesboro GA,Credit Card,684,0
T004530,C0083,2026-02-16,13:28,Walmart,130.33,Charlotte NC,Credit Card,1044,0
T004531,C0022,2026-02-04,22:39,CVS,281.78,Charlotte NC,Credit Card,845,0
T004532,C0041,2026-01-04,13:28,Amazon,169.72,Charlotte NC,Debit Card,1678,0
T004533,C0045,2026-03-03,22:00,Shell,387.56,Miami FL,Credit Card,797,0
T004534,C0030,2026-02-17,18:37,Home Depot,366.05,Marietta GA,Credit Card,416,0
T004535,C0024,2026-02-18,15:47,CVS,206.51,Atlanta GA,Credit Card,1104,0
T004536,C0006,2026-01-27,07:51,Shell,114.6,Atlanta GA,Debit Card,1822,0
T004537,C0036,2026-02-19,12:11,Target,362.25,Jonesboro GA,Credit Card,1690,0
T004538,C0091,2026-01-19,19:23,Shell,56.16,Atlanta GA,Debit Card,1087,0
T004539,C0030,2026-02-07,18:29,Home Depot,106.96,Savannah GA,Debit Card,605,0
T004540,C0083,2026-01-05,13:13,Best Buy,432.57,Jonesboro GA,Debit Card,1772,0
T004541,C0018,2026-02-12,10:50,PetSmart,135.91,Marietta GA,Debit Card,139,0
T004542,C0091,2026-01-12,06:11,CVS,31.42,Jonesboro GA,Credit Card,1316,0
T004543,C0063,2026-01-15,16:07,Best Buy,403.08,Atlanta GA,Debit Card,832,0
T004544,C0039,2026-03-23,21:12,Home Depot,240.51,Jonesboro GA,Debit Card,1091,0
T004545,C0026,2026-02-02,12:56,Amazon,48.16,Atlanta GA,Debit Card,688,0
T004546,C0058,2026-01-27,16:01,Publix,266.41,Jonesboro GA,Debit Card,1967,0
T004547,C0045,2026-03-01,06:46,Starbucks,96.94,Savannah GA,Credit Card,856,0
T004548,C0068,2026-01-08,21:05,PetSmart,379.33,Jonesboro GA,Debit Card,1333,0
T004549,C0090,2026-03-18,11:15,Home Depot,471.01,Charlotte NC,Credit Card,1838,0
T004550,C0093,2026-01-17,12:31,Best Buy,287.14,Atlanta GA,Credit Card,975,0
T004551,C0033,2026-01-14,12:58,Publix,480.18,Miami FL,Debit Card,1900,0
T004552,C0032,2026-03-30,22:49,PetSmart,9.45,Savannah GA,Debit Card,53,0
T004553,C0063,2026-02-21,17:07,CVS,315.84,Atlanta GA,Credit Card,1845,0
T004554,C0004,2026-02-28,22:13,Best Buy,250.5,Jonesboro GA,Credit Card,1589,0
T004555,C0069,2026-01-26,06:14,Shell,258.58,Savannah GA,Debit Card,550,0
T004556,C0067,2026-02-12,15:44,Publix,219.27,Savannah GA,Credit Card,1419,0
T004557,C0001,2026-03-07,07:39,Shell,242.21,Jonesboro GA,Credit Card,50,0
T004558,C0025,2026-02-19,14:15,Target,396.97,Savannah GA,Credit Card,1544,0
T004559,C0011,2026-03-06,14:16,Best Buy,374.33,Savannah GA,Debit Card,577,0
T004560,C0006,2026-03-17,12:01,Home Depot,498.28,Miami FL,Debit Card,439,0
T004561,C0024,2026-02-13,10:27,Walmart,220.68,Savannah GA,Debit Card,1298,0
T004562,C0080,2026-03-25,07:57,Walmart,83.68,Atlanta GA,Debit Card,296,0
T004563,C0078,2026-01-29,06:38,CVS,193.64,Charlotte NC,Debit Card,1714,0
T004564,C0022,2026-01-01,13:01,Amazon,179.55,Jonesboro GA,Debit Card,931,0
T004565,C0077,2026-01-08,11:43,CVS,141.21,Atlanta GA,Debit Card,978,0
T004566,C0027,2026-03-22,17:13,Starbucks,77.25,Atlanta GA,Credit Card,221,0
T004567,C0072,2026-01-26,08:42,Publix,149.64,Atlanta GA,Credit Card,1970,0
T004568,C0069,2026-03-30,18:59,Starbucks,380.24,Charlotte NC,Credit Card,1089,0
T004569,C0017,2026-01-05,13:58,Walmart,391.97,Jonesboro GA,Credit Card,144,0
T004570,C0045,2026-01-28,22:22,Shell,355.86,Miami FL,Debit Card,938,0
T004571,C0097,2026-03-17,22:47,PetSmart,443.06,Miami FL,Debit Card,337,0
T004572,C0035,2026-01-14,17:54,Publix,122.17,Charlotte NC,Debit Card,203,0
T004573,C0069,2026-01-25,22:55,Starbucks,430.48,Savannah GA,Credit Card,312,0
T004574,C0056,2026-01-13,22:21,Shell,434.7,Marietta GA,Debit Card,408,0
T004575,C0047,2026-03-09,22:42,Publix,344.35,Charlotte NC,Debit Card,1512,0
T004576,C0011,2026-03-07,09:36,Publix,125.62,Jonesboro GA,Credit Card,896,0
T004577,C0094,2026-03-06,20:24,CVS,134.59,Jonesboro GA,Debit Card,241,0
T004578,C0087,2026-02-06,09:56,Publix,258.69,Atlanta GA,Debit Card,1490,0
T004579,C0042,2026-02-06,19:45,Walmart,328.93,Miami FL,Credit Card,624,0
T004580,C0006,2026-02-22,17:22,Amazon,224.59,Jonesboro GA,Credit Card,1635,0
T004581,C0046,2026-02-12,22:32,CVS,187.29,Charlotte NC,Credit Card,189,0
T004582,C0008,2026-02-27,20:49,Home Depot,333.7,Charlotte NC,Credit Card,705,0
T004583,C0039,2026-02-04,17:36,PetSmart,467.22,Savannah GA,Debit Card,1819,0
T004584,C0024,2026-03-07,20:09,Publix,67.46,Jonesboro GA,Credit Card,1773,0
T004585,C0037,2026-03-20,07:01,CVS,300.09,Marietta GA,Debit Card,1040,0
T004586,C0008,2026-02-06,23:53,Shell,301.92,Jonesboro GA,Debit Card,665,0
T004587,C0073,2026-01-14,19:27,Best Buy,461.4,Savannah GA,Debit Card,301,0
T004588,C0026,2026-03-04,09:09,CVS,331.2,Jonesboro GA,Debit Card,705,0
T004589,C0047,2026-01-22,20:27,CVS,451.31,Marietta GA,Debit Card,944,0
T004590,C0034,2026-01-16,10:58,CVS,190.92,Charlotte NC,Credit Card,1618,0
T004591,C0020,2026-01-26,08:18,PetSmart,201.66,Marietta GA,Debit Card,1703,0
T004592,C0048,2026-03-05,07:03,Target,141.77,Charlotte NC,Credit Card,724,0
T004593,C0037,2026-02-15,17:39,Publix,396.2,Jonesboro GA,Credit Card,718,0
T004594,C0047,2026-03-13,12:13,Best Buy,214.86,Marietta GA,Credit Card,793,0
T004595,C0085,2026-01-07,23:52,PetSmart,210.31,Charlotte NC,Debit Card,1632,0
T004596,C0079,2026-03-16,08:01,Publix,494.31,Atlanta GA,Debit Card,1059,0
T004597,C0054,2026-01-12,17:58,Walmart,44.33,Jonesboro GA,Credit Card,705,0
T004598,C0088,2026-01-12,20:37,PetSmart,384.15,Miami FL,Debit Card,504,0
T004599,C0029,2026-03-20,13:55,Best Buy,444.15,Miami FL,Debit Card,170,0
T004600,C0086,2026-01-04,08:02,Best Buy,324.88,Atlanta GA,Debit Card,784,0
T004601,C0048,2026-02-17,12:11,Home Depot,50.95,Marietta GA,Credit Card,119,0
T004602,C0021,2026-01-25,13:45,Best Buy,21.32,Jonesboro GA,Credit Card,474,0
T004603,C0074,2026-01-24,06:42,Best Buy,295.78,Marietta GA,Debit Card,1400,0
T004604,C0031,2026-03-25,08:35,Home Depot,261.79,Miami FL,Debit Card,1120,0
T004605,C0079,2026-02-27,22:06,Amazon,145.25,Miami FL,Debit Card,1571,0
T004606,C0097,2026-02-04,10:47,Best Buy,205.07,Savannah GA,Debit Card,46,0
T004607,C0070,2026-01-24,18:27,Amazon,96.87,Jonesboro GA,Credit Card,628,0
T004608,C0062,2026-01-04,14:29,Shell,156.94,Marietta GA,Debit Card,1357,0
T004609,C0072,2026-03-18,19:26,Amazon,382.0,Charlotte NC,Credit Card,520,0
T004610,C0057,2026-03-29,23:30,CVS,261.55,Charlotte NC,Debit Card,938,0
T004611,C0039,2026-03-09,20:42,Shell,158.99,Miami FL,Credit Card,210,0
T004612,C0040,2026-03-14,16:15,Shell,491.47,Savannah GA,Credit Card,218,0
T004613,C0042,2026-01-19,12:39,Publix,158.92,Savannah GA,Debit Card,601,0
T004614,C0002,2026-03-16,06:54,Starbucks,397.16,Charlotte NC,Debit Card,1167,0
T004615,C0073,2026-03-27,22:04,Best Buy,198.28,Jonesboro GA,Debit Card,1993,0
T004616,C0016,2026-01-19,13:42,Home Depot,290.39,Marietta GA,Credit Card,1611,0
T004617,C0084,2026-01-18,11:57,Starbucks,282.29,Jonesboro GA,Debit Card,137,0
T004618,C0029,2026-03-13,14:03,PetSmart,245.56,Marietta GA,Credit Card,822,0
T004619,C0087,2026-02-08,22:20,Target,248.51,Marietta GA,Debit Card,1045,0
T004620,C0065,2026-02-11,18:43,Amazon,394.68,Atlanta GA,Debit Card,1668,0
T004621,C0042,2026-03-27,17:52,PetSmart,327.6,Charlotte NC,Debit Card,1670,0
T004622,C0059,2026-02-15,16:04,Home Depot,31.79,Savannah GA,Credit Card,1770,0
T004623,C0095,2026-02-03,14:38,Starbucks,327.57,Savannah GA,Debit Card,570,0
T004624,C0028,2026-02-17,19:06,Best Buy,236.11,Marietta GA,Credit Card,552,0
T004625,C0056,2026-01-23,07:03,Publix,400.82,Marietta GA,Debit Card,627,0
T004626,C0020,2026-02-28,09:55,Target,224.32,Charlotte NC,Debit Card,785,0
T004627,C0018,2026-03-15,08:36,Walmart,46.0,Marietta GA,Debit Card,1110,0
T004628,C0045,2026-01-13,13:14,Walmart,190.16,Jonesboro GA,Debit Card,678,0
T004629,C0071,2026-01-25,11:53,Publix,314.82,Atlanta GA,Credit Card,410,0
T004630,C0091,2026-02-22,12:11,CVS,450.03,Miami FL,Debit Card,1779,0
T004631,C0063,2026-01-17,12:13,CVS,390.81,Charlotte NC,Credit Card,1152,0
T004632,C0013,2026-03-06,08:47,Walmart,460.45,Savannah GA,Credit Card,1716,0
T004633,C0063,2026-03-19,08:33,Walmart,79.8,Atlanta GA,Debit Card,577,0
T004634,C0045,2026-02-22,17:39,PetSmart,292.29,Charlotte NC,Debit Card,1255,0
T004635,C0003,2026-01-24,17:39,Publix,14.38,Marietta GA,Debit Card,1300,0
T004636,C0055,2026-03-06,12:02,Target,111.71,Atlanta GA,Debit Card,669,0
T004637,C0001,2026-01-06,19:04,PetSmart,66.13,Savannah GA,Debit Card,52,0
T004638,C0077,2026-03-17,20:18,Starbucks,203.72,Marietta GA,Credit Card,724,0
T004639,C0026,2026-01-31,10:02,PetSmart,499.18,Atlanta GA,Debit Card,610,0
T004640,C0032,2026-02-01,08:11,Target,224.52,Miami FL,Credit Card,877,0
T004641,C0055,2026-01-23,13:12,Best Buy,428.67,Jonesboro GA,Debit Card,852,0
T004642,C0012,2026-02-23,10:16,Best Buy,257.55,Jonesboro GA,Debit Card,959,0
T004643,C0042,2026-01-18,07:43,Publix,213.39,Jonesboro GA,Credit Card,525,0
T004644,C0052,2026-02-10,09:00,PetSmart,76.27,Charlotte NC,Credit Card,45,0
T004645,C0046,2026-03-16,06:20,Best Buy,25.63,Miami FL,Debit Card,976,0
T004646,C0010,2026-01-12,18:29,Target,350.42,Marietta GA,Credit Card,1810,0
T004647,C0089,2026-02-16,12:36,CVS,486.06,Marietta GA,Credit Card,1675,0
T004648,C0030,2026-02-06,16:05,Amazon,139.96,Atlanta GA,Debit Card,1813,0
T004649,C0054,2026-03-16,15:12,Publix,448.71,Savannah GA,Credit Card,327,0
T004650,C0014,2026-01-23,18:43,Home Depot,78.21,Marietta GA,Credit Card,572,0
T004651,C0053,2026-03-15,06:09,Home Depot,370.91,Jonesboro GA,Debit Card,1506,0
T004652,C0005,2026-02-09,23:32,Shell,164.88,Atlanta GA,Credit Card,97,0
T004653,C0100,2026-01-25,15:25,Publix,305.36,Atlanta GA,Credit Card,1616,0
T004654,C0047,2026-01-31,06:20,Amazon,105.53,Marietta GA,Debit Card,1017,0
T004655,C0091,2026-03-31,07:00,Publix,100.79,Charlotte NC,Debit Card,1213,0
T004656,C0070,2026-02-03,13:28,Shell,386.68,Atlanta GA,Debit Card,1932,0
T004657,C0058,2026-03-01,06:53,Walmart,52.47,Charlotte NC,Credit Card,1559,0
T004658,C0035,2026-02-13,11:35,PetSmart,410.36,Atlanta GA,Credit Card,1870,0
T004659,C0088,2026-03-24,23:23,Amazon,50.8,Marietta GA,Debit Card,809,0
T004660,C0068,2026-02-17,07:22,Target,304.54,Savannah GA,Debit Card,1267,0
T004661,C0013,2026-03-14,13:01,PetSmart,484.1,Charlotte NC,Credit Card,1593,0
T004662,C0090,2026-03-17,08:49,Target,361.95,Atlanta GA,Debit Card,805,0
T004663,C0078,2026-01-10,21:37,Home Depot,360.15,Marietta GA,Credit Card,463,0
T004664,C0049,2026-03-19,14:46,Shell,18.83,Charlotte NC,Debit Card,644,0
T004665,C0006,2026-02-15,10:47,Best Buy,464.4,Jonesboro GA,Debit Card,714,0
T004666,C0074,2026-03-05,18:55,Amazon,15.62,Jonesboro GA,Debit Card,785,0
T004667,C0001,2026-01-02,21:34,CVS,94.06,Jonesboro GA,Debit Card,1833,0
T004668,C0083,2026-01-24,20:07,Publix,328.01,Savannah GA,Credit Card,1219,0
T004669,C0085,2026-03-22,18:50,Starbucks,381.24,Savannah GA,Credit Card,1544,0
T004670,C0009,2026-01-03,09:01,Target,258.7,Miami FL,Debit Card,1271,0
T004671,C0029,2026-03-15,06:52,Best Buy,296.84,Atlanta GA,Credit Card,1168,0
T004672,C0009,2026-01-18,21:44,PetSmart,436.82,Atlanta GA,Credit Card,861,0
T004673,C0086,2026-03-27,22:29,Starbucks,175.64,Miami FL,Credit Card,982,0
T004674,C0063,2026-03-17,20:08,PetSmart,142.38,Atlanta GA,Credit Card,1458,0
T004675,C0050,2026-02-12,19:41,Home Depot,57.06,Marietta GA,Credit Card,1373,0
T004676,C0099,2026-03-04,20:12,CVS,219.84,Savannah GA,Debit Card,1331,0
T004677,C0041,2026-03-14,09:37,CVS,349.21,Jonesboro GA,Debit Card,1704,0
T004678,C0022,2026-01-16,12:23,Starbucks,433.33,Atlanta GA,Debit Card,851,0
T004679,C0031,2026-03-09,11:22,CVS,399.55,Charlotte NC,Debit Card,121,0
T004680,C0007,2026-02-04,22:26,PetSmart,215.09,Jonesboro GA,Credit Card,1338,0
T004681,C0061,2026-01-15,21:46,Amazon,277.74,Jonesboro GA,Credit Card,1047,0
T004682,C0034,2026-03-19,13:23,Home Depot,252.07,Savannah GA,Debit Card,1798,0
T004683,C0079,2026-02-09,12:34,CVS,329.03,Charlotte NC,Debit Card,511,0
T004684,C0048,2026-01-23,17:09,Best Buy,377.1,Miami FL,Debit Card,1613,0
T004685,C0005,2026-02-18,14:27,Target,35.48,Miami FL,Credit Card,1341,0
T004686,C0074,2026-01-15,08:36,Target,405.88,Marietta GA,Debit Card,890,0
T004687,C0075,2026-03-28,07:13,CVS,187.93,Marietta GA,Credit Card,1314,0
T004688,C0010,2026-01-06,16:41,Amazon,280.62,Miami FL,Debit Card,835,0
T004689,C0068,2026-01-31,16:53,Starbucks,190.09,Miami FL,Debit Card,708,0
T004690,C0023,2026-03-18,14:49,Best Buy,31.37,Charlotte NC,Credit Card,1154,0
T004691,C0063,2026-03-13,11:25,Shell,61.3,Savannah GA,Credit Card,1240,0
T004692,C0086,2026-01-16,20:14,CVS,374.27,Marietta GA,Debit Card,1198,0
T004693,C0022,2026-03-24,20:32,Starbucks,45.94,Marietta GA,Credit Card,913,0
T004694,C0043,2026-02-26,17:53,Walmart,344.4,Marietta GA,Debit Card,1582,0
T004695,C0083,2026-03-30,21:46,Walmart,482.89,Jonesboro GA,Debit Card,1018,0
T004696,C0100,2026-01-10,10:42,CVS,153.82,Atlanta GA,Debit Card,646,0
T004697,C0028,2026-02-01,22:59,Shell,107.17,Charlotte NC,Debit Card,1454,0
T004698,C0010,2026-01-05,10:57,Target,250.0,Charlotte NC,Debit Card,970,0
T004699,C0021,2026-01-25,18:37,Walmart,260.21,Miami FL,Debit Card,1467,0
T004700,C0048,2026-01-24,14:12,PetSmart,495.95,Charlotte NC,Debit Card,438,0
T004701,C0074,2026-02-28,06:51,Target,445.51,Savannah GA,Debit Card,1096,0
T004702,C0069,2026-02-04,13:49,Publix,202.87,Jonesboro GA,Credit Card,1919,0
T004703,C0075,2026-01-09,06:19,Shell,34.92,Jonesboro GA,Credit Card,328,0
T004704,C0063,2026-02-14,14:53,CVS,313.01,Savannah GA,Debit Card,1227,0
T004705,C0020,2026-01-10,22:34,Target,426.15,Atlanta GA,Credit Card,1826,0
T004706,C0082,2026-01-20,13:23,CVS,110.99,Savannah GA,Credit Card,948,0
T004707,C0042,2026-03-23,08:06,Amazon,399.3,Miami FL,Debit Card,212,0
T004708,C0042,2026-02-17,18:03,PetSmart,153.29,Atlanta GA,Credit Card,1346,0
T004709,C0012,2026-02-08,16:58,Best Buy,195.25,Jonesboro GA,Credit Card,692,0
T004710,C0037,2026-01-16,13:21,Best Buy,456.46,Marietta GA,Credit Card,1482,0
T004711,C0033,2026-02-01,15:00,Best Buy,76.32,Miami FL,Credit Card,1033,0
T004712,C0011,2026-02-19,18:58,PetSmart,118.39,Marietta GA,Debit Card,157,0
T004713,C0080,2026-03-26,07:26,Publix,344.16,Jonesboro GA,Debit Card,133,0
T004714,C0032,2026-03-15,17:06,CVS,30.48,Miami FL,Credit Card,831,0
T004715,C0025,2026-01-11,11:00,Publix,133.58,Marietta GA,Credit Card,1899,0
T004716,C0022,2026-02-21,08:24,Starbucks,246.36,Jonesboro GA,Credit Card,1083,0
T004717,C0006,2026-01-11,22:46,CVS,130.28,Jonesboro GA,Debit Card,1984,0
T004718,C0043,2026-01-26,19:25,Shell,113.07,Atlanta GA,Credit Card,766,0
T004719,C0094,2026-03-18,08:21,Walmart,490.36,Marietta GA,Debit Card,1883,0
T004720,C0056,2026-03-20,09:42,Publix,222.43,Miami FL,Credit Card,794,0
T004721,C0094,2026-02-12,11:47,PetSmart,285.08,Miami FL,Credit Card,1674,0
T004722,C0039,2026-03-16,09:41,CVS,47.39,Marietta GA,Credit Card,1434,0
T004723,C0014,2026-02-07,09:18,Shell,254.37,Marietta GA,Debit Card,44,0
T004724,C0097,2026-02-20,12:37,Target,348.22,Marietta GA,Debit Card,277,0
T004725,C0037,2026-01-16,11:52,Starbucks,81.15,Savannah GA,Debit Card,1485,0
T004726,C0004,2026-01-20,07:39,Target,445.56,Savannah GA,Debit Card,1877,0
T004727,C0065,2026-03-06,22:33,Shell,220.74,Charlotte NC,Debit Card,830,0
T004728,C0052,2026-03-30,23:09,Publix,274.16,Miami FL,Debit Card,978,0
T004729,C0024,2026-02-28,16:38,CVS,332.73,Atlanta GA,Credit Card,1978,0
T004730,C0014,2026-03-15,09:58,Best Buy,348.46,Jonesboro GA,Debit Card,671,0
T004731,C0025,2026-01-04,09:06,Starbucks,282.07,Charlotte NC,Credit Card,420,0
T004732,C0008,2026-02-15,18:53,Home Depot,112.78,Jonesboro GA,Credit Card,1827,0
T004733,C0069,2026-02-02,06:46,Starbucks,95.6,Marietta GA,Debit Card,286,0
T004734,C0019,2026-03-03,08:40,Shell,471.62,Savannah GA,Credit Card,527,0
T004735,C0100,2026-02-02,11:15,Starbucks,160.0,Atlanta GA,Credit Card,1129,0
T004736,C0055,2026-01-04,15:49,PetSmart,239.67,Atlanta GA,Debit Card,305,0
T004737,C0080,2026-02-24,18:58,Amazon,321.7,Charlotte NC,Debit Card,992,0
T004738,C0039,2026-01-18,08:02,Walmart,245.96,Miami FL,Debit Card,949,0
T004739,C0084,2026-01-07,06:15,Publix,422.2,Marietta GA,Debit Card,1735,0
T004740,C0028,2026-03-28,21:58,Walmart,14.24,Jonesboro GA,Credit Card,326,0
T004741,C0037,2026-02-25,17:18,PetSmart,141.87,Marietta GA,Debit Card,1843,0
T004742,C0009,2026-03-04,19:48,Best Buy,298.8,Charlotte NC,Credit Card,1512,0
T004743,C0097,2026-01-29,23:42,Amazon,351.16,Miami FL,Debit Card,241,0
T004744,C0071,2026-03-24,12:42,Starbucks,454.38,Miami FL,Credit Card,1313,0
T004745,C0022,2026-03-03,07:17,PetSmart,260.41,Miami FL,Debit Card,399,0
T004746,C0084,2026-01-30,08:33,Amazon,387.77,Jonesboro GA,Debit Card,1287,0
T004747,C0078,2026-01-11,19:43,Publix,40.03,Miami FL,Credit Card,1214,0
T004748,C0076,2026-02-10,13:19,Starbucks,327.15,Charlotte NC,Credit Card,1478,0
T004749,C0060,2026-03-25,06:31,Walmart,408.47,Jonesboro GA,Credit Card,1011,0
T004750,C0048,2026-03-26,18:12,Walmart,285.34,Charlotte NC,Debit Card,1632,0
T004751,C0045,2026-02-23,10:49,PetSmart,353.65,Savannah GA,Debit Card,174,0
T004752,C0031,2026-02-15,08:39,Home Depot,456.42,Atlanta GA,Debit Card,1629,0
T004753,C0033,2026-01-22,11:57,Home Depot,142.56,Jonesboro GA,Debit Card,789,0
T004754,C0075,2026-01-25,07:47,Publix,102.09,Jonesboro GA,Credit Card,700,0
T004755,C0079,2026-02-22,12:42,Target,52.65,Jonesboro GA,Debit Card,1440,0
T004756,C0046,2026-02-22,21:19,Target,17.83,Charlotte NC,Credit Card,731,0
T004757,C0014,2026-02-15,06:54,Amazon,203.94,Savannah GA,Credit Card,716,0
T004758,C0094,2026-03-05,10:09,Walmart,248.16,Jonesboro GA,Credit Card,515,0
T004759,C0034,2026-03-01,07:45,Starbucks,422.42,Savannah GA,Debit Card,436,0
T004760,C0087,2026-01-11,20:04,Starbucks,74.26,Marietta GA,Credit Card,1846,0
T004761,C0068,2026-02-09,20:47,CVS,179.89,Charlotte NC,Credit Card,1426,0
T004762,C0096,2026-01-21,20:47,Publix,39.95,Marietta GA,Credit Card,679,0
T004763,C0075,2026-01-28,08:05,Best Buy,446.12,Marietta GA,Debit Card,656,0
T004764,C0078,2026-03-10,22:25,Amazon,449.34,Marietta GA,Credit Card,361,0
T004765,C0031,2026-03-16,14:43,Walmart,391.83,Savannah GA,Debit Card,1730,0
T004766,C0004,2026-01-03,13:45,Walmart,257.17,Marietta GA,Credit Card,885,0
T004767,C0039,2026-01-06,10:04,Home Depot,340.37,Jonesboro GA,Credit Card,1055,0
T004768,C0020,2026-01-12,20:02,Shell,16.75,Atlanta GA,Debit Card,305,0
T004769,C0067,2026-03-12,21:34,Shell,215.18,Savannah GA,Credit Card,942,0
T004770,C0083,2026-03-19,21:55,Amazon,144.37,Marietta GA,Credit Card,1903,0
T004771,C0002,2026-02-05,12:41,Amazon,481.51,Charlotte NC,Credit Card,667,0
T004772,C0086,2026-02-09,15:08,PetSmart,363.5,Jonesboro GA,Credit Card,243,0
T004773,C0006,2026-01-03,15:53,Best Buy,436.04,Jonesboro GA,Credit Card,839,0
T004774,C0001,2026-01-16,13:21,Target,59.71,Atlanta GA,Debit Card,780,0
T004775,C0043,2026-03-02,10:43,PetSmart,70.91,Miami FL,Debit Card,1424,0
T004776,C0017,2026-03-30,20:08,Amazon,214.52,Miami FL,Debit Card,1375,0
T004777,C0011,2026-03-18,23:37,PetSmart,356.83,Savannah GA,Credit Card,1165,0
T004778,C0064,2026-02-26,17:55,Home Depot,214.64,Savannah GA,Debit Card,160,0
T004779,C0028,2026-01-17,12:38,Home Depot,329.86,Savannah GA,Debit Card,1129,0
T004780,C0011,2026-03-24,11:02,Home Depot,309.29,Miami FL,Credit Card,598,0
T004781,C0065,2026-01-15,14:20,PetSmart,141.08,Marietta GA,Credit Card,729,0
T004782,C0095,2026-02-28,13:17,Home Depot,324.37,Savannah GA,Credit Card,262,0
T004783,C0069,2026-03-16,18:49,Home Depot,251.82,Charlotte NC,Credit Card,668,0
T004784,C0094,2026-03-04,16:32,Walmart,177.18,Marietta GA,Credit Card,708,0
T004785,C0080,2026-03-11,16:15,Amazon,384.78,Miami FL,Credit Card,1385,0
T004786,C0051,2026-02-09,12:49,Starbucks,450.76,Atlanta GA,Debit Card,512,0
T004787,C0075,2026-02-10,14:01,Starbucks,338.76,Savannah GA,Credit Card,1961,0
T004788,C0053,2026-02-28,06:08,Amazon,424.48,Miami FL,Debit Card,141,0
T004789,C0095,2026-01-26,20:35,PetSmart,385.03,Charlotte NC,Credit Card,1374,0
T004790,C0036,2026-03-25,17:46,Starbucks,182.73,Atlanta GA,Debit Card,719,0
T004791,C0097,2026-01-05,20:48,Amazon,137.16,Charlotte NC,Debit Card,1953,0
T004792,C0067,2026-03-31,22:55,CVS,230.74,Charlotte NC,Debit Card,1106,0
T004793,C0069,2026-01-14,07:47,CVS,487.6,Marietta GA,Credit Card,109,0
T004794,C0059,2026-01-03,15:31,Starbucks,463.16,Charlotte NC,Credit Card,1586,0
T004795,C0009,2026-03-30,20:23,Target,204.25,Marietta GA,Debit Card,1399,0
T004796,C0063,2026-02-05,09:56,Home Depot,446.79,Charlotte NC,Credit Card,77,0
T004797,C0089,2026-01-11,22:26,Shell,207.38,Miami FL,Debit Card,556,0
T004798,C0035,2026-02-08,21:03,Starbucks,385.95,Savannah GA,Credit Card,1454,0
T004799,C0034,2026-01-15,06:07,CVS,237.66,Miami FL,Debit Card,1058,0
T004800,C0060,2026-02-11,20:49,PetSmart,124.88,Atlanta GA,Credit Card,126,0
T004801,C0089,2026-01-04,20:15,Shell,115.94,Charlotte NC,Debit Card,305,0
T004802,C0040,2026-03-14,21:42,Best Buy,387.48,Charlotte NC,Debit Card,1857,0
T004803,C0033,2026-03-23,07:16,CVS,378.61,Charlotte NC,Credit Card,1664,0
T004804,C0030,2026-03-18,22:59,Home Depot,223.94,Atlanta GA,Debit Card,1238,0
T004805,C0074,2026-01-21,15:29,Starbucks,421.53,Jonesboro GA,Debit Card,75,0
T004806,C0037,2026-03-29,12:03,Home Depot,464.9,Atlanta GA,Credit Card,220,0
T004807,C0066,2026-01-11,14:59,Best Buy,72.27,Jonesboro GA,Credit Card,761,0
T004808,C0089,2026-01-16,11:29,Best Buy,257.5,Jonesboro GA,Credit Card,782,0
T004809,C0077,2026-02-04,13:57,Target,15.68,Savannah GA,Credit Card,1584,0
T004810,C0059,2026-02-18,21:18,Shell,180.28,Marietta GA,Credit Card,88,0
T004811,C0089,2026-01-12,10:13,Publix,73.35,Marietta GA,Debit Card,282,0
T004812,C0010,2026-01-15,06:40,Publix,320.31,Jonesboro GA,Credit Card,311,0
T004813,C0004,2026-02-21,12:03,Best Buy,55.72,Atlanta GA,Debit Card,1635,0
T004814,C0005,2026-03-28,15:16,Publix,42.32,Marietta GA,Credit Card,365,0
T004815,C0083,2026-02-16,12:35,Best Buy,375.39,Savannah GA,Credit Card,573,0
T004816,C0086,2026-02-22,09:43,Starbucks,64.36,Jonesboro GA,Debit Card,670,0
T004817,C0086,2026-01-19,19:50,CVS,138.72,Miami FL,Debit Card,1467,0
T004818,C0011,2026-02-26,16:34,Home Depot,160.72,Jonesboro GA,Debit Card,345,0
T004819,C0052,2026-01-14,14:54,Home Depot,34.71,Marietta GA,Debit Card,1283,0
T004820,C0075,2026-01-18,12:22,Shell,400.54,Atlanta GA,Credit Card,1166,0
T004821,C0048,2026-03-30,12:42,CVS,258.03,Marietta GA,Debit Card,1538,0
T004822,C0081,2026-01-04,16:01,Publix,256.45,Charlotte NC,Credit Card,1926,0
T004823,C0064,2026-03-07,08:37,Publix,359.46,Atlanta GA,Debit Card,1435,0
T004824,C0081,2026-02-07,10:22,PetSmart,133.33,Marietta GA,Debit Card,400,0
T004825,C0036,2026-02-06,14:36,PetSmart,243.8,Savannah GA,Debit Card,829,0
T004826,C0034,2026-02-06,07:03,CVS,156.53,Marietta GA,Credit Card,920,0
T004827,C0002,2026-03-11,19:08,Best Buy,198.14,Miami FL,Credit Card,1996,0
T004828,C0095,2026-03-05,20:37,PetSmart,402.15,Jonesboro GA,Debit Card,496,0
T004829,C0072,2026-02-18,06:37,Publix,328.35,Charlotte NC,Debit Card,236,0
T004830,C0018,2026-01-21,17:16,Target,17.06,Atlanta GA,Debit Card,1688,0
T004831,C0046,2026-02-25,07:36,Amazon,26.54,Miami FL,Debit Card,1737,0
T004832,C0079,2026-02-26,10:25,Amazon,237.02,Marietta GA,Debit Card,1980,0
T004833,C0018,2026-02-07,12:07,Publix,354.8,Charlotte NC,Credit Card,1434,0
T004834,C0051,2026-03-25,13:47,Walmart,189.01,Marietta GA,Credit Card,1423,0
T004835,C0089,2026-03-18,22:59,CVS,338.62,Jonesboro GA,Credit Card,1117,0
T004836,C0034,2026-02-15,10:43,Shell,280.62,Marietta GA,Debit Card,1923,0
T004837,C0032,2026-02-03,19:46,Best Buy,297.81,Atlanta GA,Debit Card,567,0
T004838,C0044,2026-02-15,20:46,Shell,357.07,Miami FL,Debit Card,1068,0
T004839,C0015,2026-03-05,15:43,Starbucks,364.2,Savannah GA,Credit Card,1520,0
T004840,C0085,2026-01-17,10:59,Starbucks,266.9,Savannah GA,Credit Card,1428,0
T004841,C0036,2026-01-27,18:55,Walmart,301.85,Marietta GA,Credit Card,1393,0
T004842,C0017,2026-02-04,06:49,PetSmart,233.53,Savannah GA,Credit Card,1394,0
T004843,C0036,2026-02-16,09:05,Walmart,171.5,Jonesboro GA,Debit Card,364,0
T004844,C0071,2026-01-03,17:00,Best Buy,478.72,Marietta GA,Credit Card,1950,0
T004845,C0018,2026-03-25,15:43,Starbucks,23.74,Miami FL,Credit Card,1333,0
T004846,C0044,2026-03-09,10:28,CVS,397.61,Jonesboro GA,Credit Card,1627,0
T004847,C0054,2026-03-21,12:20,PetSmart,95.37,Savannah GA,Debit Card,1461,0
T004848,C0034,2026-01-18,20:33,Amazon,100.8,Marietta GA,Debit Card,472,0
T004849,C0078,2026-02-14,09:02,Best Buy,44.51,Charlotte NC,Credit Card,54,0
T004850,C0018,2026-01-22,08:16,Best Buy,223.31,Atlanta GA,Debit Card,426,0
T004851,C0081,2026-03-14,18:50,Shell,478.42,Charlotte NC,Debit Card,1927,0
T004852,C0044,2026-02-15,21:15,Amazon,183.79,Savannah GA,Credit Card,258,0
T004853,C0004,2026-03-13,12:04,Publix,282.36,Marietta GA,Credit Card,1168,0
T004854,C0059,2026-03-21,12:53,Amazon,30.61,Atlanta GA,Debit Card,507,0
T004855,C0060,2026-03-20,21:12,PetSmart,491.29,Marietta GA,Credit Card,1850,0
T004856,C0036,2026-01-07,11:43,Target,261.01,Charlotte NC,Debit Card,1443,0
T004857,C0059,2026-02-22,23:45,Publix,265.12,Miami FL,Credit Card,67,0
T004858,C0001,2026-01-04,23:41,CVS,79.62,Atlanta GA,Debit Card,1316,0
T004859,C0062,2026-02-05,17:11,Target,263.61,Marietta GA,Credit Card,532,0
T004860,C0077,2026-01-17,13:13,Publix,387.35,Miami FL,Debit Card,184,0
T004861,C0042,2026-01-15,20:23,CVS,473.31,Miami FL,Debit Card,942,0
T004862,C0080,2026-03-12,22:34,Walmart,102.32,Marietta GA,Credit Card,146,0
T004863,C0056,2026-03-01,16:00,Walmart,469.78,Miami FL,Debit Card,376,0
T004864,C0094,2026-01-07,20:32,Shell,466.71,Atlanta GA,Credit Card,1310,0
T004865,C0070,2026-03-04,16:21,Best Buy,260.26,Savannah GA,Debit Card,1428,0
T004866,C0070,2026-01-13,15:21,Publix,289.64,Atlanta GA,Debit Card,118,0
T004867,C0038,2026-02-20,19:39,CVS,451.12,Savannah GA,Credit Card,626,0
T004868,C0087,2026-02-24,16:06,Best Buy,93.1,Marietta GA,Debit Card,1136,0
T004869,C0016,2026-01-29,23:17,Shell,24.48,Charlotte NC,Credit Card,1597,0
T004870,C0085,2026-01-19,09:31,Publix,453.8,Atlanta GA,Debit Card,1825,0
T004871,C0050,2026-03-19,12:54,Shell,464.89,Charlotte NC,Credit Card,1205,0
T004872,C0037,2026-01-05,20:35,Target,227.32,Savannah GA,Debit Card,1861,0
T004873,C0087,2026-03-31,17:34,Home Depot,284.0,Charlotte NC,Debit Card,674,0
T004874,C0058,2026-01-12,07:25,Shell,479.08,Miami FL,Credit Card,1352,0
T004875,C0056,2026-02-07,08:32,PetSmart,489.28,Charlotte NC,Credit Card,946,0
T004876,C0080,2026-02-10,12:29,Amazon,271.3,Charlotte NC,Debit Card,998,0
T004877,C0007,2026-01-15,19:47,Target,289.62,Marietta GA,Debit Card,574,0
T004878,C0046,2026-02-03,13:59,CVS,463.52,Miami FL,Credit Card,928,0
T004879,C0070,2026-01-06,21:40,Walmart,6.36,Jonesboro GA,Debit Card,1236,0
T004880,C0026,2026-02-27,17:25,Best Buy,401.89,Jonesboro GA,Credit Card,1640,0
T004881,C0075,2026-01-29,11:30,Starbucks,379.64,Savannah GA,Credit Card,1981,0
T004882,C0027,2026-02-19,21:11,Publix,74.79,Savannah GA,Credit Card,178,0
T004883,C0020,2026-02-13,20:42,Amazon,278.52,Atlanta GA,Credit Card,1066,0
T004884,C0074,2026-01-19,15:11,Publix,186.87,Miami FL,Credit Card,727,0
T004885,C0100,2026-03-11,06:56,Best Buy,8.42,Savannah GA,Credit Card,1816,0
T004886,C0043,2026-03-19,07:44,PetSmart,206.6,Miami FL,Credit Card,1983,0
T004887,C0027,2026-02-01,18:21,Walmart,41.22,Marietta GA,Debit Card,1369,0
T004888,C0025,2026-03-10,14:39,Starbucks,219.67,Miami FL,Debit Card,1852,0
T004889,C0087,2026-01-04,21:51,CVS,409.1,Savannah GA,Debit Card,119,0
T004890,C0055,2026-02-18,09:53,Walmart,139.82,Atlanta GA,Debit Card,599,0
T004891,C0031,2026-02-05,08:46,Amazon,496.47,Savannah GA,Credit Card,1807,0
T004892,C0085,2026-03-13,20:05,PetSmart,102.5,Jonesboro GA,Debit Card,1382,0
T004893,C0094,2026-01-11,17:57,Best Buy,221.15,Marietta GA,Debit Card,1008,0
T004894,C0091,2026-02-02,17:53,PetSmart,370.83,Jonesboro GA,Credit Card,1057,0
T004895,C0056,2026-03-11,21:19,Best Buy,148.78,Atlanta GA,Credit Card,167,0
T004896,C0036,2026-03-22,08:16,Starbucks,441.78,Savannah GA,Debit Card,252,0
T004897,C0093,2026-01-27,14:43,CVS,90.69,Miami FL,Debit Card,1201,0
T004898,C0023,2026-01-29,22:57,Target,72.49,Charlotte NC,Credit Card,1751,0
T004899,C0021,2026-03-31,09:13,Target,12.08,Jonesboro GA,Credit Card,1793,0
T004900,C0018,2026-02-03,17:26,Walmart,474.3,Jonesboro GA,Debit Card,958,0
T004901,C0062,2026-03-01,18:24,Target,59.68,Jonesboro GA,Debit Card,44,0
T004902,C0038,2026-01-13,18:43,Publix,290.48,Savannah GA,Credit Card,1706,0
T004903,C0095,2026-03-04,20:48,Shell,328.19,Jonesboro GA,Debit Card,1698,0
T004904,C0052,2026-02-02,21:25,Publix,195.51,Savannah GA,Debit Card,125,0
T004905,C0072,2026-02-13,10:37,Publix,252.57,Marietta GA,Credit Card,922,0
T004906,C0040,2026-02-16,07:18,Publix,39.95,Jonesboro GA,Credit Card,1203,0
T004907,C0080,2026-03-17,23:32,Home Depot,266.96,Miami FL,Debit Card,1028,0
T004908,C0019,2026-01-19,11:00,PetSmart,371.5,Jonesboro GA,Debit Card,912,0
T004909,C0010,2026-03-19,11:38,Home Depot,210.01,Jonesboro GA,Credit Card,1723,0
T004910,C0069,2026-02-25,14:02,PetSmart,324.45,Charlotte NC,Credit Card,156,0
T004911,C0049,2026-02-25,12:37,PetSmart,210.37,Marietta GA,Debit Card,106,0
T004912,C0032,2026-01-25,08:34,Starbucks,127.35,Atlanta GA,Debit Card,1456,0
T004913,C0025,2026-01-11,09:58,CVS,411.29,Marietta GA,Credit Card,259,0
T004914,C0066,2026-02-02,22:34,Shell,203.24,Charlotte NC,Credit Card,692,0
T004915,C0044,2026-03-31,15:22,Home Depot,188.91,Savannah GA,Debit Card,344,0
T004916,C0073,2026-01-25,19:38,Best Buy,42.04,Atlanta GA,Debit Card,966,0
T004917,C0033,2026-02-27,23:12,Publix,162.1,Savannah GA,Credit Card,1361,0
T004918,C0065,2026-02-12,17:25,PetSmart,330.08,Charlotte NC,Credit Card,1986,0
T004919,C0055,2026-01-27,23:45,CVS,330.24,Savannah GA,Credit Card,1679,0
T004920,C0074,2026-01-09,20:41,Publix,333.83,Charlotte NC,Debit Card,1123,0
T004921,C0019,2026-03-30,09:38,Publix,452.46,Charlotte NC,Debit Card,1288,0
T004922,C0096,2026-02-24,15:40,CVS,68.81,Atlanta GA,Debit Card,993,0
T004923,C0054,2026-03-29,23:18,Starbucks,199.7,Miami FL,Credit Card,311,0
T004924,C0056,2026-03-17,20:12,Home Depot,245.2,Jonesboro GA,Credit Card,919,0
T004925,C0062,2026-01-01,10:41,CVS,49.78,Charlotte NC,Credit Card,1935,0
T004926,C0064,2026-03-21,16:54,Target,341.44,Miami FL,Credit Card,1505,0
T004927,C0095,2026-03-26,20:10,Starbucks,272.31,Atlanta GA,Credit Card,236,0
T004928,C0017,2026-03-23,14:57,Target,288.2,Jonesboro GA,Credit Card,750,0
T004929,C0094,2026-02-04,19:44,Best Buy,408.68,Marietta GA,Debit Card,404,0
T004930,C0020,2026-02-22,12:40,Walmart,171.61,Atlanta GA,Debit Card,1651,0
T004931,C0031,2026-01-20,15:12,CVS,23.05,Marietta GA,Debit Card,1528,0
T004932,C0017,2026-03-10,08:17,Best Buy,124.09,Marietta GA,Debit Card,59,0
T004933,C0031,2026-03-18,22:53,Walmart,160.37,Charlotte NC,Debit Card,611,0
T004934,C0009,2026-02-06,22:19,Shell,74.87,Marietta GA,Credit Card,418,0
T004935,C0097,2026-01-02,12:47,Publix,143.61,Atlanta GA,Debit Card,1805,0
T004936,C0032,2026-03-23,20:01,Starbucks,428.21,Miami FL,Credit Card,316,0
T004937,C0034,2026-01-26,08:01,Shell,464.3,Atlanta GA,Debit Card,1888,0
T004938,C0080,2026-03-13,11:15,Walmart,52.62,Savannah GA,Debit Card,1417,0
T004939,C0043,2026-03-24,13:31,Amazon,239.98,Marietta GA,Debit Card,923,0
T004940,C0046,2026-02-26,10:28,Publix,201.93,Jonesboro GA,Debit Card,761,0
T004941,C0061,2026-01-14,15:29,Amazon,158.44,Jonesboro GA,Debit Card,1950,0
T004942,C0013,2026-02-13,13:37,Starbucks,216.86,Savannah GA,Debit Card,474,0
T004943,C0099,2026-01-23,20:45,CVS,305.57,Charlotte NC,Credit Card,134,0
T004944,C0018,2026-01-13,12:56,Target,467.2,Jonesboro GA,Credit Card,551,0
T004945,C0029,2026-03-02,23:39,Amazon,221.15,Miami FL,Credit Card,1348,0
T004946,C0043,2026-03-02,12:13,Home Depot,407.12,Marietta GA,Debit Card,1473,0
T004947,C0073,2026-01-15,09:09,Target,114.42,Marietta GA,Credit Card,934,0
T004948,C0045,2026-03-27,08:18,CVS,160.95,Marietta GA,Debit Card,1672,0
T004949,C0024,2026-03-28,11:11,Target,213.6,Charlotte NC,Credit Card,98,0
T004950,C0091,2026-01-06,06:45,Best Buy,301.03,Charlotte NC,Debit Card,595,0
T004951,C0033,2026-02-20,14:18,Amazon,438.89,Savannah GA,Debit Card,544,0
T004952,C0027,2026-02-02,10:10,Starbucks,296.18,Charlotte NC,Debit Card,1443,0
T004953,C0098,2026-01-20,11:58,Walmart,234.38,Charlotte NC,Credit Card,1851,0
T004954,C0057,2026-03-01,22:03,Best Buy,162.97,Charlotte NC,Credit Card,1765,0
T004955,C0081,2026-01-14,07:38,Home Depot,335.98,Savannah GA,Debit Card,1905,0
T004956,C0028,2026-01-02,07:37,Amazon,112.93,Miami FL,Debit Card,118,0
T004957,C0008,2026-02-24,21:59,Best Buy,174.34,Marietta GA,Credit Card,943,0
T004958,C0043,2026-01-16,21:10,Shell,278.01,Savannah GA,Debit Card,1162,0
T004959,C0085,2026-02-05,19:40,Shell,124.46,Savannah GA,Credit Card,473,0
T004960,C0029,2026-02-15,19:54,Starbucks,410.92,Charlotte NC,Debit Card,1799,0
T004961,C0068,2026-02-22,12:21,Shell,151.86,Atlanta GA,Debit Card,277,0
T004962,C0060,2026-01-09,22:23,Publix,160.22,Savannah GA,Credit Card,251,0
T004963,C0094,2026-03-14,17:58,PetSmart,182.69,Savannah GA,Debit Card,1217,0
T004964,C0053,2026-03-23,13:45,Publix,25.68,Savannah GA,Credit Card,478,0
T004965,C0058,2026-02-20,14:33,Publix,286.84,Marietta GA,Credit Card,554,0
T004966,C0082,2026-01-24,10:20,Starbucks,284.16,Atlanta GA,Credit Card,219,0
T004967,C0094,2026-03-17,17:53,Shell,242.58,Jonesboro GA,Debit Card,1505,0
T004968,C0026,2026-02-20,19:02,PetSmart,118.78,Charlotte NC,Credit Card,589,0
T004969,C0009,2026-01-08,11:39,Shell,156.91,Marietta GA,Debit Card,1763,0
T004970,C0061,2026-03-04,10:11,Walmart,114.24,Miami FL,Credit Card,1239,0
T004971,C0072,2026-01-26,17:40,Starbucks,311.87,Atlanta GA,Credit Card,1580,0
T004972,C0020,2026-01-22,17:02,Shell,305.02,Charlotte NC,Credit Card,208,0
T004973,C0092,2026-03-13,14:01,Shell,449.4,Miami FL,Debit Card,973,0
T004974,C0056,2026-03-11,20:34,CVS,303.71,Jonesboro GA,Credit Card,1942,0
T004975,C0028,2026-03-21,06:03,Shell,231.66,Savannah GA,Debit Card,1977,0
T004976,C0057,2026-02-25,18:24,Home Depot,155.21,Marietta GA,Debit Card,1274,0
T004977,C0040,2026-01-01,15:13,Home Depot,465.0,Marietta GA,Debit Card,1090,0
T004978,C0053,2026-01-03,22:20,Home Depot,453.18,Marietta GA,Debit Card,716,0
T004979,C0075,2026-03-03,11:24,Starbucks,86.76,Jonesboro GA,Debit Card,808,0
T004980,C0073,2026-01-21,21:15,Starbucks,167.06,Marietta GA,Credit Card,1324,0
T004981,C0039,2026-01-08,14:29,Best Buy,239.42,Miami FL,Credit Card,392,0
T004982,C0025,2026-02-25,19:25,Amazon,438.24,Jonesboro GA,Debit Card,245,0
T004983,C0006,2026-02-19,08:34,Publix,301.75,Atlanta GA,Debit Card,128,0
T004984,C0049,2026-03-12,18:48,Home Depot,253.57,Savannah GA,Credit Card,1543,0
T004985,C0096,2026-03-20,11:17,Home Depot,471.61,Charlotte NC,Debit Card,543,0
T004986,C0078,2026-03-25,17:05,Shell,341.69,Atlanta GA,Credit Card,1095,0
T004987,C0055,2026-01-12,13:42,CVS,211.46,Charlotte NC,Debit Card,643,0
T004988,C0035,2026-01-31,09:34,Walmart,349.22,Miami FL,Credit Card,537,0
T004989,C0070,2026-01-25,14:30,Walmart,291.75,Atlanta GA,Debit Card,891,0
T004990,C0075,2026-03-05,13:40,Target,249.51,Marietta GA,Credit Card,1279,0
T004991,C0071,2026-01-04,08:24,Walmart,84.17,Atlanta GA,Credit Card,470,0
T004992,C0013,2026-03-22,10:15,Home Depot,20.38,Jonesboro GA,Credit Card,1217,0
T004993,C0013,2026-01-25,13:52,Publix,41.23,Marietta GA,Credit Card,1721,0
T004994,C0051,2026-01-01,23:11,Amazon,149.09,Charlotte NC,Credit Card,192,0
T004995,C0022,2026-03-12,19:30,PetSmart,125.98,Atlanta GA,Credit Card,413,0
T004996,C0005,2026-02-01,09:42,Target,304.18,Marietta GA,Debit Card,1613,0
T004997,C0059,2026-03-15,06:00,PetSmart,202.43,Charlotte NC,Debit Card,1461,0
T004998,C0001,2026-02-18,16:53,Target,475.85,Charlotte NC,Credit Card,1995,0
T004999,C0028,2026-02-02,12:50,Starbucks,267.15,Jonesboro GA,Debit Card,1799,0
T005000,C0066,2026-02-10,15:46,PetSmart,457.01,Atlanta GA,Debit Card,1039,0
T005001,C0039,2026-03-22,07:57,Best Buy,61.22,Miami FL,Credit Card,1495,0
T005002,C0089,2026-01-19,23:11,Home Depot,71.02,Savannah GA,Credit Card,1885,0
T005003,C0005,2026-03-26,22:00,Shell,313.51,Atlanta GA,Credit Card,1793,0
T005004,C0070,2026-01-27,11:07,Amazon,93.47,Jonesboro GA,Credit Card,809,0
T005005,C0086,2026-01-28,11:16,Walmart,431.25,Atlanta GA,Debit Card,1459,0
T005006,C0010,2026-02-14,11:45,Home Depot,343.2,Marietta GA,Credit Card,953,0
T005007,C0050,2026-01-06,11:05,Starbucks,329.49,Jonesboro GA,Credit Card,481,0
T005008,C0015,2026-02-07,11:33,Target,284.18,Savannah GA,Debit Card,1984,0
T005009,C0096,2026-01-04,09:47,Amazon,249.58,Marietta GA,Debit Card,1581,0
T005010,C0011,2026-02-25,20:50,Best Buy,60.91,Savannah GA,Credit Card,1728,0
T005011,C0095,2026-01-01,11:20,Home Depot,476.78,Savannah GA,Credit Card,226,0
T005012,C0043,2026-01-22,19:28,Amazon,437.96,Miami FL,Debit Card,508,0
T005013,C0100,2026-03-15,15:05,Walmart,25.19,Marietta GA,Credit Card,1019,0
T005014,C0088,2026-03-28,06:23,Publix,145.04,Marietta GA,Credit Card,1651,0
T005015,C0026,2026-01-08,16:01,Target,390.76,Miami FL,Debit Card,946,0
T005016,C0042,2026-01-21,23:18,Publix,253.39,Atlanta GA,Debit Card,875,0
T005017,C0063,2026-03-06,14:27,PetSmart,391.93,Atlanta GA,Credit Card,955,0
T005018,C0079,2026-01-30,06:41,PetSmart,281.77,Atlanta GA,Credit Card,950,0
T005019,C0051,2026-02-13,22:14,Shell,416.24,Charlotte NC,Debit Card,689,0
T005020,C0042,2026-02-26,11:29,Walmart,451.87,Atlanta GA,Debit Card,1343,0
T005021,C0077,2026-03-14,06:07,PetSmart,276.51,Marietta GA,Credit Card,1764,0
T005022,C0089,2026-01-14,08:48,Home Depot,10.39,Marietta GA,Credit Card,352,0
T005023,C0009,2026-01-26,18:34,Amazon,216.45,Jonesboro GA,Credit Card,93,0
T005024,C0010,2026-01-23,15:02,CVS,185.12,Miami FL,Credit Card,851,0
T005025,C0041,2026-02-04,21:51,Target,320.83,Atlanta GA,Debit Card,189,0
T005026,C0093,2026-02-04,23:22,Target,335.81,Savannah GA,Credit Card,1953,0
T005027,C0057,2026-03-22,08:10,CVS,476.3,Savannah GA,Debit Card,1861,0
T005028,C0033,2026-02-08,23:43,Walmart,157.41,Savannah GA,Credit Card,194,0
T005029,C0032,2026-01-16,09:48,Home Depot,290.89,Charlotte NC,Credit Card,1973,0
T005030,C0036,2026-03-30,18:29,Publix,252.42,Charlotte NC,Debit Card,929,0
T005031,C0054,2026-03-14,18:47,Target,68.98,Miami FL,Debit Card,89,0
T005032,C0013,2026-02-27,19:19,PetSmart,396.12,Atlanta GA,Credit Card,708,0
T005033,C0010,2026-01-20,12:35,PetSmart,68.82,Savannah GA,Credit Card,38,0
T005034,C0033,2026-01-21,20:29,Publix,228.8,Marietta GA,Debit Card,1375,0
T005035,C0018,2026-02-15,11:34,Publix,34.36,Marietta GA,Credit Card,578,0
T005036,C0068,2026-02-16,22:31,CVS,393.0,Miami FL,Debit Card,387,0
T005037,C0059,2026-02-13,21:57,Starbucks,111.41,Miami FL,Credit Card,1431,0
T005038,C0081,2026-03-20,13:36,Walmart,19.86,Marietta GA,Debit Card,1060,0
T005039,C0052,2026-02-06,23:18,Best Buy,384.07,Marietta GA,Debit Card,575,0
T005040,C0018,2026-02-20,17:08,PetSmart,162.95,Marietta GA,Credit Card,1484,0
T005041,C0031,2026-02-21,11:50,CVS,332.45,Atlanta GA,Debit Card,348,0
T005042,C0061,2026-02-09,06:24,Amazon,416.07,Jonesboro GA,Credit Card,1321,0
T005043,C0021,2026-02-01,14:49,Walmart,214.94,Atlanta GA,Debit Card,151,0
T005044,C0015,2026-02-20,12:16,Shell,50.47,Charlotte NC,Credit Card,1836,0
T005045,C0089,2026-01-22,22:35,Publix,109.83,Marietta GA,Debit Card,889,0
T005046,C0024,2026-02-06,14:17,Amazon,232.39,Marietta GA,Debit Card,775,0
T005047,C0047,2026-02-07,10:05,Target,105.68,Charlotte NC,Debit Card,188,0
T005048,C0014,2026-02-03,15:36,PetSmart,445.26,Jonesboro GA,Debit Card,710,0
T005049,C0062,2026-03-10,15:11,Shell,317.73,Marietta GA,Credit Card,1783,0
T005050,C0081,2026-02-16,08:10,Shell,255.31,Savannah GA,Credit Card,1308,0
T005051,C0015,2026-03-24,11:57,Target,377.45,Savannah GA,Debit Card,545,0
T005052,C0085,2026-03-06,20:11,Best Buy,295.38,Jonesboro GA,Credit Card,548,0
T005053,C0057,2026-03-21,22:56,Amazon,327.65,Jonesboro GA,Credit Card,1045,0
T005054,C0048,2026-01-01,07:29,CVS,123.73,Atlanta GA,Debit Card,677,0
T005055,C0016,2026-01-29,14:30,Shell,399.48,Jonesboro GA,Credit Card,1839,0
T005056,C0073,2026-03-01,23:10,Starbucks,29.11,Charlotte NC,Credit Card,562,0
T005057,C0042,2026-01-12,10:16,Amazon,363.49,Atlanta GA,Credit Card,858,0
T005058,C0039,2026-03-29,18:10,Amazon,269.86,Charlotte NC,Debit Card,661,0
T005059,C0027,2026-03-22,19:00,Walmart,460.85,Charlotte NC,Credit Card,901,0
T005060,C0054,2026-02-18,19:15,CVS,364.07,Savannah GA,Credit Card,1565,0
T005061,C0058,2026-01-19,08:33,Shell,441.07,Miami FL,Credit Card,1899,0
T005062,C0063,2026-01-02,19:04,CVS,195.95,Charlotte NC,Credit Card,1769,0
T005063,C0099,2026-01-02,09:06,Shell,178.25,Savannah GA,Credit Card,1874,0
T005064,C0022,2026-01-25,08:26,Publix,364.94,Atlanta GA,Credit Card,120,0
T005065,C0001,2026-03-03,11:35,Shell,455.63,Atlanta GA,Credit Card,1931,0
T005066,C0080,2026-01-15,11:03,Home Depot,321.24,Savannah GA,Credit Card,1164,0
T005067,C0051,2026-01-05,20:39,Target,74.8,Jonesboro GA,Debit Card,839,0
T005068,C0098,2026-02-03,11:02,Best Buy,255.1,Miami FL,Debit Card,1937,0
T005069,C0008,2026-02-04,10:16,Target,142.74,Jonesboro GA,Credit Card,833,0
T005070,C0002,2026-03-10,19:04,PetSmart,88.94,Marietta GA,Debit Card,1501,0
T005071,C0046,2026-02-11,14:29,CVS,261.82,Jonesboro GA,Credit Card,692,0
T005072,C0085,2026-03-04,22:10,PetSmart,110.6,Charlotte NC,Debit Card,1244,0
T005073,C0030,2026-03-15,21:42,Walmart,251.96,Jonesboro GA,Debit Card,1710,0
T005074,C0077,2026-01-03,21:19,Home Depot,224.57,Marietta GA,Debit Card,1504,0
T005075,C0081,2026-03-19,14:46,Target,295.38,Atlanta GA,Debit Card,1407,0
T005076,C0069,2026-01-30,07:15,Target,387.08,Jonesboro GA,Credit Card,728,0
T005077,C0056,2026-03-22,19:39,Walmart,384.91,Marietta GA,Debit Card,1325,0
T005078,C0050,2026-02-23,12:22,Best Buy,428.02,Charlotte NC,Credit Card,659,0
T005079,C0087,2026-02-11,08:51,PetSmart,453.84,Savannah GA,Credit Card,381,0
T005080,C0012,2026-01-22,10:24,Walmart,69.12,Atlanta GA,Debit Card,666,0
T005081,C0084,2026-01-17,14:22,Shell,438.84,Atlanta GA,Credit Card,1222,0
T005082,C0038,2026-03-19,13:20,Walmart,491.42,Miami FL,Debit Card,860,0
T005083,C0048,2026-03-24,13:30,Amazon,401.55,Jonesboro GA,Credit Card,1612,0
T005084,C0059,2026-02-23,17:49,CVS,412.36,Jonesboro GA,Credit Card,1615,0
T005085,C0042,2026-02-02,23:51,PetSmart,438.36,Marietta GA,Debit Card,1564,0
T005086,C0094,2026-01-22,11:21,Publix,168.48,Charlotte NC,Credit Card,1951,0
T005087,C0096,2026-03-17,07:05,Home Depot,231.69,Jonesboro GA,Debit Card,1381,0
T005088,C0063,2026-03-17,11:39,Publix,426.7,Marietta GA,Credit Card,590,0
T005089,C0073,2026-03-21,18:31,Best Buy,108.47,Jonesboro GA,Credit Card,551,0
T005090,C0087,2026-01-29,22:21,CVS,75.39,Miami FL,Credit Card,581,0
T005091,C0005,2026-01-12,16:36,PetSmart,282.33,Atlanta GA,Credit Card,1493,0
T005092,C0011,2026-02-10,21:56,Starbucks,210.35,Jonesboro GA,Credit Card,685,0
T005093,C0029,2026-01-26,21:24,Home Depot,355.05,Jonesboro GA,Credit Card,1474,0
T005094,C0032,2026-02-09,10:46,Publix,211.53,Marietta GA,Debit Card,919,0
T005095,C0096,2026-02-15,10:01,Starbucks,34.48,Atlanta GA,Debit Card,844,0
T005096,C0032,2026-03-09,21:33,Amazon,42.73,Jonesboro GA,Debit Card,1045,0
T005097,C0025,2026-02-14,12:42,PetSmart,327.1,Marietta GA,Credit Card,477,0
T005098,C0089,2026-03-20,08:30,Home Depot,55.69,Atlanta GA,Debit Card,204,0
T005099,C0050,2026-03-28,13:03,Walmart,492.78,Marietta GA,Credit Card,1063,0
T005100,C0048,2026-02-08,13:26,Shell,266.92,Jonesboro GA,Credit Card,1366,0
T005101,C0056,2026-03-22,12:05,Walmart,340.11,Charlotte NC,Credit Card,485,0
T005102,C0061,2026-03-29,08:02,Home Depot,366.92,Miami FL,Credit Card,1218,0
T005103,C0031,2026-02-28,20:29,Best Buy,251.84,Savannah GA,Debit Card,521,0
T005104,C0054,2026-02-14,15:21,Publix,159.02,Savannah GA,Debit Card,1294,0
T005105,C0008,2026-03-31,14:12,Amazon,308.62,Jonesboro GA,Credit Card,763,0
T005106,C0099,2026-03-21,12:36,Target,74.16,Atlanta GA,Credit Card,675,0
T005107,C0048,2026-01-18,12:44,Amazon,270.99,Marietta GA,Credit Card,540,0
T005108,C0025,2026-01-09,15:41,Target,340.96,Marietta GA,Debit Card,1095,0
T005109,C0041,2026-01-19,18:16,Publix,234.93,Charlotte NC,Credit Card,65,0
T005110,C0056,2026-02-06,09:20,Starbucks,195.83,Savannah GA,Credit Card,1324,0
T005111,C0016,2026-01-14,19:18,Shell,221.3,Jonesboro GA,Debit Card,1181,0
T005112,C0032,2026-03-16,20:15,Shell,229.32,Charlotte NC,Credit Card,141,0
T005113,C0023,2026-02-11,21:58,CVS,221.21,Jonesboro GA,Credit Card,375,0
T005114,C0045,2026-02-16,22:39,Starbucks,83.05,Charlotte NC,Credit Card,452,0
T005115,C0059,2026-01-24,23:16,PetSmart,190.25,Atlanta GA,Credit Card,1116,0
T005116,C0099,2026-03-17,15:53,Home Depot,297.91,Miami FL,Credit Card,1265,0
T005117,C0046,2026-01-09,14:20,Target,314.35,Savannah GA,Debit Card,1742,0
T005118,C0051,2026-02-11,10:15,Shell,129.45,Jonesboro GA,Debit Card,1718,0
T005119,C0075,2026-02-17,11:19,Walmart,40.91,Atlanta GA,Debit Card,1817,0
T005120,C0020,2026-02-12,14:31,Home Depot,271.48,Savannah GA,Debit Card,1853,0
T005121,C0002,2026-03-18,17:48,Target,382.24,Miami FL,Debit Card,122,0
T005122,C0016,2026-03-20,13:27,Shell,469.75,Savannah GA,Debit Card,1033,0
T005123,C0019,2026-03-31,06:03,Publix,454.26,Atlanta GA,Credit Card,1663,0
T005124,C0089,2026-01-05,21:15,Shell,233.41,Charlotte NC,Credit Card,582,0
T005125,C0090,2026-01-13,13:42,Best Buy,57.39,Atlanta GA,Credit Card,640,0
T005126,C0002,2026-01-12,18:56,PetSmart,401.94,Miami FL,Credit Card,579,0
T005127,C0045,2026-02-06,11:45,PetSmart,246.46,Jonesboro GA,Credit Card,1059,0
T005128,C0092,2026-03-06,16:58,Amazon,247.49,Marietta GA,Debit Card,214,0
T005129,C0046,2026-03-07,08:22,Walmart,262.93,Savannah GA,Debit Card,764,0
T005130,C0096,2026-02-23,19:05,PetSmart,185.58,Atlanta GA,Debit Card,1790,0
T005131,C0054,2026-03-14,13:26,Best Buy,490.28,Miami FL,Debit Card,1943,0
T005132,C0096,2026-01-02,16:36,Amazon,206.63,Savannah GA,Debit Card,1837,0
T005133,C0048,2026-01-10,13:13,Publix,62.7,Atlanta GA,Debit Card,1232,0
T005134,C0043,2026-02-17,08:32,Best Buy,70.19,Marietta GA,Credit Card,334,0
T005135,C0048,2026-01-17,08:09,Best Buy,38.35,Miami FL,Debit Card,1343,0
T005136,C0091,2026-02-09,23:53,Best Buy,423.6,Miami FL,Debit Card,1586,0
T005137,C0090,2026-03-09,21:36,Best Buy,278.96,Miami FL,Debit Card,1573,0
T005138,C0065,2026-02-24,13:03,CVS,47.21,Savannah GA,Credit Card,741,0
T005139,C0021,2026-01-27,18:36,PetSmart,133.64,Charlotte NC,Credit Card,1822,0
T005140,C0024,2026-01-18,13:00,Starbucks,213.87,Jonesboro GA,Credit Card,1957,0
T005141,C0016,2026-01-02,09:31,Starbucks,205.66,Savannah GA,Debit Card,829,0
T005142,C0027,2026-03-06,19:15,Target,287.48,Miami FL,Credit Card,985,0
T005143,C0088,2026-01-29,18:00,Walmart,335.34,Miami FL,Debit Card,890,0
T005144,C0020,2026-02-14,19:30,Starbucks,209.55,Marietta GA,Credit Card,452,0
T005145,C0083,2026-03-21,15:10,Publix,189.99,Savannah GA,Debit Card,1599,0
T005146,C0078,2026-02-08,06:53,Home Depot,5.92,Jonesboro GA,Credit Card,1483,0
T005147,C0005,2026-01-03,12:48,Amazon,237.04,Charlotte NC,Credit Card,291,0
T005148,C0040,2026-03-30,18:13,Home Depot,155.78,Marietta GA,Debit Card,1562,0
T005149,C0042,2026-02-22,08:07,Starbucks,394.59,Charlotte NC,Credit Card,1170,0
T005150,C0066,2026-03-11,06:43,Starbucks,418.23,Atlanta GA,Credit Card,1756,0
T005151,C0055,2026-03-26,08:35,CVS,483.46,Jonesboro GA,Debit Card,715,0
T005152,C0026,2026-01-21,22:48,Target,51.47,Charlotte NC,Credit Card,190,0
T005153,C0060,2026-01-27,18:27,PetSmart,405.72,Miami FL,Credit Card,818,0
T005154,C0051,2026-03-06,08:41,Amazon,242.68,Savannah GA,Debit Card,534,0
T005155,C0021,2026-01-25,12:43,Best Buy,171.46,Jonesboro GA,Debit Card,1036,0
T005156,C0079,2026-03-18,14:01,Walmart,335.58,Charlotte NC,Credit Card,1735,0
T005157,C0029,2026-03-30,12:42,PetSmart,175.79,Jonesboro GA,Credit Card,1550,0
T005158,C0014,2026-01-17,20:44,Amazon,371.12,Marietta GA,Debit Card,705,0
T005159,C0054,2026-02-01,07:23,PetSmart,28.48,Atlanta GA,Debit Card,854,0
T005160,C0065,2026-01-09,10:44,PetSmart,230.76,Miami FL,Credit Card,1787,0
T005161,C0099,2026-03-21,15:50,Best Buy,145.6,Jonesboro GA,Credit Card,1139,0
T005162,C0078,2026-03-18,22:15,Target,84.19,Miami FL,Debit Card,1069,0
T005163,C0065,2026-02-05,20:28,Starbucks,167.36,Atlanta GA,Credit Card,1047,0
T005164,C0053,2026-01-11,19:54,Shell,126.82,Miami FL,Credit Card,750,0
T005165,C0057,2026-01-22,10:45,Best Buy,256.53,Jonesboro GA,Credit Card,1968,0
T005166,C0097,2026-03-14,06:56,Best Buy,329.99,Atlanta GA,Debit Card,1785,0
T005167,C0017,2026-02-07,12:42,CVS,292.3,Jonesboro GA,Debit Card,1775,0
T005168,C0096,2026-02-22,18:04,Shell,231.72,Charlotte NC,Debit Card,1508,0
T005169,C0031,2026-02-13,06:49,Home Depot,174.91,Miami FL,Debit Card,1538,0
T005170,C0005,2026-02-21,20:32,CVS,299.2,Atlanta GA,Debit Card,414,0
T005171,C0019,2026-03-17,12:24,Amazon,479.84,Miami FL,Debit Card,1682,0
T005172,C0002,2026-03-23,20:01,Target,48.05,Miami FL,Debit Card,880,0
T005173,C0050,2026-02-22,07:45,Target,337.32,Miami FL,Debit Card,1117,0
T005174,C0064,2026-03-27,10:01,Home Depot,72.23,Atlanta GA,Debit Card,1878,0
T005175,C0029,2026-01-21,06:48,Amazon,472.03,Miami FL,Credit Card,1899,0
T005176,C0074,2026-02-24,13:28,CVS,426.95,Savannah GA,Debit Card,365,0
T005177,C0003,2026-02-02,22:14,Amazon,115.65,Charlotte NC,Debit Card,1864,0
T005178,C0049,2026-03-23,09:37,Publix,5.48,Savannah GA,Debit Card,1318,0
T005179,C0090,2026-02-11,21:51,Walmart,331.38,Jonesboro GA,Debit Card,617,0
T005180,C0025,2026-02-10,14:25,CVS,241.77,Savannah GA,Debit Card,1706,0
T005181,C0058,2026-02-02,06:37,Amazon,42.57,Miami FL,Credit Card,1967,0
T005182,C0096,2026-03-25,23:31,Publix,447.66,Jonesboro GA,Debit Card,1558,0
T005183,C0031,2026-01-08,11:21,Walmart,269.23,Jonesboro GA,Debit Card,464,0
T005184,C0013,2026-02-23,10:20,Starbucks,214.1,Miami FL,Credit Card,587,0
T005185,C0064,2026-03-08,07:19,Home Depot,283.96,Atlanta GA,Credit Card,58,0
T005186,C0012,2026-03-19,20:49,Shell,416.83,Savannah GA,Credit Card,1531,0
T005187,C0002,2026-03-27,07:56,Walmart,458.6,Atlanta GA,Credit Card,1924,0
T005188,C0005,2026-02-26,13:40,PetSmart,132.53,Marietta GA,Debit Card,662,0
T005189,C0094,2026-03-15,13:52,PetSmart,423.05,Jonesboro GA,Credit Card,1205,0
T005190,C0082,2026-01-14,22:20,Walmart,56.79,Miami FL,Debit Card,1968,0
T005191,C0074,2026-01-19,09:12,Best Buy,264.22,Savannah GA,Credit Card,1994,0
T005192,C0002,2026-03-11,14:41,Publix,466.59,Jonesboro GA,Credit Card,1653,0
T005193,C0091,2026-03-16,07:12,Starbucks,56.26,Jonesboro GA,Credit Card,1577,0
T005194,C0046,2026-01-22,15:04,CVS,291.02,Jonesboro GA,Credit Card,1721,0
T005195,C0024,2026-03-17,07:46,Publix,312.62,Miami FL,Debit Card,1429,0
T005196,C0030,2026-03-01,18:54,Starbucks,341.29,Marietta GA,Debit Card,911,0
T005197,C0005,2026-01-10,12:49,Best Buy,448.66,Marietta GA,Debit Card,1973,0
T005198,C0040,2026-03-02,23:13,Walmart,284.27,Charlotte NC,Credit Card,1123,0
T005199,C0060,2026-01-13,22:12,Shell,15.57,Jonesboro GA,Credit Card,864,0
T005200,C0031,2026-03-29,20:45,Starbucks,318.65,Charlotte NC,Credit Card,47,0
T005201,C0024,2026-01-01,21:07,Best Buy,257.35,Savannah GA,Credit Card,743,0
T005202,C0040,2026-01-29,09:04,Home Depot,63.02,Atlanta GA,Debit Card,1694,0
T005203,C0061,2026-02-27,18:53,Home Depot,173.85,Savannah GA,Credit Card,956,0
T005204,C0064,2026-03-27,23:35,Target,493.83,Miami FL,Credit Card,1272,0
T005205,C0018,2026-03-09,20:20,Walmart,461.32,Marietta GA,Credit Card,1676,0
T005206,C0057,2026-01-24,13:43,Shell,254.22,Atlanta GA,Debit Card,1742,0
T005207,C0002,2026-03-04,22:30,Amazon,192.15,Savannah GA,Credit Card,256,0
T005208,C0077,2026-01-23,18:20,Starbucks,332.88,Jonesboro GA,Debit Card,729,0
T005209,C0097,2026-02-06,19:30,PetSmart,462.1,Atlanta GA,Credit Card,1971,0
T005210,C0034,2026-02-27,17:48,Publix,161.6,Atlanta GA,Debit Card,393,0
T005211,C0046,2026-02-08,22:34,PetSmart,486.42,Charlotte NC,Debit Card,329,0
T005212,C0042,2026-03-19,07:45,Starbucks,329.07,Charlotte NC,Debit Card,260,0
T005213,C0067,2026-02-10,19:30,Publix,410.37,Atlanta GA,Credit Card,1859,0
T005214,C0032,2026-02-28,19:18,Amazon,41.91,Miami FL,Debit Card,1537,0
T005215,C0054,2026-02-22,23:00,PetSmart,34.84,Atlanta GA,Debit Card,1276,0
T005216,C0070,2026-03-16,13:16,Amazon,496.28,Miami FL,Credit Card,918,0
T005217,C0042,2026-02-24,07:15,Walmart,163.42,Marietta GA,Debit Card,1917,0
T005218,C0081,2026-03-30,13:54,Shell,191.53,Charlotte NC,Debit Card,453,0
T005219,C0100,2026-03-21,17:08,Home Depot,125.88,Miami FL,Credit Card,601,0
T005220,C0099,2026-02-10,16:46,Publix,172.81,Savannah GA,Credit Card,993,0
T005221,C0068,2026-01-01,12:51,Starbucks,270.03,Savannah GA,Credit Card,370,0
T005222,C0035,2026-03-27,22:47,Starbucks,191.88,Savannah GA,Credit Card,1405,0
T005223,C0050,2026-03-01,14:30,Starbucks,292.1,Charlotte NC,Debit Card,885,0
T005224,C0093,2026-03-29,23:22,Starbucks,17.17,Marietta GA,Debit Card,1364,0
T005225,C0036,2026-03-30,11:26,PetSmart,377.29,Miami FL,Debit Card,1108,0
T005226,C0013,2026-01-20,11:46,CVS,399.28,Marietta GA,Credit Card,1201,0
T005227,C0036,2026-03-31,13:08,Target,466.91,Charlotte NC,Credit Card,1075,0
T005228,C0097,2026-03-29,14:55,Walmart,177.52,Savannah GA,Credit Card,1529,0
T005229,C0013,2026-02-05,08:53,Home Depot,174.15,Jonesboro GA,Debit Card,1134,0
T005230,C0079,2026-01-01,07:56,Starbucks,47.34,Jonesboro GA,Credit Card,505,0
T005231,C0045,2026-01-21,22:09,Best Buy,105.5,Marietta GA,Credit Card,912,0
T005232,C0061,2026-01-02,15:28,Amazon,436.18,Jonesboro GA,Debit Card,1216,0
T005233,C0097,2026-02-24,22:37,Home Depot,224.3,Savannah GA,Debit Card,1491,0
T005234,C0056,2026-02-16,07:33,Starbucks,78.14,Atlanta GA,Credit Card,885,0
T005235,C0023,2026-03-22,12:19,Home Depot,196.04,Savannah GA,Debit Card,927,0
T005236,C0050,2026-03-15,11:54,Walmart,109.4,Charlotte NC,Credit Card,770,0
T005237,C0070,2026-03-27,12:25,PetSmart,200.55,Marietta GA,Debit Card,458,0
T005238,C0010,2026-03-12,15:24,Best Buy,13.14,Marietta GA,Credit Card,115,0
T005239,C0014,2026-01-20,22:49,PetSmart,483.89,Marietta GA,Debit Card,59,0
T005240,C0031,2026-01-07,22:52,Amazon,159.24,Charlotte NC,Debit Card,1688,0
T005241,C0037,2026-02-25,13:16,PetSmart,317.69,Jonesboro GA,Credit Card,1777,0
T005242,C0084,2026-01-13,07:45,Amazon,118.23,Charlotte NC,Credit Card,1977,0
T005243,C0089,2026-02-18,19:11,Target,121.26,Savannah GA,Debit Card,1569,0
T005244,C0019,2026-02-09,08:18,Home Depot,419.36,Jonesboro GA,Debit Card,1566,0
T005245,C0001,2026-02-18,10:10,Home Depot,229.59,Charlotte NC,Debit Card,1863,0
T005246,C0074,2026-03-07,15:33,Publix,318.76,Atlanta GA,Credit Card,904,0
T005247,C0011,2026-03-26,07:11,Walmart,374.99,Savannah GA,Debit Card,1804,0
T005248,C0050,2026-03-23,09:28,Walmart,297.61,Jonesboro GA,Debit Card,566,0
T005249,C0079,2026-02-18,10:57,Publix,454.96,Marietta GA,Credit Card,669,0
T005250,C0036,2026-03-04,23:34,Target,197.49,Atlanta GA,Debit Card,619,0
T005251,C0041,2026-02-25,17:03,PetSmart,455.04,Marietta GA,Credit Card,1821,0
T005252,C0023,2026-03-15,12:22,Shell,388.22,Marietta GA,Credit Card,574,0
T005253,C0096,2026-01-09,06:43,Shell,42.75,Atlanta GA,Debit Card,980,0
T005254,C0097,2026-02-01,06:22,Starbucks,16.87,Miami FL,Debit Card,1338,0
T005255,C0096,2026-02-02,23:21,Walmart,225.03,Savannah GA,Debit Card,509,0
T005256,C0029,2026-02-02,20:36,Amazon,383.16,Atlanta GA,Debit Card,1587,0
T005257,C0041,2026-03-12,11:18,Publix,89.5,Jonesboro GA,Credit Card,1573,0
T005258,C0098,2026-01-24,22:42,CVS,7.86,Marietta GA,Credit Card,1874,0
T005259,C0071,2026-03-17,17:08,Target,28.54,Jonesboro GA,Credit Card,256,0
T005260,C0057,2026-01-21,19:38,Best Buy,64.5,Miami FL,Credit Card,910,0
T005261,C0022,2026-03-03,13:45,Publix,380.83,Atlanta GA,Debit Card,308,0
T005262,C0036,2026-02-07,13:03,CVS,444.26,Atlanta GA,Credit Card,535,0
T005263,C0089,2026-01-22,21:16,Starbucks,372.23,Jonesboro GA,Credit Card,1259,0
T005264,C0051,2026-02-06,15:03,Starbucks,255.39,Marietta GA,Credit Card,1583,0
T005265,C0087,2026-01-27,14:09,Amazon,180.62,Savannah GA,Debit Card,1756,0
T005266,C0094,2026-01-04,22:26,Home Depot,99.58,Jonesboro GA,Credit Card,1341,0
T005267,C0033,2026-01-17,07:32,Target,329.4,Jonesboro GA,Debit Card,683,0
T005268,C0003,2026-03-07,21:42,Publix,468.99,Atlanta GA,Debit Card,246,0
T005269,C0043,2026-01-17,12:29,CVS,63.37,Atlanta GA,Debit Card,1029,0
T005270,C0022,2026-02-06,14:30,Target,244.23,Atlanta GA,Credit Card,1202,0
T005271,C0089,2026-03-02,09:31,Amazon,347.45,Miami FL,Credit Card,1954,0
T005272,C0033,2026-02-15,18:33,Walmart,356.46,Atlanta GA,Credit Card,1421,0
T005273,C0065,2026-03-04,12:30,Shell,168.13,Miami FL,Debit Card,631,0
T005274,C0100,2026-01-01,20:08,Shell,205.41,Miami FL,Debit Card,478,0
T005275,C0051,2026-03-02,14:06,Best Buy,384.91,Charlotte NC,Credit Card,333,0
T005276,C0001,2026-03-08,12:32,Home Depot,100.52,Atlanta GA,Credit Card,1339,0
T005277,C0020,2026-01-28,13:49,Publix,7.35,Marietta GA,Debit Card,777,0
T005278,C0015,2026-02-12,21:28,Best Buy,200.98,Atlanta GA,Credit Card,794,0
T005279,C0017,2026-01-07,12:42,Best Buy,473.84,Savannah GA,Debit Card,1546,0
T005280,C0013,2026-01-09,20:20,Best Buy,237.59,Marietta GA,Debit Card,336,0
T005281,C0034,2026-03-04,18:56,Home Depot,172.46,Atlanta GA,Credit Card,578,0
T005282,C0021,2026-01-29,06:13,CVS,379.15,Miami FL,Credit Card,1988,0
T005283,C0080,2026-03-31,18:02,Publix,72.15,Marietta GA,Debit Card,1098,0
T005284,C0084,2026-03-13,20:56,Home Depot,94.52,Jonesboro GA,Credit Card,514,0
T005285,C0038,2026-03-19,21:53,Walmart,130.71,Atlanta GA,Credit Card,1504,0
T005286,C0039,2026-01-26,20:54,PetSmart,365.12,Jonesboro GA,Debit Card,978,0
T005287,C0005,2026-02-23,20:34,Shell,290.08,Miami FL,Credit Card,168,0
T005288,C0078,2026-02-13,21:28,Shell,488.45,Jonesboro GA,Debit Card,507,0
T005289,C0079,2026-03-29,14:01,Best Buy,333.35,Atlanta GA,Credit Card,732,0
T005290,C0061,2026-03-08,06:18,Amazon,461.64,Savannah GA,Credit Card,1689,0
T005291,C0015,2026-02-05,12:02,PetSmart,314.33,Jonesboro GA,Debit Card,1000,0
T005292,C0092,2026-01-09,19:59,Starbucks,332.57,Atlanta GA,Debit Card,1210,0
T005293,C0076,2026-01-24,13:26,Target,255.62,Savannah GA,Debit Card,536,0
T005294,C0040,2026-02-12,20:35,Target,135.53,Atlanta GA,Credit Card,1908,0
T005295,C0092,2026-02-19,16:51,Best Buy,470.74,Savannah GA,Credit Card,1007,0
T005296,C0089,2026-01-19,09:10,Starbucks,278.85,Miami FL,Credit Card,1769,0
T005297,C0063,2026-01-22,14:36,Home Depot,456.34,Miami FL,Debit Card,1986,0
T005298,C0087,2026-03-09,15:06,CVS,17.79,Atlanta GA,Debit Card,1502,0
T005299,C0090,2026-01-25,20:45,Publix,438.46,Charlotte NC,Debit Card,494,0
T005300,C0008,2026-01-27,09:33,Shell,450.1,Marietta GA,Debit Card,687,0
T005301,C0048,2026-01-16,19:48,CVS,15.79,Savannah GA,Debit Card,1304,0
T005302,C0033,2026-02-09,06:00,Shell,139.14,Miami FL,Credit Card,151,0
T005303,C0096,2026-01-06,10:15,Shell,187.95,Atlanta GA,Debit Card,1615,0
T005304,C0016,2026-01-06,20:49,Walmart,159.61,Charlotte NC,Debit Card,1273,0
T005305,C0063,2026-01-21,11:46,Starbucks,264.41,Miami FL,Debit Card,1180,0
T005306,C0065,2026-01-27,14:16,Publix,81.17,Charlotte NC,Debit Card,1235,0
T005307,C0092,2026-02-17,09:51,PetSmart,448.58,Miami FL,Credit Card,1776,0
T005308,C0083,2026-02-22,16:17,CVS,407.16,Savannah GA,Credit Card,942,0
T005309,C0094,2026-03-31,13:42,Publix,418.98,Miami FL,Debit Card,1021,0
T005310,C0009,2026-03-17,10:22,Walmart,97.82,Charlotte NC,Debit Card,1356,0
T005311,C0092,2026-03-05,20:07,CVS,348.13,Atlanta GA,Debit Card,1173,0
T005312,C0042,2026-03-23,09:30,Amazon,6.0,Charlotte NC,Debit Card,622,0
T005313,C0029,2026-01-21,17:24,Walmart,481.69,Jonesboro GA,Credit Card,1983,0
T005314,C0008,2026-01-13,19:43,Walmart,104.48,Jonesboro GA,Credit Card,842,0
T005315,C0064,2026-01-01,20:07,PetSmart,242.75,Jonesboro GA,Credit Card,348,0
T005316,C0058,2026-02-25,12:47,CVS,55.78,Charlotte NC,Debit Card,1990,0
T005317,C0042,2026-03-31,20:10,Walmart,93.33,Savannah GA,Debit Card,1196,0
T005318,C0093,2026-03-12,09:31,CVS,109.28,Atlanta GA,Debit Card,1890,0
T005319,C0093,2026-01-22,20:02,Best Buy,72.07,Savannah GA,Debit Card,324,0
T005320,C0095,2026-02-20,13:36,Publix,475.62,Jonesboro GA,Credit Card,166,0
T005321,C0041,2026-03-03,10:21,Home Depot,139.99,Jonesboro GA,Debit Card,887,0
T005322,C0007,2026-03-07,11:41,Shell,494.47,Savannah GA,Debit Card,121,0
T005323,C0088,2026-01-14,16:45,Amazon,198.44,Savannah GA,Credit Card,1659,0
T005324,C0090,2026-01-09,13:16,Publix,199.47,Atlanta GA,Credit Card,90,0
T005325,C0090,2026-01-18,10:50,CVS,51.33,Savannah GA,Credit Card,1608,0
T005326,C0087,2026-02-25,18:20,Walmart,195.02,Charlotte NC,Debit Card,616,0
T005327,C0084,2026-01-23,14:10,Walmart,369.26,Jonesboro GA,Credit Card,1314,0
T005328,C0084,2026-02-05,13:21,Target,489.03,Charlotte NC,Debit Card,488,0
T005329,C0090,2026-03-01,23:42,Starbucks,457.18,Miami FL,Debit Card,54,0
T005330,C0047,2026-03-08,07:21,Home Depot,488.12,Atlanta GA,Credit Card,957,0
T005331,C0029,2026-02-26,23:48,Starbucks,192.19,Atlanta GA,Credit Card,1945,0
T005332,C0084,2026-02-17,10:26,Home Depot,181.66,Savannah GA,Debit Card,255,0
T005333,C0041,2026-02-14,17:31,Target,10.51,Atlanta GA,Debit Card,47,0
T005334,C0047,2026-02-21,23:31,Starbucks,22.88,Miami FL,Debit Card,1851,0
T005335,C0035,2026-02-13,23:37,Shell,387.36,Atlanta GA,Credit Card,918,0
T005336,C0084,2026-02-21,13:20,Starbucks,300.37,Jonesboro GA,Debit Card,912,0
T005337,C0004,2026-02-14,08:23,Walmart,170.69,Savannah GA,Credit Card,208,0
T005338,C0062,2026-03-16,12:30,CVS,42.4,Savannah GA,Debit Card,1827,0
T005339,C0067,2026-01-23,20:51,Shell,112.85,Miami FL,Debit Card,435,0
T005340,C0035,2026-03-21,21:27,Shell,336.17,Jonesboro GA,Credit Card,1438,0
T005341,C0021,2026-01-12,18:17,Target,211.35,Marietta GA,Debit Card,1429,0
T005342,C0049,2026-02-25,16:15,Target,469.56,Jonesboro GA,Credit Card,339,0
T005343,C0019,2026-02-27,07:47,Starbucks,451.96,Charlotte NC,Debit Card,1415,0
T005344,C0066,2026-03-30,09:10,Target,138.54,Atlanta GA,Credit Card,1223,0
T005345,C0093,2026-03-13,14:15,PetSmart,26.56,Atlanta GA,Debit Card,946,0
T005346,C0099,2026-02-21,22:07,Shell,405.7,Miami FL,Credit Card,1028,0
T005347,C0097,2026-03-08,06:20,CVS,365.27,Marietta GA,Credit Card,1084,0
T005348,C0070,2026-03-25,22:02,CVS,168.2,Miami FL,Credit Card,1149,0
T005349,C0016,2026-01-04,16:02,Shell,112.23,Atlanta GA,Credit Card,1162,0
T005350,C0095,2026-01-29,16:41,Target,172.86,Charlotte NC,Credit Card,1091,0
T005351,C0093,2026-01-14,13:04,Best Buy,319.21,Miami FL,Credit Card,229,0
T005352,C0053,2026-01-18,08:10,Best Buy,211.92,Miami FL,Debit Card,1898,0
T005353,C0038,2026-01-19,22:07,Best Buy,389.01,Savannah GA,Debit Card,335,0
T005354,C0091,2026-01-21,07:29,Publix,201.29,Miami FL,Credit Card,1705,0
T005355,C0035,2026-03-30,16:38,CVS,294.47,Miami FL,Debit Card,183,0
T005356,C0023,2026-01-29,08:46,Best Buy,5.24,Atlanta GA,Credit Card,1757,0
T005357,C0034,2026-02-15,21:45,Best Buy,484.47,Jonesboro GA,Debit Card,1876,0
T005358,C0016,2026-03-07,09:13,Best Buy,248.03,Savannah GA,Debit Card,76,0
T005359,C0037,2026-02-08,13:59,CVS,425.44,Miami FL,Debit Card,1056,0
T005360,C0073,2026-02-15,07:33,Best Buy,201.98,Jonesboro GA,Credit Card,819,0
T005361,C0019,2026-01-17,10:54,CVS,398.18,Jonesboro GA,Credit Card,493,0
T005362,C0003,2026-03-12,21:24,PetSmart,447.21,Marietta GA,Debit Card,551,0
T005363,C0013,2026-03-27,17:52,Starbucks,446.84,Savannah GA,Credit Card,1749,0
T005364,C0100,2026-02-20,09:32,Publix,163.69,Savannah GA,Debit Card,1557,0
T005365,C0002,2026-02-09,07:33,Publix,290.42,Miami FL,Credit Card,479,0
T005366,C0048,2026-03-28,21:32,Shell,421.0,Charlotte NC,Debit Card,1116,0
T005367,C0046,2026-01-02,19:39,CVS,296.81,Miami FL,Credit Card,814,0
T005368,C0048,2026-03-27,19:51,Best Buy,93.0,Miami FL,Credit Card,320,0
T005369,C0059,2026-02-23,23:15,Best Buy,73.73,Charlotte NC,Credit Card,199,0
T005370,C0023,2026-01-16,23:13,PetSmart,453.36,Jonesboro GA,Credit Card,1285,0
T005371,C0095,2026-03-23,21:53,CVS,482.8,Charlotte NC,Debit Card,1178,0
T005372,C0096,2026-01-03,08:55,Walmart,447.54,Marietta GA,Credit Card,960,0
T005373,C0064,2026-03-14,15:23,Target,213.14,Charlotte NC,Credit Card,1806,0
T005374,C0003,2026-03-15,15:17,Starbucks,331.97,Charlotte NC,Debit Card,961,0
T005375,C0029,2026-03-24,15:44,Publix,142.4,Charlotte NC,Credit Card,535,0
T005376,C0080,2026-01-31,09:52,Target,97.21,Atlanta GA,Credit Card,1112,0
T005377,C0056,2026-02-24,21:47,Best Buy,444.78,Savannah GA,Credit Card,556,0
T005378,C0061,2026-01-13,08:42,PetSmart,376.82,Charlotte NC,Credit Card,1816,0
T005379,C0008,2026-02-01,20:54,Shell,257.1,Atlanta GA,Credit Card,1172,0
T005380,C0023,2026-02-27,21:45,Best Buy,322.99,Atlanta GA,Credit Card,1004,0
T005381,C0080,2026-02-06,10:08,Publix,98.25,Charlotte NC,Credit Card,694,0
T005382,C0028,2026-01-17,17:56,CVS,71.3,Marietta GA,Credit Card,1595,0
T005383,C0064,2026-02-02,17:28,PetSmart,230.71,Savannah GA,Credit Card,1411,0
T005384,C0044,2026-03-08,22:56,Walmart,330.89,Marietta GA,Credit Card,735,0
T005385,C0024,2026-02-25,07:14,Target,265.53,Atlanta GA,Debit Card,1486,0
T005386,C0049,2026-02-20,23:31,Amazon,293.31,Miami FL,Credit Card,1140,0
T005387,C0065,2026-03-27,15:29,Shell,380.27,Marietta GA,Credit Card,708,0
T005388,C0089,2026-03-06,15:28,CVS,187.41,Miami FL,Credit Card,1571,0
T005389,C0061,2026-01-23,22:21,Walmart,342.82,Savannah GA,Credit Card,524,0
T005390,C0017,2026-01-11,19:45,Walmart,158.69,Marietta GA,Debit Card,1392,0
T005391,C0091,2026-02-26,20:33,PetSmart,208.7,Miami FL,Debit Card,1390,0
T005392,C0009,2026-02-23,08:55,Home Depot,111.55,Miami FL,Debit Card,490,0
T005393,C0074,2026-02-11,10:45,Publix,391.23,Miami FL,Debit Card,162,0
T005394,C0015,2026-03-22,16:40,Home Depot,90.59,Jonesboro GA,Debit Card,135,0
T005395,C0012,2026-03-04,19:08,CVS,110.81,Jonesboro GA,Debit Card,851,0
T005396,C0087,2026-02-15,15:49,Amazon,442.25,Miami FL,Debit Card,1995,0
T005397,C0073,2026-03-03,23:40,CVS,287.25,Savannah GA,Debit Card,1323,0
T005398,C0020,2026-03-24,09:01,Starbucks,277.32,Atlanta GA,Credit Card,1645,0
T005399,C0004,2026-02-22,19:38,Target,93.06,Charlotte NC,Debit Card,148,0
T005400,C0051,2026-02-11,16:06,Starbucks,164.3,Jonesboro GA,Credit Card,548,0
T005401,C0075,2026-03-22,06:42,Walmart,225.43,Miami FL,Debit Card,1077,0
T005402,C0002,2026-02-15,22:44,Walmart,317.43,Charlotte NC,Debit Card,1020,0
T005403,C0024,2026-03-28,15:56,Shell,244.47,Marietta GA,Credit Card,1505,0
T005404,C0089,2026-03-26,10:39,CVS,178.04,Savannah GA,Debit Card,639,0
T005405,C0067,2026-01-16,20:09,Amazon,61.91,Atlanta GA,Debit Card,1551,0
T005406,C0043,2026-02-02,12:48,Target,433.0,Marietta GA,Credit Card,1961,0
T005407,C0031,2026-03-28,20:43,Publix,234.33,Marietta GA,Debit Card,1021,0
T005408,C0064,2026-01-17,18:51,PetSmart,452.08,Marietta GA,Debit Card,1735,0
T005409,C0099,2026-01-27,08:00,Publix,164.72,Miami FL,Debit Card,643,0
T005410,C0091,2026-03-02,21:04,CVS,132.1,Savannah GA,Credit Card,1319,0
T005411,C0088,2026-02-22,08:42,Starbucks,478.01,Miami FL,Credit Card,1210,0
T005412,C0077,2026-02-20,19:38,Walmart,498.24,Savannah GA,Debit Card,1592,0
T005413,C0064,2026-01-12,20:07,Shell,397.86,Savannah GA,Credit Card,1567,0
T005414,C0022,2026-03-06,13:50,Shell,198.07,Marietta GA,Debit Card,1535,0
T005415,C0007,2026-02-19,17:45,Amazon,379.8,Marietta GA,Debit Card,325,0
T005416,C0047,2026-02-18,21:13,Publix,365.19,Miami FL,Debit Card,685,0
T005417,C0094,2026-03-26,21:11,Walmart,374.33,Savannah GA,Credit Card,1100,0
T005418,C0089,2026-02-19,14:46,Amazon,406.79,Charlotte NC,Debit Card,880,0
T005419,C0096,2026-03-20,12:42,Target,48.64,Marietta GA,Debit Card,859,0
T005420,C0086,2026-02-26,16:25,Amazon,92.15,Atlanta GA,Debit Card,1459,0
T005421,C0039,2026-01-09,16:25,Shell,293.62,Marietta GA,Credit Card,1850,0
T005422,C0052,2026-01-26,18:09,Amazon,327.71,Atlanta GA,Credit Card,1486,0
T005423,C0016,2026-01-08,20:32,Walmart,197.48,Jonesboro GA,Credit Card,976,0
T005424,C0095,2026-03-25,17:48,Walmart,49.75,Jonesboro GA,Credit Card,1798,0
T005425,C0097,2026-03-27,13:38,Amazon,375.57,Charlotte NC,Debit Card,881,0
T005426,C0047,2026-03-18,16:37,Starbucks,383.88,Savannah GA,Credit Card,1564,0
T005427,C0070,2026-01-08,16:23,Best Buy,237.06,Savannah GA,Debit Card,640,0
T005428,C0067,2026-01-24,18:38,CVS,239.73,Miami FL,Credit Card,1597,0
T005429,C0077,2026-01-24,21:00,Target,353.38,Jonesboro GA,Debit Card,131,0
T005430,C0085,2026-03-31,09:13,Starbucks,112.36,Miami FL,Credit Card,293,0
T005431,C0051,2026-02-03,19:01,Home Depot,238.13,Miami FL,Credit Card,350,0
T005432,C0009,2026-03-05,21:05,Amazon,42.49,Savannah GA,Debit Card,1449,0
T005433,C0018,2026-03-22,17:04,CVS,90.53,Atlanta GA,Debit Card,1509,0
T005434,C0076,2026-03-27,17:21,Publix,239.1,Savannah GA,Credit Card,1172,0
T005435,C0077,2026-02-16,10:44,Starbucks,347.9,Marietta GA,Credit Card,1149,0
T005436,C0042,2026-02-25,12:00,Home Depot,435.47,Savannah GA,Credit Card,1635,0
T005437,C0086,2026-01-29,13:22,Starbucks,306.13,Marietta GA,Credit Card,1976,0
T005438,C0019,2026-01-25,17:51,Home Depot,56.42,Savannah GA,Debit Card,1884,0
T005439,C0077,2026-02-22,22:42,Best Buy,471.89,Jonesboro GA,Debit Card,664,0
T005440,C0095,2026-02-16,16:02,PetSmart,142.11,Jonesboro GA,Debit Card,961,0
T005441,C0088,2026-01-02,09:35,Starbucks,55.84,Miami FL,Credit Card,1973,0
T005442,C0046,2026-03-03,16:25,Walmart,467.64,Miami FL,Credit Card,1545,0
T005443,C0040,2026-03-25,06:20,Publix,273.75,Atlanta GA,Debit Card,1114,0
T005444,C0002,2026-03-04,14:16,Target,245.81,Atlanta GA,Debit Card,1053,0
T005445,C0056,2026-03-12,19:24,Target,226.04,Miami FL,Credit Card,427,0
T005446,C0050,2026-01-29,13:19,Shell,124.91,Savannah GA,Debit Card,1703,0
T005447,C0057,2026-01-26,21:36,PetSmart,487.16,Jonesboro GA,Debit Card,1861,0
T005448,C0019,2026-01-22,22:07,Starbucks,460.34,Charlotte NC,Debit Card,1291,0
T005449,C0010,2026-02-07,12:35,Publix,113.2,Atlanta GA,Credit Card,1844,0
T005450,C0082,2026-01-07,16:10,PetSmart,493.54,Marietta GA,Debit Card,266,0
T005451,C0077,2026-01-01,14:30,Shell,454.6,Atlanta GA,Debit Card,297,0
T005452,C0097,2026-03-24,19:10,Best Buy,432.83,Atlanta GA,Debit Card,1248,0
T005453,C0010,2026-02-22,18:01,Shell,228.19,Jonesboro GA,Debit Card,1201,0
T005454,C0069,2026-01-12,20:48,Publix,305.22,Miami FL,Credit Card,640,0
T005455,C0063,2026-03-20,20:41,Amazon,185.6,Savannah GA,Debit Card,1112,0
T005456,C0068,2026-03-06,17:57,Publix,404.09,Miami FL,Debit Card,1370,0
T005457,C0047,2026-03-22,23:16,PetSmart,61.05,Atlanta GA,Credit Card,1994,0
T005458,C0034,2026-02-25,13:54,Shell,36.94,Charlotte NC,Debit Card,1186,0
T005459,C0041,2026-03-03,21:17,Starbucks,129.23,Jonesboro GA,Debit Card,515,0
T005460,C0057,2026-02-05,22:29,Starbucks,115.02,Atlanta GA,Credit Card,940,0
T005461,C0048,2026-03-14,22:30,Best Buy,464.25,Atlanta GA,Credit Card,710,0
T005462,C0048,2026-01-24,07:40,PetSmart,67.78,Miami FL,Credit Card,1625,0
T005463,C0004,2026-02-14,09:28,Walmart,163.25,Jonesboro GA,Credit Card,501,0
T005464,C0049,2026-02-11,08:36,Publix,145.77,Miami FL,Debit Card,488,0
T005465,C0036,2026-03-26,21:06,Shell,207.33,Marietta GA,Debit Card,305,0
T005466,C0025,2026-01-08,19:21,CVS,469.18,Marietta GA,Credit Card,514,0
T005467,C0026,2026-03-02,16:59,Publix,308.2,Marietta GA,Debit Card,1887,0
T005468,C0075,2026-01-21,22:11,Home Depot,498.78,Atlanta GA,Debit Card,1525,0
T005469,C0091,2026-03-09,21:35,Target,458.53,Miami FL,Debit Card,1031,0
T005470,C0098,2026-03-12,10:49,Publix,254.6,Charlotte NC,Debit Card,1466,0
T005471,C0061,2026-03-17,21:29,Amazon,127.54,Savannah GA,Debit Card,479,0
T005472,C0075,2026-02-19,19:01,Home Depot,434.48,Charlotte NC,Credit Card,1195,0
T005473,C0064,2026-01-02,07:43,CVS,465.32,Savannah GA,Debit Card,1346,0
T005474,C0038,2026-01-18,18:10,Shell,224.63,Jonesboro GA,Credit Card,1965,0
T005475,C0079,2026-02-26,13:45,Walmart,13.52,Charlotte NC,Credit Card,402,0
T005476,C0089,2026-03-08,11:22,Starbucks,78.12,Savannah GA,Debit Card,623,0
T005477,C0050,2026-03-27,08:47,Amazon,312.47,Atlanta GA,Debit Card,749,0
T005478,C0055,2026-02-10,12:37,PetSmart,232.11,Atlanta GA,Credit Card,1158,0
T005479,C0099,2026-02-10,23:05,PetSmart,401.77,Marietta GA,Debit Card,1497,0
T005480,C0076,2026-03-27,22:19,Home Depot,491.2,Savannah GA,Credit Card,44,0
T005481,C0064,2026-03-30,23:51,Publix,383.58,Charlotte NC,Debit Card,34,0
T005482,C0047,2026-03-22,21:09,Amazon,172.67,Charlotte NC,Debit Card,925,0
T005483,C0067,2026-02-28,06:22,Amazon,21.45,Miami FL,Debit Card,198,0
T005484,C0025,2026-01-09,10:34,Walmart,226.97,Savannah GA,Debit Card,248,0
T005485,C0041,2026-01-04,11:30,Best Buy,278.63,Miami FL,Credit Card,1801,0
T005486,C0067,2026-03-13,10:07,Publix,286.74,Marietta GA,Debit Card,621,0
T005487,C0093,2026-03-02,09:30,CVS,46.81,Marietta GA,Debit Card,524,0
T005488,C0001,2026-03-09,17:33,Best Buy,285.35,Charlotte NC,Credit Card,471,0
T005489,C0005,2026-03-06,12:55,Best Buy,343.32,Miami FL,Debit Card,900,0
T005490,C0100,2026-01-26,23:25,Home Depot,224.31,Atlanta GA,Debit Card,901,0
T005491,C0044,2026-02-17,17:36,Best Buy,240.03,Atlanta GA,Debit Card,758,0
T005492,C0058,2026-01-01,16:47,Amazon,148.85,Charlotte NC,Debit Card,1580,0
T005493,C0082,2026-01-02,15:02,PetSmart,180.13,Savannah GA,Credit Card,396,0
T005494,C0043,2026-03-11,16:51,Home Depot,17.77,Charlotte NC,Credit Card,696,0
T005495,C0068,2026-03-06,15:48,PetSmart,174.59,Marietta GA,Credit Card,766,0
T005496,C0061,2026-01-15,06:50,Starbucks,80.69,Atlanta GA,Credit Card,616,0
T005497,C0011,2026-02-08,13:07,Publix,368.9,Atlanta GA,Debit Card,861,0
T005498,C0049,2026-03-29,09:05,Walmart,216.92,Miami FL,Credit Card,733,0
T005499,C0082,2026-01-12,13:41,Publix,484.76,Charlotte NC,Debit Card,612,0
T005500,C0003,2026-01-06,15:21,Shell,27.29,Savannah GA,Debit Card,1160,0
T005501,C0039,2026-03-03,06:25,Walmart,69.41,Charlotte NC,Credit Card,1820,0
T005502,C0074,2026-02-19,15:38,CVS,463.79,Charlotte NC,Credit Card,1647,0
T005503,C0040,2026-02-14,22:02,CVS,221.36,Marietta GA,Debit Card,1914,0
T005504,C0087,2026-01-28,18:18,Amazon,109.53,Charlotte NC,Debit Card,1027,0
T005505,C0018,2026-03-07,09:31,Starbucks,165.98,Jonesboro GA,Debit Card,108,0
T005506,C0068,2026-02-07,11:16,Amazon,36.99,Marietta GA,Debit Card,587,0
T005507,C0083,2026-02-01,07:49,CVS,203.68,Charlotte NC,Debit Card,113,0
T005508,C0094,2026-03-12,06:17,Walmart,109.8,Jonesboro GA,Debit Card,1466,0
T005509,C0093,2026-01-22,16:06,Home Depot,250.43,Miami FL,Debit Card,647,0
T005510,C0002,2026-01-07,22:28,CVS,370.68,Savannah GA,Credit Card,461,0
T005511,C0010,2026-02-22,23:58,PetSmart,444.33,Atlanta GA,Credit Card,1178,0
T005512,C0014,2026-03-11,15:24,Amazon,429.68,Atlanta GA,Credit Card,1264,0
T005513,C0014,2026-01-13,18:16,Starbucks,185.59,Miami FL,Credit Card,696,0
T005514,C0034,2026-01-30,09:09,Best Buy,188.0,Savannah GA,Credit Card,1803,0
T005515,C0045,2026-02-21,22:28,Amazon,67.98,Savannah GA,Credit Card,838,0
T005516,C0023,2026-03-23,15:31,Starbucks,464.3,Miami FL,Debit Card,603,0
T005517,C0047,2026-03-24,22:39,Walmart,317.28,Miami FL,Credit Card,1634,0
T005518,C0058,2026-01-12,16:49,Target,327.75,Savannah GA,Credit Card,1045,0
T005519,C0013,2026-01-11,14:53,Best Buy,90.38,Atlanta GA,Debit Card,1890,0
T005520,C0099,2026-02-12,07:54,Shell,448.84,Savannah GA,Credit Card,572,0
T005521,C0034,2026-02-06,17:43,Target,217.92,Jonesboro GA,Credit Card,1380,0
T005522,C0065,2026-02-06,17:16,Starbucks,370.58,Miami FL,Debit Card,206,0
T005523,C0085,2026-03-01,23:02,CVS,466.35,Atlanta GA,Credit Card,550,0
T005524,C0077,2026-03-19,12:51,Home Depot,71.84,Savannah GA,Debit Card,1151,0
T005525,C0025,2026-01-22,15:57,PetSmart,465.8,Marietta GA,Debit Card,385,0
T005526,C0061,2026-03-28,09:19,Best Buy,144.25,Atlanta GA,Debit Card,924,0
T005527,C0034,2026-01-16,12:22,Shell,220.49,Atlanta GA,Credit Card,421,0
T005528,C0037,2026-01-12,23:12,Starbucks,174.04,Jonesboro GA,Debit Card,323,0
T005529,C0056,2026-01-16,17:22,Starbucks,269.01,Atlanta GA,Credit Card,178,0
T005530,C0002,2026-01-17,17:49,CVS,140.22,Charlotte NC,Debit Card,319,0
T005531,C0062,2026-03-11,22:40,Publix,203.97,Atlanta GA,Debit Card,156,0
T005532,C0066,2026-02-26,11:30,Shell,350.08,Charlotte NC,Credit Card,177,0
T005533,C0020,2026-03-30,11:42,Best Buy,156.89,Marietta GA,Credit Card,1296,0
T005534,C0028,2026-02-01,10:26,PetSmart,367.99,Miami FL,Credit Card,992,0
T005535,C0021,2026-02-22,10:28,PetSmart,81.55,Marietta GA,Credit Card,945,0
T005536,C0093,2026-03-20,16:58,Best Buy,220.04,Savannah GA,Debit Card,1067,0
T005537,C0066,2026-03-10,20:40,Target,382.35,Miami FL,Debit Card,1476,0
T005538,C0059,2026-02-07,14:38,Shell,487.94,Miami FL,Credit Card,1280,0
T005539,C0025,2026-03-23,21:10,Target,247.05,Marietta GA,Debit Card,1804,0
T005540,C0094,2026-03-19,06:58,Best Buy,356.11,Savannah GA,Debit Card,1436,0
T005541,C0043,2026-03-24,22:13,Amazon,449.29,Savannah GA,Debit Card,1593,0
T005542,C0024,2026-01-27,09:30,Walmart,201.43,Marietta GA,Credit Card,951,0
T005543,C0077,2026-01-27,23:43,Walmart,154.69,Jonesboro GA,Credit Card,1123,0
T005544,C0029,2026-03-27,09:32,Amazon,328.82,Marietta GA,Credit Card,62,0
T005545,C0014,2026-01-02,11:15,Best Buy,272.57,Savannah GA,Debit Card,897,0
T005546,C0018,2026-01-29,22:33,Home Depot,436.3,Atlanta GA,Credit Card,1743,0
T005547,C0089,2026-01-10,09:22,CVS,477.74,Charlotte NC,Debit Card,595,0
T005548,C0100,2026-01-13,17:31,Amazon,274.37,Miami FL,Debit Card,533,0
T005549,C0034,2026-02-18,19:00,Target,15.64,Jonesboro GA,Credit Card,1054,0
T005550,C0054,2026-02-07,18:02,Starbucks,179.84,Marietta GA,Debit Card,1976,0
T005551,C0019,2026-02-09,21:35,Best Buy,405.82,Charlotte NC,Credit Card,1338,0
T005552,C0078,2026-03-12,10:55,Starbucks,56.86,Marietta GA,Debit Card,1992,0
T005553,C0055,2026-02-23,10:04,Target,26.34,Marietta GA,Debit Card,153,0
T005554,C0068,2026-03-03,21:59,Shell,164.92,Atlanta GA,Credit Card,1364,0
T005555,C0003,2026-03-20,21:41,Best Buy,23.4,Marietta GA,Credit Card,754,0
T005556,C0024,2026-02-17,07:34,Best Buy,212.11,Miami FL,Debit Card,469,0
T005557,C0054,2026-03-28,11:07,Home Depot,280.79,Atlanta GA,Debit Card,625,0
T005558,C0006,2026-01-07,22:43,PetSmart,492.89,Marietta GA,Debit Card,958,0
T005559,C0011,2026-01-02,10:01,Shell,101.53,Marietta GA,Credit Card,1900,0
T005560,C0007,2026-01-06,21:00,Publix,92.66,Charlotte NC,Debit Card,1325,0
T005561,C0023,2026-02-11,20:39,Shell,259.26,Savannah GA,Debit Card,1101,0
T005562,C0092,2026-01-22,20:14,Home Depot,36.24,Miami FL,Credit Card,1121,0
T005563,C0016,2026-01-27,11:08,Publix,300.05,Marietta GA,Credit Card,1207,0
T005564,C0059,2026-02-07,13:35,Starbucks,23.4,Jonesboro GA,Debit Card,1430,0
T005565,C0038,2026-01-11,22:34,PetSmart,121.19,Jonesboro GA,Debit Card,852,0
T005566,C0040,2026-01-07,07:30,Publix,229.99,Miami FL,Debit Card,1697,0
T005567,C0081,2026-01-28,18:26,CVS,377.99,Marietta GA,Debit Card,1256,0
T005568,C0067,2026-03-23,17:41,Amazon,182.94,Savannah GA,Debit Card,64,0
T005569,C0036,2026-02-16,07:00,Publix,272.13,Miami FL,Credit Card,1820,0
T005570,C0095,2026-03-20,07:46,PetSmart,484.81,Charlotte NC,Debit Card,415,0
T005571,C0015,2026-01-10,13:49,PetSmart,316.92,Marietta GA,Credit Card,772,0
T005572,C0076,2026-01-31,09:51,Home Depot,100.51,Atlanta GA,Debit Card,1581,0
T005573,C0048,2026-01-15,07:05,Best Buy,136.0,Miami FL,Debit Card,669,0
T005574,C0052,2026-01-27,16:11,Walmart,494.55,Atlanta GA,Credit Card,44,0
T005575,C0056,2026-03-14,12:04,Starbucks,32.01,Marietta GA,Debit Card,824,0
T005576,C0096,2026-01-30,13:07,Shell,202.31,Marietta GA,Debit Card,806,0
T005577,C0013,2026-01-01,08:30,Shell,99.2,Atlanta GA,Credit Card,205,0
T005578,C0089,2026-02-02,07:21,PetSmart,161.64,Atlanta GA,Debit Card,1591,0
T005579,C0015,2026-01-10,06:00,CVS,19.28,Charlotte NC,Debit Card,1753,0
T005580,C0097,2026-01-30,17:10,Publix,399.97,Savannah GA,Debit Card,1673,0
T005581,C0054,2026-02-25,13:23,Amazon,48.08,Jonesboro GA,Debit Card,402,0
T005582,C0034,2026-01-24,22:50,Target,79.29,Marietta GA,Credit Card,1580,0
T005583,C0049,2026-02-11,19:01,PetSmart,201.44,Atlanta GA,Credit Card,375,0
T005584,C0038,2026-02-27,20:28,CVS,186.33,Marietta GA,Credit Card,618,0
T005585,C0011,2026-01-11,21:21,Shell,186.77,Miami FL,Credit Card,422,0
T005586,C0020,2026-03-21,21:44,Starbucks,432.55,Charlotte NC,Debit Card,1652,0
T005587,C0087,2026-02-10,22:29,Publix,492.59,Marietta GA,Debit Card,1963,0
T005588,C0067,2026-03-12,13:06,CVS,203.52,Charlotte NC,Credit Card,1007,0
T005589,C0014,2026-01-21,14:07,Publix,38.01,Atlanta GA,Credit Card,351,0
T005590,C0038,2026-02-23,20:13,Home Depot,443.98,Jonesboro GA,Debit Card,182,0
T005591,C0087,2026-03-02,14:05,Amazon,461.93,Savannah GA,Credit Card,1204,0
T005592,C0001,2026-02-10,07:34,Best Buy,158.58,Savannah GA,Debit Card,750,0
T005593,C0061,2026-01-16,08:59,Walmart,8.68,Marietta GA,Debit Card,1039,0
T005594,C0052,2026-01-27,07:07,Target,196.54,Savannah GA,Credit Card,242,0
T005595,C0087,2026-01-12,22:40,Starbucks,268.47,Savannah GA,Credit Card,1726,0
T005596,C0084,2026-02-01,16:30,Target,19.66,Savannah GA,Credit Card,1232,0
T005597,C0049,2026-01-09,08:42,Publix,11.05,Savannah GA,Debit Card,1616,0
T005598,C0084,2026-01-08,20:35,Publix,391.67,Jonesboro GA,Credit Card,1709,0
T005599,C0020,2026-02-05,12:17,Shell,213.47,Atlanta GA,Credit Card,1591,0
T005600,C0089,2026-02-02,21:20,Starbucks,418.93,Jonesboro GA,Credit Card,1827,0
T005601,C0038,2026-03-09,10:08,Best Buy,141.0,Savannah GA,Credit Card,498,0
T005602,C0008,2026-01-11,19:58,Best Buy,372.46,Jonesboro GA,Credit Card,1076,0
T005603,C0034,2026-03-18,17:06,Best Buy,261.67,Atlanta GA,Credit Card,1315,0
T005604,C0090,2026-03-30,19:25,Publix,122.84,Miami FL,Credit Card,682,0
T005605,C0019,2026-02-11,12:48,Target,215.22,Savannah GA,Debit Card,1925,0
T005606,C0030,2026-02-10,06:27,Target,292.34,Savannah GA,Debit Card,99,0
T005607,C0100,2026-03-30,12:30,Publix,56.18,Charlotte NC,Debit Card,1931,0
T005608,C0084,2026-01-31,09:48,Target,322.18,Marietta GA,Debit Card,1430,0
T005609,C0002,2026-03-10,19:36,PetSmart,321.29,Miami FL,Credit Card,1741,0
T005610,C0088,2026-03-13,22:14,Publix,31.49,Savannah GA,Debit Card,58,0
T005611,C0036,2026-02-05,15:31,Target,318.83,Charlotte NC,Debit Card,657,0
T005612,C0064,2026-02-17,21:15,Amazon,352.56,Marietta GA,Debit Card,914,0
T005613,C0098,2026-02-24,22:49,CVS,51.42,Savannah GA,Credit Card,767,0
T005614,C0020,2026-03-31,21:51,Publix,334.55,Marietta GA,Credit Card,1796,0
T005615,C0041,2026-01-28,21:01,Walmart,398.61,Jonesboro GA,Credit Card,199,0
T005616,C0096,2026-03-13,20:17,Target,312.58,Miami FL,Debit Card,1349,0
T005617,C0003,2026-02-11,17:02,CVS,284.51,Jonesboro GA,Credit Card,1256,0
T005618,C0045,2026-03-09,14:28,PetSmart,253.58,Miami FL,Credit Card,1524,0
T005619,C0020,2026-01-27,11:18,Best Buy,201.38,Savannah GA,Credit Card,187,0
T005620,C0055,2026-01-05,18:11,Target,431.61,Atlanta GA,Debit Card,1544,0
T005621,C0063,2026-03-10,07:25,Home Depot,257.71,Charlotte NC,Credit Card,1058,0
T005622,C0026,2026-01-16,20:59,Target,480.21,Atlanta GA,Credit Card,1223,0
T005623,C0043,2026-01-21,12:15,CVS,390.36,Marietta GA,Credit Card,1987,0
T005624,C0011,2026-01-18,17:00,Starbucks,245.59,Jonesboro GA,Debit Card,1718,0
T005625,C0089,2026-02-24,09:27,Amazon,471.72,Miami FL,Debit Card,388,0
T005626,C0089,2026-02-03,08:12,PetSmart,479.2,Charlotte NC,Credit Card,601,0
T005627,C0023,2026-01-26,16:41,PetSmart,98.37,Charlotte NC,Debit Card,1037,0
T005628,C0030,2026-01-13,15:46,PetSmart,454.56,Jonesboro GA,Credit Card,339,0
T005629,C0002,2026-03-18,13:57,CVS,22.17,Jonesboro GA,Credit Card,1015,0
T005630,C0034,2026-03-20,15:09,Target,37.43,Jonesboro GA,Debit Card,731,0
T005631,C0007,2026-02-12,13:55,Publix,333.23,Miami FL,Credit Card,1881,0
T005632,C0083,2026-03-29,23:31,Walmart,182.65,Miami FL,Debit Card,1042,0
T005633,C0078,2026-01-24,21:13,CVS,151.21,Marietta GA,Debit Card,972,0
T005634,C0075,2026-03-22,09:27,Publix,115.15,Savannah GA,Credit Card,1997,0
T005635,C0088,2026-02-11,09:06,Target,47.11,Marietta GA,Credit Card,1381,0
T005636,C0082,2026-01-04,21:21,Target,30.11,Marietta GA,Credit Card,414,0
T005637,C0048,2026-03-15,14:33,Walmart,205.48,Marietta GA,Debit Card,1734,0
T005638,C0100,2026-01-18,10:11,Shell,89.41,Charlotte NC,Credit Card,497,0
T005639,C0022,2026-03-09,16:56,Walmart,393.75,Miami FL,Debit Card,1471,0
T005640,C0061,2026-01-14,13:30,Walmart,107.56,Charlotte NC,Debit Card,54,0
T005641,C0068,2026-01-27,21:39,Publix,479.6,Miami FL,Debit Card,377,0
T005642,C0016,2026-03-12,11:08,Amazon,408.8,Atlanta GA,Debit Card,799,0
T005643,C0084,2026-03-18,12:28,Walmart,310.55,Miami FL,Credit Card,168,0
T005644,C0048,2026-02-27,23:19,Target,41.88,Miami FL,Credit Card,582,0
T005645,C0092,2026-01-26,20:40,CVS,272.45,Miami FL,Credit Card,599,0
T005646,C0084,2026-01-13,13:50,PetSmart,274.15,Charlotte NC,Credit Card,457,0
T005647,C0058,2026-02-20,11:19,Walmart,289.56,Charlotte NC,Debit Card,1755,0
T005648,C0047,2026-03-04,06:00,Publix,222.61,Jonesboro GA,Credit Card,687,0
T005649,C0030,2026-02-03,23:46,Publix,427.76,Jonesboro GA,Credit Card,237,0
T005650,C0086,2026-01-23,13:33,Target,335.54,Miami FL,Credit Card,689,0
T005651,C0008,2026-03-17,23:48,Starbucks,248.62,Charlotte NC,Debit Card,369,0
T005652,C0044,2026-01-09,17:27,Home Depot,113.49,Savannah GA,Debit Card,1607,0
T005653,C0038,2026-01-05,20:49,Target,112.1,Jonesboro GA,Credit Card,63,0
T005654,C0049,2026-03-26,18:13,Best Buy,35.12,Savannah GA,Debit Card,1597,0
T005655,C0030,2026-03-31,08:06,Target,360.72,Atlanta GA,Credit Card,1238,0
T005656,C0043,2026-02-01,21:13,Publix,17.65,Charlotte NC,Credit Card,1517,0
T005657,C0015,2026-03-05,08:29,Amazon,119.03,Jonesboro GA,Credit Card,47,0
T005658,C0100,2026-01-13,23:37,Amazon,18.6,Savannah GA,Credit Card,310,0
T005659,C0007,2026-01-06,21:09,Walmart,261.09,Jonesboro GA,Debit Card,1681,0
T005660,C0013,2026-03-30,15:08,Best Buy,227.14,Marietta GA,Debit Card,641,0
T005661,C0056,2026-02-16,16:03,Home Depot,125.7,Jonesboro GA,Debit Card,1602,0
T005662,C0055,2026-01-29,18:51,Publix,170.97,Marietta GA,Credit Card,1904,0
T005663,C0057,2026-02-27,11:58,CVS,69.05,Charlotte NC,Credit Card,1867,0
T005664,C0096,2026-03-26,06:54,Walmart,240.96,Miami FL,Debit Card,509,0
T005665,C0041,2026-02-23,23:55,Publix,286.34,Atlanta GA,Credit Card,1669,0
T005666,C0096,2026-02-27,23:49,Shell,220.54,Jonesboro GA,Debit Card,192,0
T005667,C0094,2026-01-05,16:16,PetSmart,498.05,Jonesboro GA,Debit Card,143,0
T005668,C0082,2026-03-27,16:26,Publix,462.0,Atlanta GA,Debit Card,1021,0
T005669,C0036,2026-02-20,21:51,Walmart,29.01,Miami FL,Credit Card,677,0
T005670,C0077,2026-01-04,08:14,CVS,22.54,Charlotte NC,Credit Card,1840,0
T005671,C0033,2026-03-22,23:03,Target,177.81,Jonesboro GA,Credit Card,823,0
T005672,C0081,2026-02-04,19:22,PetSmart,422.24,Atlanta GA,Credit Card,663,0
T005673,C0067,2026-02-07,07:01,Shell,11.71,Atlanta GA,Credit Card,629,0
T005674,C0092,2026-03-01,18:33,Best Buy,129.7,Jonesboro GA,Debit Card,1651,0
T005675,C0028,2026-02-16,19:01,Shell,178.75,Charlotte NC,Debit Card,607,0
T005676,C0071,2026-02-20,19:08,CVS,430.54,Miami FL,Credit Card,677,0
T005677,C0057,2026-03-09,07:44,Best Buy,483.26,Atlanta GA,Credit Card,993,0
T005678,C0078,2026-03-06,09:10,Publix,49.14,Charlotte NC,Credit Card,1397,0
T005679,C0014,2026-02-17,07:35,Best Buy,342.23,Jonesboro GA,Credit Card,1412,0
T005680,C0016,2026-02-09,13:06,Publix,302.82,Miami FL,Debit Card,722,0
T005681,C0003,2026-03-22,19:43,PetSmart,132.08,Atlanta GA,Debit Card,592,0
T005682,C0062,2026-01-13,07:44,PetSmart,439.66,Charlotte NC,Debit Card,1858,0
T005683,C0030,2026-02-28,18:30,Starbucks,65.21,Charlotte NC,Credit Card,148,0
T005684,C0021,2026-03-07,14:58,Publix,54.32,Jonesboro GA,Debit Card,629,0
T005685,C0036,2026-03-24,22:38,Best Buy,145.01,Miami FL,Debit Card,1878,0
T005686,C0098,2026-03-27,23:14,Starbucks,46.58,Jonesboro GA,Debit Card,409,0
T005687,C0066,2026-03-22,10:17,Target,432.65,Atlanta GA,Credit Card,1958,0
T005688,C0096,2026-02-28,16:36,Shell,391.66,Savannah GA,Credit Card,219,0
T005689,C0092,2026-01-01,15:24,Shell,14.91,Jonesboro GA,Debit Card,725,0
T005690,C0098,2026-03-16,10:41,Home Depot,121.14,Jonesboro GA,Debit Card,1563,0
T005691,C0038,2026-03-24,21:48,Home Depot,282.27,Charlotte NC,Debit Card,529,0
T005692,C0062,2026-02-02,21:59,Best Buy,211.94,Charlotte NC,Debit Card,451,0
T005693,C0058,2026-01-19,17:07,Home Depot,127.87,Atlanta GA,Debit Card,1182,0
T005694,C0013,2026-03-10,20:19,Home Depot,214.61,Savannah GA,Credit Card,934,0
T005695,C0056,2026-02-21,07:44,PetSmart,348.63,Savannah GA,Debit Card,1280,0
T005696,C0011,2026-01-21,18:53,CVS,447.59,Atlanta GA,Credit Card,548,0
T005697,C0017,2026-02-25,21:54,Publix,61.05,Miami FL,Credit Card,1931,0
T005698,C0002,2026-02-27,16:36,Home Depot,377.25,Jonesboro GA,Debit Card,269,0
T005699,C0004,2026-01-28,19:31,Publix,368.16,Charlotte NC,Debit Card,125,0
T005700,C0085,2026-03-03,09:17,Shell,241.35,Jonesboro GA,Debit Card,99,0
T005701,C0046,2026-02-16,06:44,PetSmart,71.71,Savannah GA,Credit Card,205,0
T005702,C0047,2026-01-05,23:20,Publix,310.76,Jonesboro GA,Debit Card,968,0
T005703,C0042,2026-01-28,21:16,Starbucks,496.71,Jonesboro GA,Debit Card,1975,0
T005704,C0035,2026-02-13,21:24,Home Depot,171.63,Jonesboro GA,Debit Card,1959,0
T005705,C0097,2026-03-30,14:11,Best Buy,414.9,Marietta GA,Credit Card,36,0
T005706,C0091,2026-01-02,20:10,Publix,476.25,Atlanta GA,Debit Card,993,0
T005707,C0094,2026-03-15,16:43,PetSmart,240.03,Marietta GA,Credit Card,1069,0
T005708,C0072,2026-01-21,19:52,PetSmart,421.54,Atlanta GA,Debit Card,855,0
T005709,C0003,2026-03-11,06:50,Amazon,406.42,Savannah GA,Debit Card,1332,0
T005710,C0024,2026-01-23,15:12,PetSmart,135.78,Savannah GA,Debit Card,1447,0
T005711,C0047,2026-02-20,09:27,Walmart,303.56,Atlanta GA,Debit Card,756,0
T005712,C0029,2026-02-02,10:17,PetSmart,341.98,Savannah GA,Debit Card,1035,0
T005713,C0014,2026-02-19,12:43,Best Buy,295.28,Jonesboro GA,Credit Card,907,0
T005714,C0075,2026-02-13,11:22,Publix,402.39,Atlanta GA,Debit Card,103,0
T005715,C0013,2026-03-20,21:33,Best Buy,177.6,Miami FL,Credit Card,156,0
T005716,C0062,2026-03-03,07:01,CVS,108.04,Miami FL,Credit Card,1102,0
T005717,C0009,2026-03-16,06:09,Amazon,413.29,Marietta GA,Debit Card,457,0
T005718,C0099,2026-02-25,11:48,PetSmart,93.04,Jonesboro GA,Credit Card,1627,0
T005719,C0036,2026-01-12,18:43,CVS,278.34,Jonesboro GA,Credit Card,1212,0
T005720,C0082,2026-03-30,11:36,Publix,63.4,Miami FL,Credit Card,1764,0
T005721,C0039,2026-01-14,23:09,Best Buy,127.4,Jonesboro GA,Credit Card,1163,0
T005722,C0060,2026-02-15,17:06,CVS,220.15,Atlanta GA,Debit Card,198,0
T005723,C0084,2026-03-14,07:23,Starbucks,414.07,Atlanta GA,Credit Card,1264,0
T005724,C0050,2026-02-02,10:13,Best Buy,324.92,Charlotte NC,Debit Card,1205,0
T005725,C0038,2026-02-15,15:56,Amazon,361.9,Miami FL,Credit Card,355,0
T005726,C0068,2026-03-03,13:19,Home Depot,124.96,Jonesboro GA,Debit Card,1315,0
T005727,C0071,2026-01-23,20:30,Publix,9.82,Atlanta GA,Credit Card,1648,0
T005728,C0018,2026-02-21,11:22,Target,407.94,Savannah GA,Credit Card,125,0
T005729,C0043,2026-03-21,10:17,Publix,215.14,Marietta GA,Credit Card,1795,0
T005730,C0084,2026-01-19,18:35,Shell,347.03,Charlotte NC,Credit Card,1501,0
T005731,C0060,2026-03-27,22:36,PetSmart,368.23,Miami FL,Credit Card,1734,0
T005732,C0035,2026-02-25,20:10,CVS,428.24,Atlanta GA,Credit Card,1067,0
T005733,C0063,2026-02-19,08:03,PetSmart,395.28,Jonesboro GA,Debit Card,633,0
T005734,C0003,2026-03-21,18:20,PetSmart,300.42,Savannah GA,Credit Card,404,0
T005735,C0096,2026-01-10,22:03,Shell,245.61,Atlanta GA,Debit Card,318,0
T005736,C0003,2026-01-02,20:51,Shell,43.36,Atlanta GA,Debit Card,239,0
T005737,C0073,2026-03-30,13:29,Target,128.43,Marietta GA,Debit Card,145,0
T005738,C0024,2026-01-13,15:39,Best Buy,266.91,Jonesboro GA,Debit Card,840,0
T005739,C0029,2026-01-27,17:13,Publix,44.08,Jonesboro GA,Credit Card,1878,0
T005740,C0009,2026-03-07,15:23,Target,361.04,Atlanta GA,Credit Card,840,0
T005741,C0057,2026-03-30,07:46,Amazon,241.19,Atlanta GA,Credit Card,1458,0
T005742,C0092,2026-01-25,08:57,Target,141.24,Charlotte NC,Debit Card,1977,0
T005743,C0058,2026-01-30,06:11,Publix,401.95,Savannah GA,Credit Card,1962,0
T005744,C0014,2026-03-18,21:51,PetSmart,110.47,Marietta GA,Debit Card,1327,0
T005745,C0085,2026-02-07,11:26,Walmart,53.36,Atlanta GA,Credit Card,350,0
T005746,C0010,2026-01-21,14:00,Home Depot,460.07,Miami FL,Credit Card,30,0
T005747,C0054,2026-03-30,19:59,Target,170.65,Marietta GA,Debit Card,855,0
T005748,C0007,2026-02-04,13:21,Starbucks,428.31,Charlotte NC,Debit Card,1141,0
T005749,C0093,2026-03-13,06:50,Walmart,46.31,Jonesboro GA,Debit Card,96,0
T005750,C0039,2026-02-01,08:45,Publix,447.62,Atlanta GA,Credit Card,260,0
T005751,C0074,2026-01-20,21:25,Publix,33.77,Miami FL,Debit Card,1259,0
T005752,C0100,2026-03-05,21:38,Amazon,399.36,Charlotte NC,Debit Card,925,0
T005753,C0054,2026-02-12,18:09,Walmart,456.82,Jonesboro GA,Debit Card,678,0
T005754,C0061,2026-02-09,18:55,Publix,88.72,Atlanta GA,Debit Card,564,0
T005755,C0097,2026-03-30,22:26,Walmart,333.15,Savannah GA,Debit Card,1580,0
T005756,C0015,2026-03-08,11:31,PetSmart,440.51,Jonesboro GA,Debit Card,1621,0
T005757,C0064,2026-01-13,18:03,Target,283.07,Atlanta GA,Debit Card,785,0
T005758,C0072,2026-02-12,17:58,Walmart,337.23,Atlanta GA,Debit Card,1033,0
T005759,C0006,2026-03-12,18:54,Home Depot,248.49,Marietta GA,Debit Card,1990,0
T005760,C0042,2026-01-12,15:57,Walmart,368.39,Jonesboro GA,Debit Card,601,0
T005761,C0096,2026-02-21,21:50,Starbucks,384.05,Miami FL,Debit Card,1318,0
T005762,C0003,2026-01-06,08:21,Home Depot,351.49,Miami FL,Credit Card,1707,0
T005763,C0016,2026-01-23,19:32,Amazon,489.83,Savannah GA,Debit Card,546,0
T005764,C0080,2026-01-09,19:46,PetSmart,75.77,Atlanta GA,Debit Card,1183,0
T005765,C0086,2026-01-01,20:24,Home Depot,79.18,Atlanta GA,Debit Card,1380,0
T005766,C0069,2026-03-10,08:57,Target,26.83,Savannah GA,Credit Card,572,0
T005767,C0029,2026-01-29,20:25,Best Buy,81.31,Jonesboro GA,Debit Card,871,0
T005768,C0095,2026-01-16,20:50,Target,159.88,Charlotte NC,Credit Card,201,0
T005769,C0042,2026-01-11,20:22,Walmart,219.05,Atlanta GA,Debit Card,1581,0
T005770,C0015,2026-03-02,23:16,Home Depot,450.07,Atlanta GA,Credit Card,396,0
T005771,C0065,2026-01-14,22:40,Shell,230.99,Jonesboro GA,Debit Card,906,0
T005772,C0062,2026-01-17,08:38,PetSmart,216.8,Atlanta GA,Debit Card,1517,0
T005773,C0021,2026-01-16,14:13,Starbucks,153.2,Miami FL,Credit Card,51,0
T005774,C0082,2026-02-27,11:47,CVS,184.38,Marietta GA,Credit Card,774,0
T005775,C0080,2026-03-01,14:50,PetSmart,102.16,Miami FL,Credit Card,1439,0
T005776,C0007,2026-01-06,17:37,Home Depot,89.44,Charlotte NC,Credit Card,1226,0
T005777,C0035,2026-02-20,23:55,Shell,315.88,Charlotte NC,Debit Card,1134,0
T005778,C0004,2026-02-21,10:03,Target,174.41,Marietta GA,Credit Card,1119,0
T005779,C0028,2026-03-11,07:09,Best Buy,430.55,Atlanta GA,Credit Card,762,0
T005780,C0063,2026-01-22,07:47,Walmart,438.12,Atlanta GA,Debit Card,1368,0
T005781,C0051,2026-02-17,16:39,Amazon,117.11,Savannah GA,Credit Card,750,0
T005782,C0080,2026-02-18,08:27,Target,198.76,Jonesboro GA,Credit Card,1474,0
T005783,C0053,2026-02-14,23:55,Starbucks,438.6,Miami FL,Debit Card,842,0
T005784,C0096,2026-02-16,13:55,Amazon,70.71,Savannah GA,Credit Card,799,0
T005785,C0066,2026-03-21,10:11,PetSmart,405.65,Marietta GA,Credit Card,698,0
T005786,C0036,2026-02-04,06:39,Publix,196.67,Atlanta GA,Credit Card,929,0
T005787,C0072,2026-03-10,12:40,PetSmart,456.12,Marietta GA,Debit Card,1850,0
T005788,C0037,2026-02-25,18:20,Target,321.66,Atlanta GA,Credit Card,1135,0
T005789,C0038,2026-03-14,13:01,Home Depot,426.57,Jonesboro GA,Credit Card,1579,0
T005790,C0001,2026-02-10,19:00,Shell,116.45,Savannah GA,Credit Card,1481,0
T005791,C0069,2026-02-19,14:36,CVS,444.35,Charlotte NC,Debit Card,1795,0
T005792,C0088,2026-01-01,15:18,Amazon,313.79,Savannah GA,Debit Card,987,0
T005793,C0079,2026-02-01,07:16,Walmart,375.05,Charlotte NC,Debit Card,992,0
T005794,C0002,2026-02-28,19:16,Starbucks,84.1,Savannah GA,Credit Card,784,0
T005795,C0015,2026-03-22,07:57,Amazon,163.72,Atlanta GA,Credit Card,1779,0
T005796,C0016,2026-02-12,15:30,CVS,458.2,Miami FL,Debit Card,459,0
T005797,C0070,2026-02-09,06:24,Home Depot,94.08,Atlanta GA,Debit Card,357,0
T005798,C0066,2026-02-26,11:22,Starbucks,393.11,Miami FL,Debit Card,674,0
T005799,C0029,2026-03-10,17:04,Starbucks,348.27,Atlanta GA,Debit Card,684,0
T005800,C0048,2026-02-02,20:05,Walmart,168.09,Atlanta GA,Credit Card,218,0
T005801,C0057,2026-02-14,06:46,Home Depot,337.88,Miami FL,Debit Card,770,0
T005802,C0016,2026-03-23,14:05,Amazon,439.23,Miami FL,Credit Card,1080,0
T005803,C0004,2026-01-14,10:01,Publix,411.75,Charlotte NC,Credit Card,1490,0
T005804,C0001,2026-02-17,08:21,PetSmart,488.88,Jonesboro GA,Credit Card,906,0
T005805,C0075,2026-01-20,21:26,CVS,402.1,Marietta GA,Credit Card,1463,0
T005806,C0080,2026-03-07,20:53,Starbucks,226.8,Savannah GA,Debit Card,1282,0
T005807,C0026,2026-01-23,12:38,Walmart,338.82,Miami FL,Credit Card,129,0
T005808,C0049,2026-01-06,20:05,Walmart,103.35,Jonesboro GA,Debit Card,334,0
T005809,C0039,2026-02-08,08:08,Target,106.57,Marietta GA,Debit Card,1351,0
T005810,C0041,2026-02-19,15:55,Home Depot,447.33,Atlanta GA,Credit Card,418,0
T005811,C0056,2026-03-30,12:05,Shell,178.22,Marietta GA,Debit Card,1377,0
T005812,C0040,2026-02-23,23:48,Publix,189.55,Charlotte NC,Debit Card,270,0
T005813,C0048,2026-02-07,18:44,Walmart,496.16,Miami FL,Debit Card,506,0
T005814,C0084,2026-03-16,21:56,Target,310.6,Miami FL,Debit Card,871,0
T005815,C0100,2026-01-02,14:09,Amazon,68.72,Marietta GA,Credit Card,1689,0
T005816,C0027,2026-03-14,18:00,Amazon,56.3,Marietta GA,Credit Card,1603,0
T005817,C0019,2026-02-03,06:01,Publix,250.35,Atlanta GA,Credit Card,1623,0
T005818,C0040,2026-02-24,22:19,Amazon,464.79,Miami FL,Debit Card,987,0
T005819,C0006,2026-01-21,20:20,PetSmart,197.41,Charlotte NC,Credit Card,1006,0
T005820,C0094,2026-01-26,19:32,Home Depot,476.42,Miami FL,Debit Card,89,0
T005821,C0046,2026-03-13,22:09,Amazon,267.31,Savannah GA,Credit Card,442,0
T005822,C0025,2026-03-19,23:10,Walmart,19.62,Miami FL,Debit Card,633,0
T005823,C0060,2026-03-09,18:08,PetSmart,184.16,Atlanta GA,Debit Card,243,0
T005824,C0001,2026-02-21,20:33,CVS,420.55,Miami FL,Debit Card,1943,0
T005825,C0088,2026-03-11,18:00,Starbucks,440.28,Miami FL,Credit Card,58,0
T005826,C0049,2026-01-21,21:37,Best Buy,438.25,Miami FL,Credit Card,126,0
T005827,C0040,2026-02-04,18:20,Starbucks,274.43,Jonesboro GA,Credit Card,1061,0
T005828,C0003,2026-03-18,10:10,Best Buy,340.42,Miami FL,Credit Card,1322,0
T005829,C0037,2026-02-26,06:13,Target,496.73,Charlotte NC,Debit Card,282,0
T005830,C0006,2026-01-01,23:58,Home Depot,135.88,Atlanta GA,Credit Card,1771,0
T005831,C0045,2026-01-06,14:57,Shell,277.74,Jonesboro GA,Debit Card,1963,0
T005832,C0069,2026-02-10,23:24,Amazon,211.16,Marietta GA,Debit Card,1909,0
T005833,C0089,2026-01-24,09:13,PetSmart,196.51,Charlotte NC,Credit Card,173,0
T005834,C0086,2026-02-24,19:19,Home Depot,214.07,Charlotte NC,Credit Card,144,0
T005835,C0041,2026-02-08,13:40,CVS,319.53,Miami FL,Debit Card,79,0
T005836,C0068,2026-01-28,20:33,PetSmart,421.72,Charlotte NC,Credit Card,384,0
T005837,C0083,2026-01-17,19:47,Publix,222.21,Charlotte NC,Credit Card,1825,0
T005838,C0068,2026-01-11,16:50,Home Depot,147.23,Savannah GA,Credit Card,1985,0
T005839,C0041,2026-02-26,12:45,PetSmart,121.29,Miami FL,Credit Card,189,0
T005840,C0037,2026-02-19,10:17,Starbucks,335.98,Atlanta GA,Debit Card,1014,0
T005841,C0077,2026-01-15,21:34,CVS,126.89,Jonesboro GA,Debit Card,355,0
T005842,C0058,2026-03-20,21:26,Amazon,179.17,Charlotte NC,Credit Card,920,0
T005843,C0018,2026-02-26,22:17,Walmart,413.33,Miami FL,Debit Card,1494,0
T005844,C0052,2026-02-27,15:26,Shell,169.37,Atlanta GA,Credit Card,820,0
T005845,C0018,2026-02-10,19:21,Target,257.94,Miami FL,Debit Card,1322,0
T005846,C0017,2026-02-12,23:50,Publix,79.1,Jonesboro GA,Debit Card,894,0
T005847,C0052,2026-01-08,20:10,PetSmart,288.41,Marietta GA,Credit Card,307,0
T005848,C0092,2026-03-27,06:06,Best Buy,26.62,Savannah GA,Debit Card,673,0
T005849,C0100,2026-02-26,13:35,Shell,260.8,Atlanta GA,Credit Card,863,0
T005850,C0086,2026-03-20,10:51,Home Depot,494.57,Miami FL,Credit Card,445,0
T005851,C0069,2026-02-15,14:27,CVS,73.22,Miami FL,Debit Card,1359,0
T005852,C0065,2026-01-12,07:14,Best Buy,447.25,Marietta GA,Debit Card,768,0
T005853,C0052,2026-01-07,23:58,Publix,322.51,Savannah GA,Debit Card,669,0
T005854,C0026,2026-03-16,11:26,PetSmart,354.49,Charlotte NC,Credit Card,328,0
T005855,C0062,2026-02-21,07:03,Amazon,7.01,Charlotte NC,Debit Card,1524,0
T005856,C0010,2026-02-19,07:37,Starbucks,431.58,Savannah GA,Debit Card,1667,0
T005857,C0056,2026-01-11,06:03,Target,285.45,Jonesboro GA,Credit Card,1253,0
T005858,C0014,2026-03-17,16:19,Best Buy,418.09,Savannah GA,Debit Card,725,0
T005859,C0040,2026-03-08,14:54,Amazon,52.56,Atlanta GA,Credit Card,849,0
T005860,C0017,2026-03-25,11:51,PetSmart,431.79,Charlotte NC,Debit Card,1713,0
T005861,C0001,2026-03-28,23:36,Publix,173.24,Marietta GA,Credit Card,1067,0
T005862,C0059,2026-01-26,11:06,Amazon,388.0,Atlanta GA,Debit Card,873,0
T005863,C0051,2026-02-27,07:40,Publix,27.7,Savannah GA,Credit Card,1119,0
T005864,C0087,2026-01-12,12:42,Best Buy,407.81,Atlanta GA,Credit Card,1899,0
T005865,C0033,2026-01-03,19:17,Walmart,182.01,Charlotte NC,Credit Card,390,0
T005866,C0019,2026-03-15,15:48,PetSmart,126.37,Savannah GA,Debit Card,1405,0
T005867,C0053,2026-02-15,07:54,Publix,338.48,Marietta GA,Debit Card,685,0
T005868,C0025,2026-02-03,08:05,Shell,337.6,Savannah GA,Debit Card,872,0
T005869,C0002,2026-02-15,12:45,Starbucks,352.05,Miami FL,Debit Card,1747,0
T005870,C0071,2026-03-18,23:31,Home Depot,174.96,Charlotte NC,Debit Card,1920,0
T005871,C0041,2026-01-09,17:56,CVS,34.37,Charlotte NC,Credit Card,691,0
T005872,C0021,2026-01-07,09:25,Home Depot,382.54,Charlotte NC,Credit Card,1921,0
T005873,C0036,2026-01-18,21:29,Amazon,315.45,Atlanta GA,Credit Card,1473,0
T005874,C0036,2026-01-19,15:22,Shell,117.5,Charlotte NC,Debit Card,1420,0
T005875,C0059,2026-02-06,07:18,Home Depot,348.15,Savannah GA,Debit Card,1784,0
T005876,C0061,2026-02-20,14:58,PetSmart,319.96,Marietta GA,Debit Card,1300,0
T005877,C0062,2026-02-07,09:36,Starbucks,332.44,Charlotte NC,Credit Card,1658,0
T005878,C0002,2026-03-18,20:35,Best Buy,15.78,Savannah GA,Credit Card,627,0
T005879,C0038,2026-02-01,08:24,Starbucks,291.58,Miami FL,Credit Card,1332,0
T005880,C0034,2026-02-24,17:32,Starbucks,253.87,Atlanta GA,Credit Card,744,0
T005881,C0078,2026-03-17,08:00,PetSmart,145.67,Atlanta GA,Credit Card,731,0
T005882,C0083,2026-03-09,14:14,Publix,184.02,Savannah GA,Credit Card,571,0
T005883,C0087,2026-03-25,10:49,Publix,480.82,Savannah GA,Debit Card,486,0
T005884,C0037,2026-03-01,06:32,Amazon,32.66,Jonesboro GA,Debit Card,1611,0
T005885,C0003,2026-01-31,16:39,Best Buy,40.2,Charlotte NC,Credit Card,1358,0
T005886,C0038,2026-03-25,14:54,Amazon,272.24,Jonesboro GA,Debit Card,697,0
T005887,C0080,2026-03-30,09:09,Walmart,108.59,Charlotte NC,Debit Card,1101,0
T005888,C0021,2026-01-24,18:19,Target,398.1,Charlotte NC,Credit Card,1335,0
T005889,C0020,2026-02-03,21:35,Target,163.07,Charlotte NC,Credit Card,1064,0
T005890,C0075,2026-01-08,17:54,Amazon,30.67,Savannah GA,Debit Card,87,0
T005891,C0057,2026-01-03,18:59,Walmart,473.77,Miami FL,Debit Card,296,0
T005892,C0050,2026-02-02,12:08,Amazon,205.31,Marietta GA,Debit Card,905,0
T005893,C0043,2026-03-05,22:03,PetSmart,479.1,Marietta GA,Credit Card,552,0
T005894,C0095,2026-03-24,13:28,PetSmart,259.14,Atlanta GA,Debit Card,1267,0
T005895,C0067,2026-03-25,12:39,PetSmart,85.73,Savannah GA,Debit Card,1236,0
T005896,C0080,2026-01-14,22:19,Best Buy,285.03,Marietta GA,Debit Card,771,0
T005897,C0036,2026-02-16,20:45,Shell,490.99,Atlanta GA,Credit Card,1853,0
T005898,C0073,2026-01-19,06:06,Starbucks,202.89,Miami FL,Credit Card,888,0
T005899,C0046,2026-02-06,20:54,Target,87.14,Jonesboro GA,Debit Card,1670,0
T005900,C0070,2026-01-29,12:13,PetSmart,323.18,Atlanta GA,Debit Card,174,0
T005901,C0083,2026-03-27,12:41,PetSmart,40.26,Miami FL,Credit Card,641,0
T005902,C0064,2026-02-24,09:54,Publix,310.05,Savannah GA,Credit Card,981,0
T005903,C0049,2026-01-03,06:50,Publix,75.54,Charlotte NC,Credit Card,118,0
T005904,C0022,2026-03-20,17:56,PetSmart,157.31,Miami FL,Debit Card,1702,0
T005905,C0067,2026-03-23,10:20,PetSmart,178.76,Atlanta GA,Credit Card,495,0
T005906,C0066,2026-03-20,06:21,Walmart,100.67,Charlotte NC,Debit Card,1873,0
T005907,C0028,2026-03-13,20:40,PetSmart,89.45,Savannah GA,Credit Card,1208,0
T005908,C0088,2026-02-19,11:11,Starbucks,147.06,Charlotte NC,Debit Card,839,0
T005909,C0066,2026-01-10,17:10,CVS,101.25,Savannah GA,Debit Card,1398,0
T005910,C0034,2026-03-26,06:28,Amazon,71.33,Miami FL,Debit Card,695,0
T005911,C0058,2026-03-25,15:16,CVS,158.69,Marietta GA,Credit Card,1369,0
T005912,C0078,2026-02-10,18:11,Shell,331.58,Atlanta GA,Debit Card,1326,0
T005913,C0034,2026-03-15,10:49,Amazon,8.14,Miami FL,Debit Card,1039,0
T005914,C0058,2026-01-30,19:33,Target,427.59,Jonesboro GA,Debit Card,708,0
T005915,C0001,2026-03-11,10:22,PetSmart,338.58,Atlanta GA,Debit Card,211,0
T005916,C0083,2026-03-10,19:28,Target,49.38,Atlanta GA,Credit Card,297,0
T005917,C0003,2026-02-17,19:27,PetSmart,140.57,Jonesboro GA,Credit Card,1978,0
T005918,C0010,2026-03-29,18:50,CVS,365.46,Savannah GA,Debit Card,49,0
T005919,C0012,2026-01-01,08:00,Publix,121.12,Atlanta GA,Debit Card,409,0
T005920,C0051,2026-02-08,20:23,Publix,192.35,Jonesboro GA,Debit Card,888,0
T005921,C0083,2026-01-18,21:30,Best Buy,441.79,Jonesboro GA,Debit Card,646,0
T005922,C0011,2026-02-11,06:50,Walmart,219.44,Jonesboro GA,Credit Card,1570,0
T005923,C0093,2026-02-08,19:48,Starbucks,31.99,Marietta GA,Credit Card,1469,0
T005924,C0024,2026-02-23,09:53,Target,320.05,Jonesboro GA,Debit Card,798,0
T005925,C0043,2026-01-02,16:13,Amazon,419.0,Savannah GA,Credit Card,1619,0
T005926,C0038,2026-03-09,08:40,Starbucks,475.71,Miami FL,Credit Card,1854,0
T005927,C0054,2026-03-15,18:07,Starbucks,35.89,Miami FL,Credit Card,750,0
T005928,C0008,2026-01-16,18:38,PetSmart,218.76,Atlanta GA,Credit Card,141,0
T005929,C0029,2026-01-08,14:07,Best Buy,169.17,Savannah GA,Credit Card,274,0
T005930,C0059,2026-02-25,12:06,CVS,224.32,Charlotte NC,Debit Card,1247,0
T005931,C0074,2026-03-21,18:43,Shell,20.98,Savannah GA,Debit Card,129,0
T005932,C0071,2026-01-20,10:38,PetSmart,414.56,Jonesboro GA,Debit Card,1797,0
T005933,C0066,2026-02-09,21:28,Amazon,272.82,Atlanta GA,Debit Card,1769,0
T005934,C0073,2026-01-28,20:22,Home Depot,131.7,Miami FL,Credit Card,1303,0
T005935,C0052,2026-02-25,11:28,Home Depot,271.26,Charlotte NC,Debit Card,549,0
T005936,C0065,2026-01-05,20:04,Starbucks,11.04,Charlotte NC,Credit Card,1871,0
T005937,C0042,2026-02-15,06:07,Shell,297.25,Savannah GA,Debit Card,1693,0
T005938,C0025,2026-03-26,08:04,Amazon,429.66,Savannah GA,Debit Card,1740,0
T005939,C0042,2026-03-10,11:58,Best Buy,142.13,Savannah GA,Credit Card,1125,0
T005940,C0024,2026-03-24,09:41,Shell,469.41,Savannah GA,Debit Card,521,0
T005941,C0058,2026-02-05,11:42,Target,32.69,Savannah GA,Debit Card,1689,0
T005942,C0028,2026-03-02,23:05,Target,321.15,Jonesboro GA,Debit Card,1660,0
T005943,C0029,2026-03-07,08:45,Target,185.47,Charlotte NC,Credit Card,524,0
T005944,C0049,2026-02-26,07:19,CVS,141.51,Atlanta GA,Credit Card,915,0
T005945,C0094,2026-02-14,23:04,Shell,34.69,Jonesboro GA,Debit Card,702,0
T005946,C0013,2026-03-05,23:36,CVS,454.35,Marietta GA,Debit Card,1845,0
T005947,C0012,2026-03-10,07:01,Target,219.84,Miami FL,Credit Card,1307,0
T005948,C0065,2026-03-08,08:57,Best Buy,322.04,Charlotte NC,Credit Card,1998,0
T005949,C0038,2026-02-24,18:06,Shell,448.76,Atlanta GA,Debit Card,240,0
T005950,C0062,2026-02-05,11:00,PetSmart,418.45,Charlotte NC,Credit Card,868,0
T005951,C0061,2026-03-08,17:35,Walmart,174.43,Miami FL,Credit Card,344,0
T005952,C0036,2026-03-29,16:44,Walmart,244.84,Jonesboro GA,Debit Card,1021,0
T005953,C0023,2026-01-26,08:23,Shell,119.08,Atlanta GA,Credit Card,162,0
T005954,C0096,2026-03-17,23:38,Home Depot,226.43,Savannah GA,Credit Card,921,0
T005955,C0023,2026-03-23,20:26,Starbucks,307.33,Charlotte NC,Debit Card,570,0
T005956,C0083,2026-02-14,22:59,Target,296.95,Miami FL,Debit Card,463,0
T005957,C0024,2026-01-18,18:14,Publix,45.96,Atlanta GA,Credit Card,464,0
T005958,C0034,2026-03-04,21:03,CVS,224.32,Marietta GA,Credit Card,1118,0
T005959,C0042,2026-01-23,13:39,CVS,214.21,Jonesboro GA,Credit Card,1379,0
T005960,C0096,2026-03-30,14:16,Publix,135.64,Charlotte NC,Debit Card,1132,0
T005961,C0024,2026-02-10,16:30,Target,63.01,Marietta GA,Credit Card,860,0
T005962,C0078,2026-01-14,12:39,Shell,435.7,Atlanta GA,Debit Card,1147,0
T005963,C0098,2026-01-27,21:23,Publix,82.76,Jonesboro GA,Credit Card,58,0
T005964,C0065,2026-03-01,16:57,Amazon,124.9,Miami FL,Debit Card,371,0
T005965,C0041,2026-01-31,14:44,Starbucks,77.87,Charlotte NC,Credit Card,326,0
T005966,C0013,2026-03-03,19:20,Amazon,399.85,Miami FL,Debit Card,1961,0
T005967,C0056,2026-01-29,17:01,Starbucks,247.96,Miami FL,Credit Card,55,0
T005968,C0054,2026-03-08,07:57,Shell,386.79,Charlotte NC,Debit Card,654,0
T005969,C0067,2026-03-28,23:10,Starbucks,25.63,Miami FL,Debit Card,1093,0
T005970,C0049,2026-01-24,12:55,Starbucks,263.18,Jonesboro GA,Debit Card,1530,0
T005971,C0096,2026-01-21,17:55,PetSmart,438.94,Atlanta GA,Debit Card,1067,0
T005972,C0060,2026-02-17,17:34,Amazon,264.17,Savannah GA,Credit Card,302,0
T005973,C0087,2026-03-27,08:26,Starbucks,379.09,Savannah GA,Credit Card,972,0
T005974,C0048,2026-01-18,20:47,Walmart,188.2,Atlanta GA,Credit Card,80,0
T005975,C0100,2026-02-06,20:30,Amazon,415.57,Jonesboro GA,Credit Card,1924,0
T005976,C0044,2026-03-04,08:15,Best Buy,109.71,Charlotte NC,Debit Card,930,0
T005977,C0076,2026-01-04,16:15,CVS,8.91,Miami FL,Debit Card,1066,0
T005978,C0024,2026-01-20,13:42,Home Depot,400.06,Miami FL,Credit Card,1809,0
T005979,C0079,2026-02-16,12:48,Best Buy,345.53,Jonesboro GA,Debit Card,1351,0
T005980,C0063,2026-01-21,16:59,Best Buy,169.43,Jonesboro GA,Debit Card,815,0
T005981,C0020,2026-03-26,12:50,Starbucks,273.12,Marietta GA,Credit Card,604,0
T005982,C0099,2026-01-17,18:07,Best Buy,400.99,Jonesboro GA,Debit Card,459,0
T005983,C0067,2026-02-18,07:58,Walmart,281.71,Savannah GA,Credit Card,1522,0
T005984,C0056,2026-02-03,16:04,CVS,304.58,Miami FL,Credit Card,105,0
T005985,C0050,2026-01-10,18:09,Home Depot,310.09,Marietta GA,Credit Card,1222,0
T005986,C0067,2026-03-04,22:23,Best Buy,348.54,Atlanta GA,Debit Card,1465,0
T005987,C0064,2026-01-25,06:23,Target,213.65,Atlanta GA,Credit Card,801,0
T005988,C0077,2026-02-10,07:43,Publix,456.89,Charlotte NC,Debit Card,1220,0
T005989,C0050,2026-02-10,11:35,CVS,74.38,Jonesboro GA,Credit Card,1112,0
T005990,C0070,2026-03-12,22:48,CVS,340.29,Miami FL,Credit Card,1593,0
T005991,C0067,2026-01-01,20:06,Best Buy,50.42,Atlanta GA,Credit Card,608,0
T005992,C0077,2026-02-22,22:01,Starbucks,17.71,Marietta GA,Debit Card,1069,0
T005993,C0084,2026-02-04,12:51,Publix,134.23,Miami FL,Debit Card,1735,0
T005994,C0063,2026-03-05,21:54,Starbucks,91.02,Atlanta GA,Credit Card,883,0
T005995,C0028,2026-01-10,22:03,Home Depot,358.98,Marietta GA,Credit Card,1670,0
T005996,C0039,2026-01-06,21:36,Amazon,350.72,Miami FL,Debit Card,1029,0
T005997,C0043,2026-03-13,09:35,Best Buy,92.41,Miami FL,Debit Card,1584,0
T005998,C0005,2026-01-22,08:45,Target,143.24,Miami FL,Debit Card,1983,0
T005999,C0089,2026-02-19,17:39,Amazon,83.95,Atlanta GA,Credit Card,1446,0
T006000,C0057,2026-01-17,12:06,Shell,112.52,Savannah GA,Credit Card,302,0
T006001,C0010,2026-01-03,15:11,PetSmart,226.65,Miami FL,Credit Card,1470,0
T006002,C0032,2026-03-12,08:55,Starbucks,265.31,Savannah GA,Debit Card,192,0
T006003,C0069,2026-01-28,06:54,Publix,16.97,Miami FL,Credit Card,565,0
T006004,C0015,2026-01-22,18:05,Best Buy,433.42,Jonesboro GA,Credit Card,1163,0
T006005,C0073,2026-01-06,06:57,Target,116.5,Atlanta GA,Debit Card,1720,0
T006006,C0009,2026-01-09,13:25,PetSmart,380.08,Miami FL,Credit Card,1806,0
T006007,C0082,2026-01-03,08:13,Starbucks,273.89,Marietta GA,Credit Card,1386,0
T006008,C0058,2026-03-25,23:56,Walmart,426.03,Marietta GA,Credit Card,1765,0
T006009,C0012,2026-02-05,18:39,CVS,42.0,Jonesboro GA,Credit Card,823,0
T006010,C0011,2026-03-05,10:57,Amazon,468.16,Savannah GA,Credit Card,1035,0
T006011,C0021,2026-03-31,23:00,Walmart,185.41,Charlotte NC,Debit Card,918,0
T006012,C0095,2026-01-27,17:01,Amazon,118.2,Charlotte NC,Debit Card,259,0
T006013,C0052,2026-01-09,07:19,Starbucks,166.1,Savannah GA,Credit Card,1756,0
T006014,C0074,2026-01-05,17:42,Shell,245.25,Savannah GA,Credit Card,182,0
T006015,C0094,2026-01-17,06:37,Publix,114.56,Atlanta GA,Credit Card,840,0
T006016,C0057,2026-01-01,21:19,Amazon,150.24,Atlanta GA,Credit Card,221,0
T006017,C0082,2026-01-31,13:36,Amazon,210.36,Jonesboro GA,Debit Card,132,0
T006018,C0029,2026-01-26,13:38,Best Buy,242.86,Marietta GA,Debit Card,237,0
T006019,C0076,2026-01-04,23:19,Publix,352.77,Miami FL,Credit Card,238,0
T006020,C0051,2026-01-06,08:45,Starbucks,246.63,Charlotte NC,Debit Card,665,0
T006021,C0056,2026-02-16,06:53,Home Depot,137.66,Marietta GA,Credit Card,1630,0
T006022,C0003,2026-02-17,17:32,Amazon,385.43,Miami FL,Debit Card,1497,0
T006023,C0087,2026-01-08,09:32,Shell,323.2,Savannah GA,Debit Card,246,0
T006024,C0098,2026-01-01,09:24,CVS,110.74,Atlanta GA,Credit Card,742,0
T006025,C0014,2026-01-03,09:54,CVS,205.95,Miami FL,Credit Card,1026,0
T006026,C0099,2026-01-16,11:24,Publix,484.67,Atlanta GA,Debit Card,1698,0
T006027,C0060,2026-02-05,18:06,PetSmart,402.19,Charlotte NC,Debit Card,1843,0
T006028,C0051,2026-03-07,15:12,Starbucks,338.45,Charlotte NC,Credit Card,1531,0
T006029,C0078,2026-03-23,23:53,Best Buy,271.28,Jonesboro GA,Debit Card,1583,0
T006030,C0082,2026-01-01,14:54,PetSmart,75.38,Marietta GA,Credit Card,1966,0
T006031,C0072,2026-02-19,16:14,PetSmart,415.06,Atlanta GA,Credit Card,612,0
T006032,C0063,2026-01-19,21:07,Best Buy,130.0,Jonesboro GA,Credit Card,1435,0
T006033,C0075,2026-02-07,17:37,PetSmart,112.85,Jonesboro GA,Debit Card,784,0
T006034,C0046,2026-03-22,06:27,Walmart,29.62,Miami FL,Credit Card,1502,0
T006035,C0075,2026-02-10,19:58,Publix,101.92,Jonesboro GA,Debit Card,1908,0
T006036,C0033,2026-01-27,19:40,Starbucks,298.78,Savannah GA,Credit Card,220,0
T006037,C0005,2026-01-08,22:07,CVS,134.23,Atlanta GA,Credit Card,570,0
T006038,C0091,2026-01-20,12:26,Best Buy,223.77,Charlotte NC,Debit Card,42,0
T006039,C0057,2026-02-24,06:10,Shell,34.33,Atlanta GA,Debit Card,385,0
T006040,C0047,2026-01-26,08:12,Starbucks,454.49,Jonesboro GA,Debit Card,551,0
T006041,C0096,2026-01-24,23:01,Target,97.31,Savannah GA,Debit Card,1888,0
T006042,C0074,2026-02-04,07:06,Publix,248.43,Jonesboro GA,Credit Card,825,0
T006043,C0032,2026-03-12,14:35,PetSmart,178.74,Miami FL,Credit Card,367,0
T006044,C0071,2026-01-28,18:39,Target,308.71,Savannah GA,Credit Card,1321,0
T006045,C0014,2026-02-24,17:27,Walmart,401.67,Miami FL,Credit Card,1980,0
T006046,C0014,2026-02-05,19:53,Starbucks,146.02,Atlanta GA,Debit Card,1960,0
T006047,C0062,2026-02-15,18:10,Best Buy,279.73,Jonesboro GA,Debit Card,707,0
T006048,C0007,2026-03-29,08:41,Home Depot,33.69,Jonesboro GA,Debit Card,1805,0
T006049,C0040,2026-01-02,11:32,Amazon,181.31,Miami FL,Credit Card,914,0
T006050,C0016,2026-01-14,14:15,Walmart,316.18,Marietta GA,Debit Card,1112,0
T006051,C0087,2026-02-01,11:59,Starbucks,74.77,Jonesboro GA,Debit Card,1407,0
T006052,C0093,2026-01-16,23:48,Home Depot,417.28,Savannah GA,Debit Card,280,0
T006053,C0073,2026-01-27,07:54,Home Depot,96.91,Atlanta GA,Debit Card,1793,0
T006054,C0044,2026-01-02,23:14,Amazon,247.05,Atlanta GA,Debit Card,1692,0
T006055,C0007,2026-02-25,21:29,Amazon,14.19,Miami FL,Debit Card,1651,0
T006056,C0052,2026-03-24,09:47,CVS,292.93,Marietta GA,Credit Card,65,0
T006057,C0043,2026-01-05,17:31,Walmart,291.43,Savannah GA,Credit Card,630,0
T006058,C0098,2026-02-25,09:56,Shell,17.13,Jonesboro GA,Debit Card,663,0
T006059,C0032,2026-03-12,15:15,Home Depot,238.06,Savannah GA,Debit Card,268,0
T006060,C0099,2026-02-24,16:38,Publix,209.51,Charlotte NC,Debit Card,1903,0
T006061,C0060,2026-02-22,13:10,CVS,94.13,Marietta GA,Debit Card,1496,0
T006062,C0061,2026-03-04,07:12,Amazon,474.15,Marietta GA,Debit Card,1415,0
T006063,C0082,2026-02-21,16:43,CVS,166.6,Atlanta GA,Credit Card,1680,0
T006064,C0014,2026-01-03,20:25,Shell,157.55,Atlanta GA,Credit Card,1091,0
T006065,C0084,2026-03-30,23:05,Amazon,195.4,Marietta GA,Debit Card,1342,0
T006066,C0082,2026-03-22,08:37,Best Buy,406.12,Atlanta GA,Debit Card,241,0
T006067,C0061,2026-01-31,19:47,Walmart,97.11,Marietta GA,Debit Card,522,0
T006068,C0057,2026-03-10,07:04,Shell,233.94,Charlotte NC,Credit Card,476,0
T006069,C0010,2026-01-25,17:55,Home Depot,147.19,Jonesboro GA,Credit Card,1410,0
T006070,C0062,2026-01-09,09:47,Target,209.96,Savannah GA,Credit Card,617,0
T006071,C0060,2026-02-02,20:34,Best Buy,225.39,Marietta GA,Credit Card,1016,0
T006072,C0097,2026-02-05,16:59,Amazon,159.46,Charlotte NC,Debit Card,744,0
T006073,C0054,2026-01-13,18:32,Shell,36.78,Savannah GA,Credit Card,1123,0
T006074,C0042,2026-03-02,06:00,CVS,204.2,Marietta GA,Debit Card,1147,0
T006075,C0083,2026-01-25,07:07,Home Depot,115.68,Miami FL,Debit Card,640,0
T006076,C0071,2026-02-25,06:33,Publix,205.28,Savannah GA,Credit Card,1114,0
T006077,C0007,2026-03-27,10:18,Shell,376.77,Atlanta GA,Credit Card,612,0
T006078,C0052,2026-03-01,12:16,Starbucks,218.95,Miami FL,Credit Card,1448,0
T006079,C0049,2026-02-25,12:05,Walmart,112.68,Miami FL,Debit Card,566,0
T006080,C0073,2026-01-25,20:58,Amazon,260.56,Charlotte NC,Credit Card,303,0
T006081,C0098,2026-01-01,15:21,Starbucks,262.45,Miami FL,Credit Card,43,0
T006082,C0084,2026-01-15,08:25,Amazon,142.21,Atlanta GA,Credit Card,616,0
T006083,C0063,2026-01-26,23:44,Best Buy,364.05,Jonesboro GA,Credit Card,863,0
T006084,C0072,2026-03-02,10:56,Target,463.29,Marietta GA,Credit Card,1460,0
T006085,C0021,2026-02-16,17:57,PetSmart,281.34,Charlotte NC,Credit Card,455,0
T006086,C0085,2026-03-10,13:02,CVS,345.75,Marietta GA,Debit Card,1939,0
T006087,C0023,2026-02-22,07:41,Target,245.91,Marietta GA,Debit Card,518,0
T006088,C0032,2026-03-02,22:29,Home Depot,457.37,Jonesboro GA,Credit Card,856,0
T006089,C0002,2026-01-02,21:10,Starbucks,158.34,Miami FL,Debit Card,877,0
T006090,C0089,2026-03-30,06:15,Shell,6.88,Miami FL,Credit Card,1233,0
T006091,C0012,2026-03-07,13:28,Best Buy,90.95,Savannah GA,Credit Card,1278,0
T006092,C0082,2026-03-14,13:48,Amazon,453.33,Miami FL,Debit Card,148,0
T006093,C0100,2026-03-24,22:06,Home Depot,394.64,Marietta GA,Credit Card,590,0
T006094,C0055,2026-02-01,19:37,CVS,298.81,Jonesboro GA,Credit Card,1087,0
T006095,C0094,2026-01-22,15:52,Starbucks,26.16,Marietta GA,Credit Card,1077,0
T006096,C0054,2026-03-28,11:14,Target,173.63,Charlotte NC,Credit Card,136,0
T006097,C0089,2026-03-15,14:24,Best Buy,36.94,Savannah GA,Credit Card,1036,0
T006098,C0005,2026-03-13,06:16,Target,425.14,Jonesboro GA,Credit Card,633,0
T006099,C0057,2026-01-26,19:08,Target,493.67,Marietta GA,Credit Card,613,0
T006100,C0071,2026-01-28,20:34,PetSmart,204.33,Jonesboro GA,Debit Card,1354,0
T006101,C0072,2026-01-29,10:51,Best Buy,242.43,Charlotte NC,Credit Card,955,0
T006102,C0059,2026-01-25,16:40,Best Buy,487.24,Atlanta GA,Debit Card,165,0
T006103,C0091,2026-03-02,15:04,Amazon,216.19,Savannah GA,Credit Card,1459,0
T006104,C0053,2026-02-23,18:59,CVS,323.99,Miami FL,Debit Card,1480,0
T006105,C0032,2026-01-11,22:17,Amazon,211.16,Savannah GA,Debit Card,754,0
T006106,C0029,2026-03-05,22:23,Publix,243.42,Savannah GA,Debit Card,1182,0
T006107,C0018,2026-02-22,08:34,CVS,255.03,Jonesboro GA,Debit Card,1424,0
T006108,C0066,2026-03-14,11:12,Amazon,159.47,Savannah GA,Debit Card,1583,0
T006109,C0080,2026-02-04,16:00,Best Buy,69.61,Atlanta GA,Debit Card,403,0
T006110,C0045,2026-03-03,22:11,Best Buy,81.93,Savannah GA,Credit Card,1295,0
T006111,C0043,2026-01-14,06:14,CVS,457.0,Miami FL,Credit Card,927,0
T006112,C0093,2026-01-01,13:53,Best Buy,296.6,Marietta GA,Credit Card,1652,0
T006113,C0066,2026-01-12,11:27,Walmart,247.97,Jonesboro GA,Credit Card,1281,0
T006114,C0071,2026-01-16,06:33,Walmart,162.82,Miami FL,Debit Card,876,0
T006115,C0100,2026-01-01,21:54,Target,459.38,Miami FL,Debit Card,1515,0
T006116,C0096,2026-01-31,10:39,Home Depot,340.82,Marietta GA,Credit Card,652,0
T006117,C0005,2026-03-17,15:11,Starbucks,398.2,Charlotte NC,Debit Card,765,0
T006118,C0006,2026-02-16,16:30,Target,226.91,Savannah GA,Debit Card,647,0
T006119,C0067,2026-01-02,21:42,Best Buy,279.85,Marietta GA,Credit Card,1562,0
T006120,C0097,2026-02-13,16:30,Walmart,34.36,Jonesboro GA,Debit Card,460,0
T006121,C0067,2026-01-01,06:47,Shell,288.26,Atlanta GA,Credit Card,913,0
T006122,C0049,2026-01-25,08:28,Target,331.7,Savannah GA,Credit Card,805,0
T006123,C0052,2026-03-30,17:24,Walmart,150.18,Charlotte NC,Credit Card,1260,0
T006124,C0060,2026-01-30,18:55,CVS,150.21,Atlanta GA,Credit Card,1299,0
T006125,C0058,2026-02-16,14:25,Publix,424.24,Savannah GA,Debit Card,1638,0
T006126,C0003,2026-01-24,19:01,Best Buy,137.82,Miami FL,Credit Card,793,0
T006127,C0025,2026-02-09,19:37,Amazon,407.37,Miami FL,Credit Card,849,0
T006128,C0049,2026-02-10,22:35,Walmart,259.38,Miami FL,Credit Card,104,0
T006129,C0037,2026-01-29,15:33,Target,100.52,Jonesboro GA,Credit Card,941,0
T006130,C0034,2026-02-19,09:58,Publix,401.99,Atlanta GA,Credit Card,1184,0
T006131,C0031,2026-01-21,12:56,PetSmart,433.64,Miami FL,Credit Card,75,0
T006132,C0077,2026-01-09,11:05,Shell,472.16,Jonesboro GA,Credit Card,1650,0
T006133,C0026,2026-02-26,06:58,Shell,168.53,Charlotte NC,Debit Card,113,0
T006134,C0061,2026-03-13,21:08,Starbucks,196.74,Jonesboro GA,Debit Card,1952,0
T006135,C0032,2026-02-14,20:55,Walmart,470.87,Savannah GA,Credit Card,1109,0
T006136,C0026,2026-02-17,09:50,PetSmart,325.44,Charlotte NC,Credit Card,137,0
T006137,C0037,2026-03-03,18:31,Target,245.41,Marietta GA,Debit Card,1271,0
T006138,C0047,2026-01-17,14:55,CVS,372.97,Charlotte NC,Credit Card,1261,0
T006139,C0050,2026-02-23,21:20,PetSmart,44.38,Marietta GA,Debit Card,702,0
T006140,C0100,2026-01-04,15:21,PetSmart,405.48,Miami FL,Credit Card,570,0
T006141,C0086,2026-01-27,23:59,Walmart,451.57,Marietta GA,Debit Card,1538,0
T006142,C0068,2026-02-05,09:15,Starbucks,204.82,Savannah GA,Debit Card,1412,0
T006143,C0050,2026-03-08,19:53,Best Buy,384.43,Savannah GA,Debit Card,1066,0
T006144,C0078,2026-03-03,22:27,CVS,262.08,Savannah GA,Credit Card,505,0
T006145,C0073,2026-01-31,16:37,Target,271.92,Jonesboro GA,Credit Card,108,0
T006146,C0096,2026-02-07,14:29,CVS,345.06,Jonesboro GA,Credit Card,601,0
T006147,C0024,2026-02-08,14:21,PetSmart,73.17,Atlanta GA,Debit Card,1517,0
T006148,C0020,2026-03-19,16:16,PetSmart,36.55,Miami FL,Debit Card,972,0
T006149,C0084,2026-01-08,20:20,Starbucks,142.25,Miami FL,Debit Card,215,0
T006150,C0079,2026-02-18,06:15,Amazon,466.13,Miami FL,Credit Card,949,0
T006151,C0070,2026-02-22,22:38,Starbucks,118.05,Miami FL,Credit Card,1277,0
T006152,C0089,2026-03-24,17:34,Target,282.12,Charlotte NC,Credit Card,1043,0
T006153,C0062,2026-01-14,12:36,PetSmart,182.32,Atlanta GA,Debit Card,1369,0
T006154,C0087,2026-02-20,20:53,CVS,492.64,Marietta GA,Credit Card,1283,0
T006155,C0062,2026-01-12,21:49,Shell,408.16,Charlotte NC,Debit Card,1017,0
T006156,C0009,2026-02-26,22:26,Home Depot,206.13,Savannah GA,Credit Card,173,0
T006157,C0052,2026-03-10,09:15,Amazon,107.78,Marietta GA,Debit Card,51,0
T006158,C0026,2026-03-29,22:26,Starbucks,69.26,Charlotte NC,Debit Card,650,0
T006159,C0004,2026-02-05,21:28,CVS,201.27,Jonesboro GA,Debit Card,92,0
T006160,C0100,2026-02-01,14:36,Publix,151.99,Marietta GA,Debit Card,1360,0
T006161,C0044,2026-03-01,18:10,Shell,58.92,Atlanta GA,Credit Card,129,0
T006162,C0070,2026-03-20,13:57,Walmart,432.7,Atlanta GA,Credit Card,551,0
T006163,C0065,2026-03-28,11:52,Starbucks,458.98,Miami FL,Credit Card,68,0
T006164,C0046,2026-03-23,17:25,Amazon,17.81,Savannah GA,Debit Card,1104,0
T006165,C0055,2026-01-11,11:56,CVS,23.98,Savannah GA,Credit Card,477,0
T006166,C0025,2026-01-02,14:57,Target,404.04,Jonesboro GA,Credit Card,1981,0
T006167,C0016,2026-03-30,14:44,Publix,166.89,Charlotte NC,Debit Card,1671,0
T006168,C0019,2026-01-12,11:30,PetSmart,488.15,Savannah GA,Debit Card,949,0
T006169,C0094,2026-01-29,13:53,CVS,403.14,Charlotte NC,Credit Card,703,0
T006170,C0056,2026-03-12,14:16,CVS,14.86,Jonesboro GA,Credit Card,1661,0
T006171,C0042,2026-03-27,11:56,PetSmart,46.57,Savannah GA,Debit Card,1208,0
T006172,C0092,2026-01-02,12:04,Publix,144.26,Atlanta GA,Debit Card,1124,0
T006173,C0040,2026-03-27,11:40,Target,444.43,Charlotte NC,Debit Card,865,0
T006174,C0048,2026-02-24,17:44,Starbucks,319.1,Marietta GA,Debit Card,1859,0
T006175,C0047,2026-03-26,07:14,Shell,68.1,Savannah GA,Credit Card,1588,0
T006176,C0098,2026-01-23,19:16,Home Depot,230.21,Jonesboro GA,Debit Card,649,0
T006177,C0087,2026-03-07,09:57,Walmart,354.15,Atlanta GA,Credit Card,644,0
T006178,C0087,2026-03-23,14:52,Amazon,173.13,Jonesboro GA,Credit Card,398,0
T006179,C0044,2026-03-24,06:31,Best Buy,404.02,Marietta GA,Debit Card,1450,0
T006180,C0066,2026-02-28,16:54,Target,484.57,Marietta GA,Debit Card,179,0
T006181,C0032,2026-03-21,08:32,Shell,337.97,Atlanta GA,Debit Card,1810,0
T006182,C0095,2026-03-10,10:42,Publix,350.91,Atlanta GA,Debit Card,563,0
T006183,C0007,2026-02-23,17:04,Publix,385.58,Charlotte NC,Debit Card,298,0
T006184,C0008,2026-03-24,19:06,Best Buy,332.63,Miami FL,Credit Card,226,0
T006185,C0080,2026-02-26,10:21,Publix,113.17,Miami FL,Debit Card,518,0
T006186,C0001,2026-02-18,15:14,Amazon,269.9,Atlanta GA,Debit Card,1594,0
T006187,C0077,2026-03-30,16:16,Shell,275.79,Jonesboro GA,Credit Card,1407,0
T006188,C0003,2026-01-27,09:36,Walmart,390.92,Miami FL,Credit Card,756,0
T006189,C0007,2026-02-13,12:37,PetSmart,125.25,Miami FL,Debit Card,85,0
T006190,C0005,2026-03-21,11:56,Amazon,473.07,Jonesboro GA,Credit Card,825,0
T006191,C0019,2026-02-17,17:59,Walmart,385.64,Jonesboro GA,Debit Card,1514,0
T006192,C0049,2026-02-17,18:50,Starbucks,305.46,Miami FL,Debit Card,736,0
T006193,C0094,2026-01-30,13:38,PetSmart,417.98,Miami FL,Credit Card,1218,0
T006194,C0099,2026-03-29,17:05,Shell,19.59,Marietta GA,Credit Card,1134,0
T006195,C0065,2026-03-09,11:50,Home Depot,275.74,Jonesboro GA,Debit Card,1833,0
T006196,C0068,2026-03-07,13:38,Walmart,243.74,Charlotte NC,Debit Card,942,0
T006197,C0067,2026-03-13,19:52,Amazon,282.62,Atlanta GA,Credit Card,770,0
T006198,C0081,2026-03-23,06:53,CVS,205.09,Charlotte NC,Debit Card,953,0
T006199,C0097,2026-02-10,18:40,Shell,82.9,Jonesboro GA,Debit Card,987,0
T006200,C0001,2026-03-10,22:28,Amazon,54.21,Marietta GA,Debit Card,760,0
T006201,C0067,2026-03-12,07:42,PetSmart,398.36,Jonesboro GA,Credit Card,300,0
T006202,C0005,2026-02-21,07:56,PetSmart,27.59,Jonesboro GA,Credit Card,977,0
T006203,C0037,2026-02-03,23:16,Amazon,318.23,Miami FL,Credit Card,1013,0
T006204,C0064,2026-02-08,14:52,Amazon,25.51,Miami FL,Credit Card,1865,0
T006205,C0100,2026-01-13,21:05,Shell,121.59,Atlanta GA,Debit Card,1891,0
T006206,C0070,2026-01-24,07:48,CVS,64.79,Charlotte NC,Credit Card,431,0
T006207,C0097,2026-03-25,08:47,Best Buy,307.16,Savannah GA,Credit Card,838,0
T006208,C0080,2026-03-23,18:26,Shell,45.86,Marietta GA,Debit Card,1386,0
T006209,C0054,2026-03-04,13:22,Shell,495.55,Savannah GA,Credit Card,404,0
T006210,C0057,2026-03-31,06:34,Publix,71.91,Savannah GA,Debit Card,537,0
T006211,C0014,2026-02-19,08:40,Amazon,42.24,Atlanta GA,Credit Card,1803,0
T006212,C0068,2026-03-14,07:03,Amazon,168.61,Marietta GA,Credit Card,1748,0
T006213,C0064,2026-03-31,14:13,Shell,438.76,Atlanta GA,Debit Card,1974,0
T006214,C0005,2026-01-19,23:54,Home Depot,402.41,Savannah GA,Credit Card,1388,0
T006215,C0031,2026-01-17,15:24,Target,74.45,Savannah GA,Debit Card,1743,0
T006216,C0095,2026-02-18,07:50,Shell,62.26,Jonesboro GA,Debit Card,835,0
T006217,C0008,2026-02-28,22:34,Best Buy,248.26,Savannah GA,Credit Card,1843,0
T006218,C0080,2026-01-16,07:03,Starbucks,65.51,Atlanta GA,Debit Card,970,0
T006219,C0021,2026-03-10,07:46,CVS,238.11,Atlanta GA,Debit Card,244,0
T006220,C0084,2026-02-20,14:29,Target,368.75,Savannah GA,Credit Card,1336,0
T006221,C0087,2026-02-17,20:48,Best Buy,271.98,Charlotte NC,Debit Card,776,0
T006222,C0058,2026-01-29,18:40,CVS,403.75,Atlanta GA,Credit Card,974,0
T006223,C0094,2026-03-19,08:53,Publix,385.26,Charlotte NC,Debit Card,72,0
T006224,C0075,2026-03-03,22:18,CVS,372.43,Charlotte NC,Credit Card,1135,0
T006225,C0092,2026-01-06,23:00,Best Buy,112.52,Jonesboro GA,Credit Card,621,0
T006226,C0041,2026-01-04,14:39,Amazon,439.1,Marietta GA,Debit Card,1704,0
T006227,C0070,2026-01-01,06:09,Starbucks,425.09,Atlanta GA,Debit Card,834,0
T006228,C0099,2026-02-14,12:51,PetSmart,134.64,Jonesboro GA,Debit Card,1481,0
T006229,C0100,2026-01-12,19:13,CVS,396.0,Savannah GA,Debit Card,1113,0
T006230,C0018,2026-01-19,12:03,Publix,238.2,Atlanta GA,Credit Card,424,0
T006231,C0045,2026-01-23,18:14,Home Depot,239.98,Marietta GA,Credit Card,1433,0
T006232,C0032,2026-02-03,23:59,Walmart,392.47,Miami FL,Credit Card,1756,0
T006233,C0082,2026-01-11,09:10,Walmart,440.87,Miami FL,Debit Card,1610,0
T006234,C0048,2026-01-30,07:25,Home Depot,155.75,Atlanta GA,Debit Card,682,0
T006235,C0088,2026-01-18,20:06,PetSmart,50.91,Savannah GA,Credit Card,1468,0
T006236,C0052,2026-01-13,20:26,Home Depot,284.51,Atlanta GA,Credit Card,1873,0
T006237,C0055,2026-01-20,19:30,Amazon,47.2,Jonesboro GA,Credit Card,443,0
T006238,C0084,2026-01-01,18:34,PetSmart,11.19,Atlanta GA,Credit Card,870,0
T006239,C0068,2026-02-09,09:18,Best Buy,496.09,Jonesboro GA,Debit Card,998,0
T006240,C0031,2026-03-14,16:12,Publix,216.73,Miami FL,Debit Card,1332,0
T006241,C0060,2026-02-28,20:59,Shell,90.34,Marietta GA,Debit Card,807,0
T006242,C0069,2026-01-29,17:05,CVS,360.14,Miami FL,Debit Card,824,0
T006243,C0081,2026-03-27,13:42,Best Buy,363.95,Atlanta GA,Credit Card,1013,0
T006244,C0095,2026-01-03,17:45,Walmart,339.79,Atlanta GA,Debit Card,1353,0
T006245,C0008,2026-01-13,18:46,PetSmart,178.82,Charlotte NC,Credit Card,1396,0
T006246,C0081,2026-02-09,21:58,Amazon,33.69,Marietta GA,Credit Card,1036,0
T006247,C0020,2026-01-12,17:40,Publix,42.27,Charlotte NC,Debit Card,1345,0
T006248,C0078,2026-03-06,15:05,Publix,118.9,Charlotte NC,Credit Card,835,0
T006249,C0017,2026-03-12,22:05,CVS,220.03,Charlotte NC,Credit Card,687,0
T006250,C0093,2026-01-25,06:59,Best Buy,332.51,Savannah GA,Credit Card,1209,0
T006251,C0069,2026-01-28,14:59,Walmart,321.26,Jonesboro GA,Credit Card,439,0
T006252,C0036,2026-02-25,22:03,CVS,128.59,Marietta GA,Debit Card,1448,0
T006253,C0067,2026-01-19,15:57,PetSmart,145.77,Savannah GA,Credit Card,1466,0
T006254,C0034,2026-01-19,09:51,Target,234.56,Charlotte NC,Debit Card,1129,0
T006255,C0063,2026-02-06,21:19,Shell,310.53,Marietta GA,Credit Card,297,0
T006256,C0078,2026-02-08,22:30,Amazon,266.49,Marietta GA,Debit Card,79,0
T006257,C0078,2026-03-28,11:35,Starbucks,56.6,Miami FL,Debit Card,1483,0
T006258,C0076,2026-03-09,10:24,Walmart,177.48,Miami FL,Debit Card,316,0
T006259,C0057,2026-01-24,16:33,PetSmart,55.53,Marietta GA,Credit Card,226,0
T006260,C0017,2026-01-29,14:00,Home Depot,491.49,Savannah GA,Debit Card,554,0
T006261,C0014,2026-03-01,19:21,CVS,134.31,Savannah GA,Debit Card,1494,0
T006262,C0024,2026-02-21,22:51,Starbucks,423.18,Jonesboro GA,Debit Card,708,0
T006263,C0098,2026-02-17,08:29,Target,37.93,Savannah GA,Credit Card,243,0
T006264,C0032,2026-02-08,16:16,Publix,316.35,Charlotte NC,Credit Card,1345,0
T006265,C0059,2026-01-03,17:51,Walmart,8.52,Charlotte NC,Debit Card,1841,0
T006266,C0057,2026-01-06,21:26,Shell,356.07,Charlotte NC,Debit Card,889,0
T006267,C0040,2026-03-11,13:07,Home Depot,61.94,Savannah GA,Debit Card,396,0
T006268,C0059,2026-01-31,12:22,Best Buy,270.21,Atlanta GA,Debit Card,1272,0
T006269,C0037,2026-02-16,10:18,Home Depot,460.48,Marietta GA,Credit Card,1721,0
T006270,C0097,2026-01-02,12:56,Home Depot,196.52,Miami FL,Credit Card,776,0
T006271,C0032,2026-02-15,15:26,Shell,214.84,Atlanta GA,Debit Card,248,0
T006272,C0034,2026-01-13,15:43,Target,21.14,Atlanta GA,Credit Card,1618,0
T006273,C0060,2026-03-15,22:52,Amazon,316.53,Miami FL,Credit Card,1365,0
T006274,C0031,2026-01-02,09:08,Publix,144.46,Miami FL,Debit Card,969,0
T006275,C0061,2026-03-31,09:58,Target,489.92,Marietta GA,Debit Card,688,0
T006276,C0050,2026-03-19,06:53,Home Depot,414.65,Jonesboro GA,Credit Card,1239,0
T006277,C0013,2026-02-02,06:58,PetSmart,246.29,Jonesboro GA,Debit Card,1107,0
T006278,C0001,2026-03-23,07:55,Amazon,87.45,Atlanta GA,Credit Card,854,0
T006279,C0034,2026-02-07,07:09,Target,166.27,Miami FL,Debit Card,1452,0
T006280,C0073,2026-01-17,19:40,Amazon,129.66,Savannah GA,Debit Card,683,0
T006281,C0072,2026-01-31,23:56,PetSmart,464.75,Marietta GA,Credit Card,818,0
T006282,C0041,2026-01-02,23:00,Best Buy,26.66,Marietta GA,Debit Card,777,0
T006283,C0075,2026-03-12,22:00,Home Depot,432.19,Atlanta GA,Credit Card,44,0
T006284,C0090,2026-01-25,20:34,Amazon,169.43,Atlanta GA,Credit Card,344,0
T006285,C0070,2026-03-25,10:03,Best Buy,316.67,Miami FL,Debit Card,1890,0
T006286,C0097,2026-03-11,08:57,Amazon,39.91,Atlanta GA,Debit Card,1593,0
T006287,C0055,2026-01-27,20:24,CVS,470.07,Charlotte NC,Credit Card,1964,0
T006288,C0083,2026-01-09,17:54,Best Buy,186.31,Marietta GA,Credit Card,1457,0
T006289,C0009,2026-03-28,10:29,CVS,225.44,Miami FL,Credit Card,1532,0
T006290,C0018,2026-03-30,15:54,CVS,416.75,Charlotte NC,Credit Card,1712,0
T006291,C0020,2026-01-31,15:37,Home Depot,169.41,Savannah GA,Credit Card,373,0
T006292,C0091,2026-02-04,16:22,Best Buy,324.21,Marietta GA,Debit Card,1277,0
T006293,C0012,2026-01-30,13:23,Walmart,386.77,Miami FL,Credit Card,773,0
T006294,C0068,2026-01-20,22:41,Home Depot,423.39,Jonesboro GA,Debit Card,482,0
T006295,C0034,2026-03-19,09:56,Best Buy,325.58,Charlotte NC,Credit Card,920,0
T006296,C0011,2026-03-13,21:23,CVS,163.98,Atlanta GA,Debit Card,455,0
T006297,C0003,2026-03-16,07:50,Starbucks,47.71,Miami FL,Debit Card,1822,0
T006298,C0087,2026-03-14,16:40,CVS,217.16,Jonesboro GA,Credit Card,1378,0
T006299,C0021,2026-03-07,09:17,Walmart,299.92,Marietta GA,Debit Card,702,0
T006300,C0034,2026-03-20,09:30,Home Depot,283.4,Atlanta GA,Credit Card,1312,0
T006301,C0021,2026-02-08,23:47,Home Depot,392.69,Jonesboro GA,Debit Card,1020,0
T006302,C0035,2026-03-15,11:26,CVS,421.63,Jonesboro GA,Credit Card,406,0
T006303,C0071,2026-01-03,21:42,Home Depot,368.83,Savannah GA,Debit Card,409,0
T006304,C0003,2026-01-03,08:36,Walmart,180.97,Miami FL,Credit Card,1880,0
T006305,C0064,2026-03-29,10:42,Shell,225.95,Marietta GA,Debit Card,1888,0
T006306,C0079,2026-03-31,17:55,Starbucks,497.26,Jonesboro GA,Debit Card,1333,0
T006307,C0054,2026-03-18,06:00,Home Depot,215.05,Atlanta GA,Debit Card,242,0
T006308,C0044,2026-02-18,10:17,Home Depot,391.3,Atlanta GA,Credit Card,1471,0
T006309,C0024,2026-03-28,07:00,Shell,393.44,Miami FL,Debit Card,307,0
T006310,C0045,2026-03-25,20:57,Target,199.61,Miami FL,Credit Card,314,0
T006311,C0040,2026-02-16,21:44,Shell,312.64,Savannah GA,Credit Card,1022,0
T006312,C0021,2026-02-28,18:15,Shell,244.78,Miami FL,Debit Card,1981,0
T006313,C0007,2026-03-27,23:38,Home Depot,222.54,Marietta GA,Debit Card,90,0
T006314,C0080,2026-03-30,19:15,Target,23.29,Charlotte NC,Credit Card,576,0
T006315,C0083,2026-02-03,10:02,PetSmart,254.92,Jonesboro GA,Credit Card,1418,0
T006316,C0020,2026-03-14,21:56,Starbucks,161.44,Marietta GA,Credit Card,735,0
T006317,C0059,2026-03-25,11:59,Amazon,496.36,Marietta GA,Debit Card,1056,0
T006318,C0062,2026-02-15,17:08,Best Buy,183.16,Jonesboro GA,Debit Card,709,0
T006319,C0066,2026-03-11,17:01,Best Buy,470.66,Miami FL,Debit Card,1514,0
T006320,C0055,2026-03-26,18:19,Best Buy,264.95,Jonesboro GA,Debit Card,1821,0
T006321,C0066,2026-01-07,11:21,PetSmart,27.26,Atlanta GA,Credit Card,751,0
T006322,C0034,2026-02-01,13:18,Best Buy,173.58,Charlotte NC,Debit Card,940,0
T006323,C0080,2026-03-23,22:18,Home Depot,294.56,Jonesboro GA,Credit Card,619,0
T006324,C0059,2026-02-09,17:02,Walmart,346.27,Jonesboro GA,Credit Card,703,0
T006325,C0086,2026-02-24,16:41,Best Buy,243.78,Marietta GA,Credit Card,246,0
T006326,C0009,2026-01-26,23:41,Home Depot,325.92,Atlanta GA,Debit Card,932,0
T006327,C0047,2026-01-21,11:36,CVS,284.1,Jonesboro GA,Debit Card,1104,0
T006328,C0014,2026-03-20,20:54,Amazon,147.96,Marietta GA,Credit Card,1999,0
T006329,C0060,2026-03-30,18:28,Target,431.07,Atlanta GA,Credit Card,1457,0
T006330,C0059,2026-02-03,23:39,Shell,30.54,Marietta GA,Debit Card,35,0
T006331,C0076,2026-02-03,13:43,Home Depot,222.05,Jonesboro GA,Credit Card,881,0
T006332,C0074,2026-01-27,15:49,Shell,499.41,Savannah GA,Debit Card,1012,0
T006333,C0050,2026-02-23,08:25,Home Depot,359.09,Miami FL,Credit Card,1324,0
T006334,C0095,2026-02-19,15:46,Target,403.56,Charlotte NC,Debit Card,677,0
T006335,C0068,2026-03-21,19:40,Walmart,98.58,Miami FL,Debit Card,681,0
T006336,C0021,2026-01-05,06:55,Target,419.43,Charlotte NC,Debit Card,687,0
T006337,C0025,2026-02-10,21:19,Target,14.82,Marietta GA,Debit Card,157,0
T006338,C0018,2026-03-10,20:27,Home Depot,312.48,Jonesboro GA,Debit Card,1203,0
T006339,C0042,2026-02-23,22:05,Publix,321.99,Miami FL,Credit Card,495,0
T006340,C0005,2026-01-27,09:50,PetSmart,228.26,Miami FL,Credit Card,1095,0
T006341,C0089,2026-01-31,14:20,Amazon,59.01,Jonesboro GA,Debit Card,1223,0
T006342,C0092,2026-03-30,22:03,Starbucks,406.4,Marietta GA,Credit Card,1564,0
T006343,C0024,2026-01-10,09:49,Shell,419.16,Jonesboro GA,Debit Card,814,0
T006344,C0023,2026-02-06,10:32,PetSmart,169.81,Jonesboro GA,Credit Card,1712,0
T006345,C0053,2026-01-20,12:06,Amazon,351.91,Marietta GA,Debit Card,981,0
T006346,C0033,2026-02-18,06:49,Walmart,27.01,Marietta GA,Credit Card,1322,0
T006347,C0063,2026-01-27,14:43,Best Buy,140.53,Marietta GA,Debit Card,880,0
T006348,C0001,2026-01-27,13:46,Starbucks,485.4,Charlotte NC,Debit Card,780,0
T006349,C0051,2026-03-17,23:42,Shell,320.97,Atlanta GA,Debit Card,1960,0
T006350,C0064,2026-02-16,08:17,Walmart,79.62,Marietta GA,Debit Card,1418,0
T006351,C0082,2026-03-25,12:42,Amazon,240.05,Jonesboro GA,Credit Card,810,0
T006352,C0065,2026-03-26,15:34,Publix,366.46,Atlanta GA,Debit Card,774,0
T006353,C0022,2026-02-01,16:18,Best Buy,411.86,Atlanta GA,Credit Card,1371,0
T006354,C0061,2026-02-10,17:51,Starbucks,22.59,Marietta GA,Debit Card,1695,0
T006355,C0031,2026-01-29,06:00,Walmart,480.79,Savannah GA,Credit Card,575,0
T006356,C0047,2026-03-23,11:12,Home Depot,239.27,Miami FL,Credit Card,578,0
T006357,C0007,2026-02-23,23:50,Home Depot,377.24,Savannah GA,Credit Card,1878,0
T006358,C0086,2026-02-15,18:15,Amazon,186.16,Marietta GA,Debit Card,1072,0
T006359,C0048,2026-01-20,23:16,CVS,265.28,Miami FL,Credit Card,1838,0
T006360,C0027,2026-02-19,23:02,CVS,152.06,Miami FL,Debit Card,119,0
T006361,C0045,2026-01-26,22:00,Publix,413.68,Savannah GA,Credit Card,973,0
T006362,C0080,2026-03-28,15:00,Starbucks,5.48,Savannah GA,Debit Card,652,0
T006363,C0033,2026-02-10,06:21,PetSmart,55.78,Jonesboro GA,Credit Card,874,0
T006364,C0087,2026-03-20,07:41,Best Buy,260.33,Jonesboro GA,Debit Card,844,0
T006365,C0042,2026-01-18,11:12,Home Depot,433.35,Savannah GA,Debit Card,376,0
T006366,C0038,2026-01-08,18:15,Starbucks,123.91,Atlanta GA,Debit Card,1443,0
T006367,C0009,2026-03-14,21:53,CVS,414.17,Atlanta GA,Credit Card,1762,0
T006368,C0013,2026-01-11,08:54,Amazon,173.24,Savannah GA,Credit Card,646,0
T006369,C0092,2026-01-14,10:52,Starbucks,276.06,Atlanta GA,Credit Card,325,0
T006370,C0028,2026-01-16,14:00,Starbucks,341.27,Miami FL,Debit Card,1495,0
T006371,C0099,2026-02-08,10:09,Starbucks,465.3,Charlotte NC,Debit Card,565,0
T006372,C0095,2026-01-03,10:14,CVS,147.19,Marietta GA,Credit Card,1445,0
T006373,C0017,2026-01-17,20:33,Walmart,52.77,Atlanta GA,Credit Card,1951,0
T006374,C0078,2026-01-31,16:03,Starbucks,136.05,Miami FL,Credit Card,1342,0
T006375,C0076,2026-01-30,16:14,PetSmart,358.5,Miami FL,Credit Card,1584,0
T006376,C0021,2026-03-04,19:11,CVS,62.7,Jonesboro GA,Debit Card,1235,0
T006377,C0036,2026-02-18,15:03,Home Depot,368.95,Jonesboro GA,Debit Card,1872,0
T006378,C0099,2026-02-16,12:24,Home Depot,231.89,Miami FL,Debit Card,171,0
T006379,C0036,2026-03-01,07:38,Walmart,5.13,Miami FL,Credit Card,140,0
T006380,C0051,2026-03-04,12:58,Amazon,32.1,Marietta GA,Debit Card,279,0
T006381,C0093,2026-01-21,19:04,Publix,420.56,Savannah GA,Debit Card,1033,0
T006382,C0096,2026-02-07,16:51,Amazon,295.91,Savannah GA,Credit Card,1255,0
T006383,C0086,2026-02-28,12:34,Home Depot,355.31,Miami FL,Debit Card,1517,0
T006384,C0095,2026-03-06,10:04,Starbucks,101.15,Charlotte NC,Debit Card,602,0
T006385,C0056,2026-01-21,22:54,Starbucks,87.05,Miami FL,Credit Card,486,0
T006386,C0026,2026-02-11,11:46,Home Depot,102.44,Charlotte NC,Credit Card,364,0
T006387,C0028,2026-03-04,06:49,Publix,195.47,Miami FL,Credit Card,1219,0
T006388,C0091,2026-02-08,08:10,Shell,499.34,Atlanta GA,Credit Card,667,0
T006389,C0044,2026-02-17,18:28,Starbucks,129.56,Marietta GA,Credit Card,1413,0
T006390,C0004,2026-01-30,17:02,Home Depot,289.76,Charlotte NC,Credit Card,602,0
T006391,C0054,2026-02-28,14:07,Starbucks,102.32,Charlotte NC,Credit Card,751,0
T006392,C0026,2026-03-08,20:32,Publix,107.58,Miami FL,Credit Card,1348,0
T006393,C0075,2026-03-20,06:21,Publix,367.03,Miami FL,Credit Card,526,0
T006394,C0098,2026-03-03,17:36,Walmart,173.44,Miami FL,Debit Card,737,0
T006395,C0008,2026-03-03,10:14,Home Depot,175.96,Charlotte NC,Credit Card,402,0
T006396,C0095,2026-03-13,19:55,Amazon,243.62,Atlanta GA,Credit Card,1849,0
T006397,C0009,2026-02-08,18:43,Home Depot,253.96,Savannah GA,Debit Card,964,0
T006398,C0037,2026-03-21,09:17,PetSmart,88.25,Charlotte NC,Debit Card,1151,0
T006399,C0032,2026-01-06,23:40,Publix,435.37,Charlotte NC,Debit Card,1609,0
T006400,C0049,2026-03-26,06:47,CVS,231.75,Marietta GA,Credit Card,383,0
T006401,C0043,2026-03-23,14:57,Starbucks,402.41,Charlotte NC,Debit Card,1311,0
T006402,C0014,2026-02-17,17:47,Target,446.62,Charlotte NC,Credit Card,870,0
T006403,C0023,2026-02-22,20:26,Shell,214.3,Atlanta GA,Credit Card,1865,0
T006404,C0083,2026-02-10,18:19,Home Depot,475.08,Atlanta GA,Debit Card,1020,0
T006405,C0005,2026-01-22,15:53,Amazon,411.64,Marietta GA,Debit Card,1598,0
T006406,C0042,2026-02-10,14:54,Amazon,16.61,Charlotte NC,Credit Card,1517,0
T006407,C0094,2026-02-07,13:19,Amazon,318.79,Marietta GA,Debit Card,1808,0
T006408,C0008,2026-02-04,12:50,Amazon,175.89,Savannah GA,Credit Card,275,0
T006409,C0006,2026-02-22,23:15,CVS,339.53,Atlanta GA,Debit Card,1362,0
T006410,C0004,2026-01-10,11:10,CVS,124.18,Charlotte NC,Debit Card,774,0
T006411,C0021,2026-03-12,20:03,Best Buy,144.45,Jonesboro GA,Debit Card,920,0
T006412,C0057,2026-02-22,13:02,Best Buy,85.85,Jonesboro GA,Debit Card,985,0
T006413,C0085,2026-01-09,07:06,Walmart,368.6,Savannah GA,Credit Card,306,0
T006414,C0038,2026-03-19,15:08,Shell,189.1,Miami FL,Credit Card,244,0
T006415,C0015,2026-03-25,06:01,Home Depot,359.65,Savannah GA,Debit Card,602,0
T006416,C0033,2026-01-08,20:10,CVS,330.66,Atlanta GA,Credit Card,1460,0
T006417,C0025,2026-01-23,06:18,Target,459.17,Charlotte NC,Debit Card,1194,0
T006418,C0077,2026-02-03,08:08,Amazon,148.14,Atlanta GA,Debit Card,180,0
T006419,C0008,2026-01-27,08:01,PetSmart,344.1,Atlanta GA,Debit Card,1669,0
T006420,C0045,2026-03-08,22:29,Publix,48.64,Atlanta GA,Credit Card,1155,0
T006421,C0041,2026-02-25,20:51,Walmart,12.63,Savannah GA,Debit Card,762,0
T006422,C0083,2026-01-30,17:59,Target,136.12,Jonesboro GA,Credit Card,177,0
T006423,C0043,2026-01-17,20:30,Best Buy,64.62,Atlanta GA,Debit Card,135,0
T006424,C0088,2026-03-11,18:07,Starbucks,390.33,Atlanta GA,Debit Card,244,0
T006425,C0043,2026-02-25,11:55,Target,454.07,Atlanta GA,Credit Card,1514,0
T006426,C0061,2026-03-20,12:16,Target,376.95,Jonesboro GA,Credit Card,259,0
T006427,C0005,2026-01-02,14:44,Best Buy,481.93,Atlanta GA,Debit Card,1818,0
T006428,C0064,2026-03-31,07:31,Starbucks,111.65,Jonesboro GA,Debit Card,439,0
T006429,C0064,2026-01-19,16:46,Target,8.41,Marietta GA,Credit Card,95,0
T006430,C0070,2026-01-03,23:33,Shell,153.82,Jonesboro GA,Credit Card,924,0
T006431,C0093,2026-01-17,16:49,Walmart,338.76,Charlotte NC,Debit Card,1965,0
T006432,C0030,2026-01-02,13:50,Amazon,54.07,Savannah GA,Credit Card,182,0
T006433,C0076,2026-01-04,22:07,Target,387.43,Charlotte NC,Debit Card,367,0
T006434,C0093,2026-03-17,10:42,CVS,497.0,Savannah GA,Credit Card,1465,0
T006435,C0083,2026-02-09,08:21,Starbucks,429.52,Miami FL,Debit Card,1484,0
T006436,C0076,2026-02-03,12:19,Shell,401.26,Miami FL,Credit Card,1479,0
T006437,C0043,2026-03-24,11:30,Walmart,216.05,Marietta GA,Debit Card,527,0
T006438,C0069,2026-02-05,23:04,Best Buy,420.72,Charlotte NC,Debit Card,1829,0
T006439,C0011,2026-01-22,10:44,Walmart,476.34,Jonesboro GA,Credit Card,1828,0
T006440,C0060,2026-02-24,21:30,Starbucks,14.52,Jonesboro GA,Credit Card,1049,0
T006441,C0080,2026-03-06,08:00,Home Depot,230.48,Marietta GA,Debit Card,1040,0
T006442,C0001,2026-01-07,22:39,Home Depot,129.46,Charlotte NC,Credit Card,1652,0
T006443,C0029,2026-01-13,17:29,Publix,99.54,Atlanta GA,Credit Card,1210,0
T006444,C0023,2026-02-25,18:05,Walmart,337.56,Miami FL,Credit Card,1727,0
T006445,C0091,2026-02-27,10:37,Best Buy,13.0,Charlotte NC,Credit Card,1692,0
T006446,C0042,2026-02-21,07:56,Target,193.77,Charlotte NC,Credit Card,1426,0
T006447,C0072,2026-01-12,06:35,Best Buy,389.06,Miami FL,Debit Card,584,0
T006448,C0001,2026-01-24,21:25,Amazon,372.43,Miami FL,Credit Card,1869,0
T006449,C0062,2026-02-23,13:56,Amazon,388.39,Savannah GA,Credit Card,1677,0
T006450,C0027,2026-02-20,18:41,Amazon,26.8,Miami FL,Debit Card,1040,0
T006451,C0055,2026-03-09,06:41,Walmart,180.34,Charlotte NC,Debit Card,105,0
T006452,C0044,2026-01-06,19:40,Walmart,276.46,Charlotte NC,Credit Card,1303,0
T006453,C0024,2026-02-17,19:59,Publix,178.98,Atlanta GA,Credit Card,634,0
T006454,C0040,2026-01-17,14:13,Target,388.54,Miami FL,Debit Card,885,0
T006455,C0009,2026-01-24,07:28,Best Buy,11.36,Atlanta GA,Debit Card,847,0
T006456,C0012,2026-02-09,23:13,CVS,372.28,Atlanta GA,Credit Card,875,0
T006457,C0064,2026-01-12,20:28,Home Depot,122.32,Jonesboro GA,Credit Card,601,0
T006458,C0073,2026-02-12,17:01,Target,220.55,Atlanta GA,Debit Card,1449,0
T006459,C0086,2026-02-13,12:47,Walmart,413.74,Jonesboro GA,Credit Card,1820,0
T006460,C0014,2026-03-27,10:57,Publix,324.09,Savannah GA,Debit Card,393,0
T006461,C0080,2026-02-20,07:58,Publix,412.51,Atlanta GA,Credit Card,435,0
T006462,C0075,2026-03-13,19:28,Walmart,250.37,Marietta GA,Debit Card,1771,0
T006463,C0047,2026-02-11,08:56,Best Buy,427.45,Savannah GA,Debit Card,676,0
T006464,C0032,2026-03-18,10:31,Shell,145.81,Charlotte NC,Debit Card,32,0
T006465,C0067,2026-01-06,06:13,Target,231.81,Marietta GA,Credit Card,1038,0
T006466,C0070,2026-03-23,10:51,Target,6.51,Atlanta GA,Credit Card,1802,0
T006467,C0001,2026-01-13,18:00,Home Depot,132.26,Marietta GA,Credit Card,1253,0
T006468,C0088,2026-03-08,23:51,CVS,177.01,Atlanta GA,Debit Card,1661,0
T006469,C0046,2026-01-03,21:56,Target,46.76,Savannah GA,Debit Card,841,0
T006470,C0034,2026-03-17,15:47,Shell,143.94,Jonesboro GA,Credit Card,1405,0
T006471,C0091,2026-03-24,10:08,Best Buy,219.91,Charlotte NC,Credit Card,1442,0
T006472,C0022,2026-01-14,06:21,PetSmart,70.46,Charlotte NC,Debit Card,580,0
T006473,C0100,2026-01-24,22:41,Walmart,14.57,Marietta GA,Debit Card,649,0
T006474,C0053,2026-01-12,22:37,Publix,294.44,Charlotte NC,Debit Card,679,0
T006475,C0050,2026-03-21,12:54,Home Depot,452.1,Miami FL,Debit Card,423,0
T006476,C0086,2026-03-19,08:34,CVS,179.38,Savannah GA,Debit Card,117,0
T006477,C0023,2026-02-22,08:50,Amazon,280.45,Miami FL,Debit Card,1338,0
T006478,C0039,2026-01-29,20:57,Shell,367.3,Jonesboro GA,Credit Card,504,0
T006479,C0049,2026-02-26,16:14,Walmart,258.48,Miami FL,Credit Card,1623,0
T006480,C0095,2026-01-28,09:33,PetSmart,224.18,Miami FL,Debit Card,1494,0
T006481,C0028,2026-02-06,11:41,Shell,11.45,Marietta GA,Credit Card,1027,0
T006482,C0069,2026-03-26,08:20,Publix,151.22,Marietta GA,Credit Card,172,0
T006483,C0021,2026-01-01,22:59,Target,204.6,Savannah GA,Debit Card,1276,0
T006484,C0053,2026-02-24,16:32,Walmart,192.16,Atlanta GA,Credit Card,1843,0
T006485,C0080,2026-01-17,17:54,PetSmart,354.31,Miami FL,Credit Card,893,0
T006486,C0047,2026-02-12,14:44,Home Depot,280.61,Marietta GA,Credit Card,1337,0
T006487,C0006,2026-01-03,13:56,Shell,314.87,Charlotte NC,Debit Card,1206,0
T006488,C0071,2026-02-18,18:38,Best Buy,374.52,Marietta GA,Credit Card,1577,0
T006489,C0003,2026-03-09,18:02,Home Depot,150.64,Atlanta GA,Debit Card,311,0
T006490,C0078,2026-03-13,13:55,Best Buy,95.74,Jonesboro GA,Credit Card,187,0
T006491,C0045,2026-03-18,09:39,Amazon,13.24,Atlanta GA,Debit Card,116,0
T006492,C0038,2026-01-03,08:22,Home Depot,260.61,Charlotte NC,Debit Card,157,0
T006493,C0066,2026-01-10,11:38,Amazon,405.64,Marietta GA,Debit Card,1110,0
T006494,C0020,2026-01-12,22:13,CVS,176.8,Charlotte NC,Debit Card,438,0
T006495,C0100,2026-03-04,15:09,PetSmart,155.64,Miami FL,Credit Card,1839,0
T006496,C0045,2026-01-18,07:52,Walmart,115.07,Savannah GA,Debit Card,439,0
T006497,C0077,2026-01-08,20:32,Publix,326.93,Charlotte NC,Credit Card,906,0
T006498,C0058,2026-02-11,12:47,PetSmart,5.29,Jonesboro GA,Debit Card,682,0
T006499,C0062,2026-02-20,20:13,Best Buy,327.89,Charlotte NC,Credit Card,474,0
T006500,C0050,2026-03-02,14:05,Target,486.19,Jonesboro GA,Credit Card,759,0
T006501,C0098,2026-02-10,19:26,Target,79.17,Savannah GA,Credit Card,1481,0
T006502,C0009,2026-02-03,13:26,Shell,480.57,Miami FL,Credit Card,647,0
T006503,C0070,2026-03-31,20:43,Publix,266.11,Atlanta GA,Debit Card,770,0
T006504,C0096,2026-02-19,08:16,PetSmart,34.79,Savannah GA,Credit Card,1812,0
T006505,C0051,2026-01-12,18:19,Walmart,336.5,Atlanta GA,Debit Card,82,0
T006506,C0093,2026-03-28,22:50,Walmart,167.06,Atlanta GA,Credit Card,444,0
T006507,C0087,2026-02-27,22:15,Publix,415.35,Miami FL,Debit Card,1311,0
T006508,C0072,2026-02-03,06:08,PetSmart,194.3,Savannah GA,Debit Card,489,0
T006509,C0039,2026-01-25,20:17,PetSmart,175.55,Atlanta GA,Debit Card,1379,0
T006510,C0001,2026-02-15,19:21,Starbucks,211.98,Miami FL,Credit Card,400,0
T006511,C0073,2026-02-19,11:29,Amazon,241.95,Charlotte NC,Debit Card,787,0
T006512,C0098,2026-02-09,22:48,Shell,11.87,Jonesboro GA,Debit Card,1202,0
T006513,C0032,2026-02-12,13:25,CVS,311.99,Savannah GA,Debit Card,1374,0
T006514,C0039,2026-02-03,20:02,Starbucks,428.74,Marietta GA,Credit Card,709,0
T006515,C0033,2026-03-31,12:39,Shell,182.24,Savannah GA,Debit Card,1384,0
T006516,C0099,2026-03-30,11:53,Walmart,195.62,Atlanta GA,Debit Card,943,0
T006517,C0008,2026-01-19,22:28,Shell,452.83,Marietta GA,Debit Card,158,0
T006518,C0046,2026-03-25,14:14,Home Depot,327.46,Marietta GA,Debit Card,80,0
T006519,C0017,2026-01-31,23:20,CVS,449.8,Miami FL,Debit Card,666,0
T006520,C0035,2026-02-03,23:48,Starbucks,82.14,Jonesboro GA,Credit Card,45,0
T006521,C0039,2026-03-22,23:40,Best Buy,352.79,Miami FL,Debit Card,1303,0
T006522,C0006,2026-02-02,11:31,Home Depot,203.28,Charlotte NC,Debit Card,369,0
T006523,C0040,2026-02-27,23:29,PetSmart,60.16,Savannah GA,Credit Card,426,0
T006524,C0062,2026-01-16,18:10,Home Depot,445.18,Atlanta GA,Debit Card,163,0
T006525,C0095,2026-01-11,13:47,PetSmart,466.54,Marietta GA,Debit Card,1110,0
T006526,C0093,2026-03-31,12:57,PetSmart,149.42,Marietta GA,Credit Card,184,0
T006527,C0073,2026-01-16,19:10,Target,210.62,Savannah GA,Debit Card,666,0
T006528,C0096,2026-02-20,11:59,Best Buy,242.36,Miami FL,Debit Card,1538,0
T006529,C0010,2026-03-14,11:08,Home Depot,159.45,Marietta GA,Credit Card,557,0
T006530,C0064,2026-03-29,20:06,Best Buy,222.78,Charlotte NC,Debit Card,833,0
T006531,C0057,2026-03-15,17:29,Target,261.81,Charlotte NC,Debit Card,1278,0
T006532,C0019,2026-01-25,16:09,Publix,347.47,Savannah GA,Debit Card,1253,0
T006533,C0065,2026-01-09,13:49,Walmart,149.7,Atlanta GA,Credit Card,934,0
T006534,C0031,2026-02-06,21:53,Shell,68.65,Jonesboro GA,Debit Card,1815,0
T006535,C0097,2026-03-08,11:54,Target,438.52,Atlanta GA,Debit Card,400,0
T006536,C0009,2026-01-12,06:28,Home Depot,46.7,Atlanta GA,Debit Card,1715,0
T006537,C0004,2026-03-27,12:52,Best Buy,328.31,Savannah GA,Debit Card,1812,0
T006538,C0015,2026-02-08,16:15,Amazon,451.36,Atlanta GA,Debit Card,1163,0
T006539,C0026,2026-02-11,06:54,Amazon,84.87,Savannah GA,Debit Card,486,0
T006540,C0047,2026-01-12,07:06,Amazon,408.6,Marietta GA,Credit Card,358,0
T006541,C0044,2026-03-18,08:18,Shell,228.32,Charlotte NC,Debit Card,1216,0
T006542,C0076,2026-01-30,09:44,CVS,238.26,Jonesboro GA,Debit Card,1678,0
T006543,C0062,2026-01-17,17:35,Walmart,268.77,Jonesboro GA,Debit Card,431,0
T006544,C0024,2026-01-28,16:19,Walmart,401.8,Atlanta GA,Debit Card,789,0
T006545,C0050,2026-03-07,13:27,Amazon,309.96,Savannah GA,Debit Card,1055,0
T006546,C0056,2026-02-09,15:57,Amazon,491.57,Savannah GA,Debit Card,1216,0
T006547,C0065,2026-01-25,10:50,Target,465.78,Atlanta GA,Debit Card,874,0
T006548,C0058,2026-02-18,06:17,Amazon,318.71,Miami FL,Credit Card,317,0
T006549,C0075,2026-01-12,11:17,Shell,379.39,Marietta GA,Credit Card,945,0
T006550,C0034,2026-03-19,21:34,Amazon,29.82,Charlotte NC,Debit Card,1872,0
T006551,C0022,2026-01-18,09:06,Walmart,253.81,Miami FL,Credit Card,313,0
T006552,C0003,2026-03-20,22:12,Amazon,363.03,Miami FL,Credit Card,1233,0
T006553,C0097,2026-01-01,17:39,CVS,187.7,Atlanta GA,Credit Card,745,0
T006554,C0039,2026-01-08,18:32,PetSmart,220.12,Savannah GA,Credit Card,100,0
T006555,C0031,2026-02-11,14:55,Walmart,8.04,Jonesboro GA,Credit Card,890,0
T006556,C0067,2026-02-05,12:58,Walmart,63.66,Atlanta GA,Credit Card,522,0
T006557,C0054,2026-01-24,09:47,Walmart,134.69,Jonesboro GA,Debit Card,1837,0
T006558,C0014,2026-03-21,10:36,Target,289.29,Jonesboro GA,Debit Card,197,0
T006559,C0098,2026-03-21,07:38,PetSmart,300.18,Miami FL,Credit Card,1800,0
T006560,C0009,2026-03-24,19:20,Amazon,37.55,Savannah GA,Debit Card,1984,0
T006561,C0090,2026-02-17,15:34,CVS,454.84,Marietta GA,Credit Card,1329,0
T006562,C0027,2026-01-10,19:52,Best Buy,445.48,Atlanta GA,Credit Card,1094,0
T006563,C0002,2026-03-26,12:47,Target,447.45,Atlanta GA,Debit Card,882,0
T006564,C0003,2026-02-08,17:40,CVS,109.05,Savannah GA,Debit Card,1759,0
T006565,C0026,2026-01-08,06:54,Shell,107.75,Miami FL,Debit Card,1224,0
T006566,C0053,2026-01-26,06:22,Walmart,102.24,Atlanta GA,Debit Card,481,0
T006567,C0023,2026-03-28,23:34,Publix,463.9,Savannah GA,Credit Card,1549,0
T006568,C0072,2026-03-05,07:16,Home Depot,497.2,Atlanta GA,Debit Card,873,0
T006569,C0036,2026-01-13,18:36,Home Depot,164.74,Charlotte NC,Debit Card,1529,0
T006570,C0027,2026-02-12,20:48,Starbucks,20.64,Charlotte NC,Debit Card,1653,0
T006571,C0087,2026-03-14,12:23,Shell,456.27,Atlanta GA,Credit Card,437,0
T006572,C0073,2026-03-24,08:44,Target,121.05,Charlotte NC,Credit Card,841,0
T006573,C0099,2026-03-21,17:09,Best Buy,345.17,Savannah GA,Debit Card,178,0
T006574,C0065,2026-01-06,14:44,Publix,267.67,Charlotte NC,Debit Card,417,0
T006575,C0078,2026-03-07,22:37,Shell,21.19,Marietta GA,Credit Card,322,0
T006576,C0042,2026-01-26,23:02,Home Depot,244.61,Charlotte NC,Debit Card,422,0
T006577,C0062,2026-01-11,10:03,Walmart,238.39,Marietta GA,Debit Card,784,0
T006578,C0071,2026-01-27,07:29,Home Depot,262.08,Savannah GA,Debit Card,546,0
T006579,C0067,2026-02-02,06:46,PetSmart,402.87,Miami FL,Credit Card,1243,0
T006580,C0045,2026-01-10,23:06,Target,163.11,Jonesboro GA,Credit Card,527,0
T006581,C0091,2026-01-01,07:17,Best Buy,439.93,Atlanta GA,Debit Card,1084,0
T006582,C0046,2026-01-18,12:42,Shell,363.25,Charlotte NC,Credit Card,543,0
T006583,C0065,2026-01-22,16:20,Target,340.8,Atlanta GA,Debit Card,1840,0
T006584,C0032,2026-02-16,19:05,CVS,164.98,Savannah GA,Credit Card,586,0
T006585,C0035,2026-01-08,12:42,Target,35.32,Marietta GA,Debit Card,294,0
T006586,C0016,2026-02-25,09:07,Publix,58.4,Marietta GA,Debit Card,227,0
T006587,C0040,2026-01-05,18:47,Home Depot,129.0,Marietta GA,Credit Card,732,0
T006588,C0097,2026-01-17,09:24,Starbucks,407.62,Charlotte NC,Debit Card,1704,0
T006589,C0053,2026-03-23,07:00,CVS,458.85,Jonesboro GA,Credit Card,187,0
T006590,C0009,2026-03-31,06:07,Starbucks,113.53,Charlotte NC,Credit Card,889,0
T006591,C0059,2026-03-22,18:41,CVS,490.96,Savannah GA,Debit Card,981,0
T006592,C0032,2026-02-09,09:18,Starbucks,197.17,Marietta GA,Credit Card,523,0
T006593,C0040,2026-03-06,06:47,Shell,91.73,Savannah GA,Credit Card,1026,0
T006594,C0034,2026-01-26,22:43,CVS,160.32,Charlotte NC,Credit Card,1790,0
T006595,C0094,2026-03-20,17:00,CVS,174.66,Charlotte NC,Credit Card,1289,0
T006596,C0098,2026-01-30,18:09,Shell,220.82,Marietta GA,Credit Card,708,0
T006597,C0058,2026-03-06,21:11,PetSmart,18.01,Marietta GA,Credit Card,986,0
T006598,C0037,2026-02-14,20:57,Target,293.59,Atlanta GA,Debit Card,1810,0
T006599,C0074,2026-02-13,08:35,Home Depot,189.7,Charlotte NC,Credit Card,668,0
T006600,C0076,2026-02-24,14:15,Publix,87.9,Charlotte NC,Debit Card,1313,0
T006601,C0041,2026-01-17,23:19,Starbucks,244.54,Marietta GA,Credit Card,319,0
T006602,C0034,2026-01-08,11:01,Home Depot,285.43,Savannah GA,Credit Card,1855,0
T006603,C0020,2026-02-19,16:49,CVS,494.55,Atlanta GA,Debit Card,247,0
T006604,C0084,2026-02-09,16:53,Amazon,77.08,Charlotte NC,Debit Card,1034,0
T006605,C0067,2026-02-18,10:46,Target,149.05,Marietta GA,Credit Card,793,0
T006606,C0030,2026-02-05,08:14,Walmart,442.44,Marietta GA,Credit Card,62,0
T006607,C0002,2026-02-24,15:53,Target,37.63,Atlanta GA,Credit Card,659,0
T006608,C0024,2026-03-03,22:43,Target,235.16,Jonesboro GA,Credit Card,1821,0
T006609,C0087,2026-03-20,10:47,Walmart,333.58,Jonesboro GA,Debit Card,302,0
T006610,C0062,2026-02-09,20:25,PetSmart,216.57,Atlanta GA,Credit Card,1305,0
T006611,C0084,2026-02-14,18:42,PetSmart,349.44,Miami FL,Debit Card,1241,0
T006612,C0056,2026-01-02,20:44,Shell,109.79,Atlanta GA,Credit Card,919,0
T006613,C0038,2026-03-31,20:45,CVS,228.59,Miami FL,Debit Card,855,0
T006614,C0025,2026-01-06,20:07,Amazon,255.48,Miami FL,Debit Card,1895,0
T006615,C0014,2026-03-26,17:40,CVS,160.52,Jonesboro GA,Debit Card,406,0
T006616,C0017,2026-03-03,06:46,Walmart,76.3,Atlanta GA,Credit Card,607,0
T006617,C0019,2026-01-29,13:41,Starbucks,466.31,Charlotte NC,Debit Card,1499,0
T006618,C0018,2026-01-30,12:07,Amazon,405.06,Miami FL,Credit Card,862,0
T006619,C0010,2026-02-09,19:37,Best Buy,157.16,Savannah GA,Debit Card,1026,0
T006620,C0006,2026-03-09,16:57,PetSmart,303.8,Atlanta GA,Credit Card,169,0
T006621,C0015,2026-02-28,10:15,Target,274.85,Jonesboro GA,Debit Card,1223,0
T006622,C0008,2026-02-17,22:25,Amazon,164.37,Savannah GA,Credit Card,51,0
T006623,C0024,2026-01-23,15:21,Best Buy,109.07,Jonesboro GA,Credit Card,1662,0
T006624,C0066,2026-03-16,12:28,Home Depot,357.07,Charlotte NC,Debit Card,171,0
T006625,C0036,2026-01-04,22:42,PetSmart,176.47,Charlotte NC,Debit Card,77,0
T006626,C0046,2026-03-05,22:16,PetSmart,38.41,Charlotte NC,Credit Card,1324,0
T006627,C0040,2026-03-04,14:49,Shell,82.29,Atlanta GA,Credit Card,1072,0
T006628,C0078,2026-01-30,20:38,Shell,156.89,Marietta GA,Debit Card,1721,0
T006629,C0027,2026-02-06,15:34,Best Buy,478.66,Savannah GA,Debit Card,1577,0
T006630,C0051,2026-01-10,19:04,PetSmart,271.59,Atlanta GA,Credit Card,1107,0
T006631,C0022,2026-02-07,20:29,PetSmart,324.09,Charlotte NC,Debit Card,620,0
T006632,C0076,2026-01-17,20:57,Best Buy,190.57,Savannah GA,Debit Card,511,0
T006633,C0089,2026-03-08,09:20,Amazon,322.09,Charlotte NC,Credit Card,880,0
T006634,C0064,2026-02-12,14:40,Publix,410.64,Jonesboro GA,Credit Card,1601,0
T006635,C0082,2026-03-23,06:46,Publix,300.6,Jonesboro GA,Debit Card,972,0
T006636,C0077,2026-02-09,17:21,Walmart,322.76,Savannah GA,Debit Card,461,0
T006637,C0004,2026-02-03,09:09,Walmart,101.94,Atlanta GA,Debit Card,994,0
T006638,C0023,2026-01-24,23:22,Publix,58.68,Miami FL,Credit Card,812,0
T006639,C0058,2026-02-13,11:20,Starbucks,186.53,Jonesboro GA,Credit Card,1773,0
T006640,C0014,2026-02-15,19:20,PetSmart,319.15,Savannah GA,Debit Card,349,0
T006641,C0084,2026-02-04,12:28,Best Buy,380.85,Jonesboro GA,Credit Card,660,0
T006642,C0020,2026-01-04,11:08,Home Depot,392.14,Charlotte NC,Credit Card,135,0
T006643,C0036,2026-03-15,18:02,Target,149.82,Atlanta GA,Debit Card,967,0
T006644,C0021,2026-03-29,09:46,Best Buy,358.46,Jonesboro GA,Credit Card,600,0
T006645,C0066,2026-02-27,13:28,PetSmart,313.34,Savannah GA,Credit Card,378,0
T006646,C0048,2026-01-16,16:24,Walmart,495.7,Atlanta GA,Credit Card,1505,0
T006647,C0080,2026-01-01,19:46,Amazon,190.37,Marietta GA,Credit Card,741,0
T006648,C0006,2026-01-15,16:58,Best Buy,455.65,Miami FL,Debit Card,1137,0
T006649,C0067,2026-02-20,14:37,Shell,67.67,Jonesboro GA,Debit Card,1887,0
T006650,C0034,2026-03-28,11:02,Target,401.19,Atlanta GA,Credit Card,1131,0
T006651,C0073,2026-02-08,07:50,Best Buy,374.64,Savannah GA,Debit Card,873,0
T006652,C0019,2026-01-16,20:20,Amazon,419.07,Marietta GA,Credit Card,285,0
T006653,C0078,2026-02-22,06:21,Best Buy,445.83,Savannah GA,Credit Card,1101,0
T006654,C0056,2026-03-28,12:17,Publix,474.91,Marietta GA,Credit Card,1870,0
T006655,C0023,2026-02-06,12:05,Starbucks,414.27,Atlanta GA,Debit Card,1647,0
T006656,C0088,2026-01-19,23:29,Walmart,88.34,Savannah GA,Debit Card,549,0
T006657,C0080,2026-03-04,15:10,CVS,368.27,Jonesboro GA,Credit Card,1137,0
T006658,C0094,2026-02-20,21:42,Best Buy,245.64,Atlanta GA,Credit Card,1804,0
T006659,C0068,2026-01-09,12:02,PetSmart,63.45,Marietta GA,Credit Card,1367,0
T006660,C0045,2026-03-09,13:23,Starbucks,472.77,Charlotte NC,Credit Card,1922,0
T006661,C0022,2026-01-06,14:18,Starbucks,249.43,Marietta GA,Debit Card,1659,0
T006662,C0068,2026-02-03,14:35,Walmart,316.45,Savannah GA,Credit Card,1425,0
T006663,C0079,2026-02-05,09:59,Best Buy,207.83,Miami FL,Debit Card,1944,0
T006664,C0092,2026-02-16,16:40,Starbucks,201.03,Savannah GA,Credit Card,666,0
T006665,C0017,2026-03-17,21:03,PetSmart,102.21,Miami FL,Credit Card,300,0
T006666,C0016,2026-02-19,07:19,Shell,43.31,Charlotte NC,Debit Card,999,0
T006667,C0086,2026-03-20,19:42,Best Buy,78.66,Atlanta GA,Credit Card,1582,0
T006668,C0084,2026-01-06,14:12,Publix,45.86,Jonesboro GA,Debit Card,1032,0
T006669,C0060,2026-01-05,16:00,Walmart,231.91,Marietta GA,Debit Card,451,0
T006670,C0042,2026-01-24,14:25,Best Buy,474.92,Marietta GA,Credit Card,1397,0
T006671,C0035,2026-02-15,08:05,Publix,150.58,Savannah GA,Credit Card,1228,0
T006672,C0076,2026-01-31,11:55,Walmart,377.6,Savannah GA,Debit Card,411,0
T006673,C0087,2026-01-10,21:32,Best Buy,381.45,Savannah GA,Credit Card,719,0
T006674,C0015,2026-01-23,08:25,Starbucks,342.38,Jonesboro GA,Credit Card,1252,0
T006675,C0038,2026-03-19,10:59,Starbucks,440.77,Marietta GA,Credit Card,743,0
T006676,C0032,2026-02-12,21:59,Home Depot,278.22,Jonesboro GA,Credit Card,829,0
T006677,C0012,2026-01-21,11:42,PetSmart,341.42,Savannah GA,Debit Card,559,0
T006678,C0047,2026-01-02,21:37,Home Depot,220.82,Miami FL,Credit Card,1176,0
T006679,C0028,2026-01-26,12:30,Amazon,28.59,Charlotte NC,Debit Card,1077,0
T006680,C0028,2026-03-23,11:54,Best Buy,179.08,Charlotte NC,Credit Card,826,0
T006681,C0054,2026-01-04,23:01,Home Depot,324.0,Savannah GA,Debit Card,1015,0
T006682,C0076,2026-01-04,07:11,Publix,123.1,Savannah GA,Debit Card,1692,0
T006683,C0019,2026-03-30,19:42,PetSmart,309.88,Jonesboro GA,Credit Card,1697,0
T006684,C0003,2026-03-13,07:15,Shell,311.3,Savannah GA,Credit Card,1862,0
T006685,C0029,2026-01-15,12:51,PetSmart,75.3,Atlanta GA,Debit Card,997,0
T006686,C0037,2026-01-30,11:40,PetSmart,414.78,Marietta GA,Debit Card,324,0
T006687,C0088,2026-02-11,14:10,Best Buy,437.65,Charlotte NC,Debit Card,1051,0
T006688,C0054,2026-02-01,18:46,Starbucks,365.82,Miami FL,Credit Card,1205,0
T006689,C0066,2026-03-02,11:51,Amazon,19.74,Marietta GA,Debit Card,1907,0
T006690,C0066,2026-01-14,19:58,Target,307.8,Miami FL,Debit Card,184,0
T006691,C0086,2026-03-13,07:16,Home Depot,301.9,Atlanta GA,Credit Card,69,0
T006692,C0080,2026-02-26,10:17,Amazon,362.97,Marietta GA,Debit Card,1622,0
T006693,C0039,2026-03-19,14:08,Publix,244.53,Marietta GA,Credit Card,828,0
T006694,C0063,2026-01-19,09:51,Amazon,93.83,Marietta GA,Debit Card,675,0
T006695,C0045,2026-01-13,18:39,Amazon,29.84,Marietta GA,Debit Card,1801,0
T006696,C0075,2026-01-13,08:45,Amazon,130.53,Marietta GA,Debit Card,1392,0
T006697,C0051,2026-03-11,18:11,Publix,213.93,Charlotte NC,Credit Card,1617,0
T006698,C0038,2026-03-16,19:27,CVS,116.25,Jonesboro GA,Credit Card,1695,0
T006699,C0093,2026-02-11,10:41,Walmart,414.83,Charlotte NC,Debit Card,1207,0
T006700,C0052,2026-03-03,08:43,Best Buy,453.85,Charlotte NC,Debit Card,221,0
T006701,C0066,2026-02-28,10:12,Target,330.89,Marietta GA,Credit Card,1539,0
T006702,C0074,2026-02-21,16:59,Target,270.98,Miami FL,Credit Card,777,0
T006703,C0007,2026-03-27,22:21,Best Buy,292.25,Marietta GA,Debit Card,1884,0
T006704,C0009,2026-02-16,17:39,Best Buy,326.16,Savannah GA,Debit Card,1297,0
T006705,C0097,2026-02-22,20:25,CVS,499.1,Atlanta GA,Debit Card,155,0
T006706,C0095,2026-02-09,17:43,Starbucks,192.23,Marietta GA,Credit Card,243,0
T006707,C0038,2026-01-26,14:09,Amazon,370.29,Savannah GA,Credit Card,637,0
T006708,C0078,2026-01-16,21:29,Target,217.76,Savannah GA,Credit Card,991,0
T006709,C0098,2026-01-19,09:54,Shell,78.22,Charlotte NC,Debit Card,410,0
T006710,C0088,2026-03-17,21:12,Shell,405.99,Marietta GA,Credit Card,1081,0
T006711,C0012,2026-01-27,09:29,CVS,132.4,Atlanta GA,Credit Card,699,0
T006712,C0013,2026-02-16,23:15,Walmart,297.51,Charlotte NC,Credit Card,1522,0
T006713,C0072,2026-03-02,09:01,Publix,121.4,Atlanta GA,Credit Card,641,0
T006714,C0041,2026-01-28,16:41,Amazon,48.35,Charlotte NC,Debit Card,903,0
T006715,C0094,2026-01-09,20:04,Amazon,498.13,Charlotte NC,Debit Card,1269,0
T006716,C0087,2026-01-26,17:16,Target,465.23,Savannah GA,Credit Card,943,0
T006717,C0081,2026-01-28,13:59,Target,436.46,Charlotte NC,Debit Card,1338,0
T006718,C0082,2026-03-04,19:34,Home Depot,154.83,Marietta GA,Debit Card,1200,0
T006719,C0019,2026-01-18,14:21,Starbucks,461.91,Atlanta GA,Debit Card,1612,0
T006720,C0071,2026-01-16,23:26,Walmart,176.55,Marietta GA,Debit Card,1203,0
T006721,C0088,2026-01-23,17:18,Target,216.47,Miami FL,Credit Card,1252,0
T006722,C0078,2026-02-23,16:06,Amazon,164.51,Atlanta GA,Debit Card,440,0
T006723,C0028,2026-02-23,20:44,Home Depot,394.41,Savannah GA,Credit Card,625,0
T006724,C0050,2026-01-02,16:17,Target,217.53,Savannah GA,Credit Card,523,0
T006725,C0029,2026-03-27,13:24,PetSmart,244.63,Charlotte NC,Credit Card,991,0
T006726,C0011,2026-02-23,17:15,Starbucks,244.52,Savannah GA,Debit Card,1677,0
T006727,C0010,2026-03-18,15:54,Starbucks,395.77,Atlanta GA,Debit Card,30,0
T006728,C0085,2026-03-18,19:28,Best Buy,74.51,Miami FL,Debit Card,318,0
T006729,C0007,2026-01-26,08:39,Shell,89.0,Atlanta GA,Debit Card,1578,0
T006730,C0014,2026-03-30,23:24,Best Buy,160.19,Savannah GA,Debit Card,1443,0
T006731,C0034,2026-01-15,10:40,PetSmart,444.88,Jonesboro GA,Credit Card,774,0
T006732,C0045,2026-02-11,06:16,Amazon,487.38,Atlanta GA,Debit Card,830,0
T006733,C0014,2026-03-11,14:03,Best Buy,354.47,Atlanta GA,Debit Card,494,0
T006734,C0078,2026-02-06,17:28,PetSmart,241.0,Marietta GA,Debit Card,886,0
T006735,C0076,2026-01-17,17:59,Walmart,49.06,Miami FL,Debit Card,1381,0
T006736,C0097,2026-02-22,07:13,Walmart,199.2,Miami FL,Debit Card,1073,0
T006737,C0043,2026-01-27,10:39,Publix,98.97,Marietta GA,Credit Card,1299,0
T006738,C0055,2026-02-09,12:59,PetSmart,447.55,Miami FL,Credit Card,765,0
T006739,C0069,2026-03-01,20:26,Publix,436.37,Miami FL,Credit Card,536,0
T006740,C0066,2026-03-26,10:09,Publix,353.29,Miami FL,Debit Card,714,0
T006741,C0092,2026-01-26,19:25,Shell,347.7,Marietta GA,Debit Card,391,0
T006742,C0065,2026-01-15,19:23,PetSmart,233.42,Atlanta GA,Credit Card,1793,0
T006743,C0028,2026-01-25,14:59,Publix,176.81,Miami FL,Debit Card,786,0
T006744,C0007,2026-03-26,10:38,Best Buy,253.76,Charlotte NC,Debit Card,569,0
T006745,C0069,2026-03-01,10:33,Best Buy,305.34,Marietta GA,Credit Card,713,0
T006746,C0042,2026-03-31,15:58,Shell,292.29,Atlanta GA,Debit Card,479,0
T006747,C0011,2026-01-10,17:16,Shell,135.34,Miami FL,Credit Card,664,0
T006748,C0093,2026-02-19,10:19,Walmart,233.99,Miami FL,Debit Card,1893,0
T006749,C0019,2026-02-09,06:49,Home Depot,134.54,Jonesboro GA,Debit Card,787,0
T006750,C0021,2026-01-03,12:23,PetSmart,495.95,Charlotte NC,Debit Card,545,0
T006751,C0060,2026-02-27,20:36,Best Buy,29.75,Savannah GA,Credit Card,1692,0
T006752,C0078,2026-01-01,06:25,PetSmart,335.22,Jonesboro GA,Credit Card,1471,0
T006753,C0084,2026-01-22,13:17,Publix,16.44,Atlanta GA,Debit Card,1976,0
T006754,C0053,2026-01-09,21:03,Target,139.61,Jonesboro GA,Credit Card,1081,0
T006755,C0020,2026-01-19,16:05,CVS,31.06,Marietta GA,Credit Card,1580,0
T006756,C0090,2026-03-16,17:02,Amazon,7.16,Miami FL,Credit Card,161,0
T006757,C0095,2026-03-28,20:11,Target,132.07,Jonesboro GA,Debit Card,1293,0
T006758,C0074,2026-02-11,10:15,Walmart,499.61,Charlotte NC,Debit Card,1016,0
T006759,C0065,2026-03-05,17:30,Amazon,129.96,Charlotte NC,Credit Card,1468,0
T006760,C0099,2026-02-06,15:08,Shell,464.49,Jonesboro GA,Debit Card,1718,0
T006761,C0049,2026-02-01,23:34,Amazon,412.55,Marietta GA,Credit Card,1856,0
T006762,C0040,2026-01-06,12:45,Best Buy,287.51,Jonesboro GA,Credit Card,625,0
T006763,C0072,2026-01-27,07:07,Amazon,150.82,Atlanta GA,Credit Card,894,0
T006764,C0007,2026-02-03,07:12,Best Buy,332.43,Charlotte NC,Debit Card,779,0
T006765,C0082,2026-01-16,21:43,CVS,463.99,Marietta GA,Debit Card,1021,0
T006766,C0095,2026-03-25,13:59,Amazon,360.56,Marietta GA,Debit Card,1567,0
T006767,C0091,2026-01-20,09:40,Walmart,59.96,Charlotte NC,Debit Card,1772,0
T006768,C0069,2026-02-25,12:36,Starbucks,336.92,Atlanta GA,Debit Card,367,0
T006769,C0029,2026-03-23,22:07,Target,233.35,Miami FL,Debit Card,1412,0
T006770,C0011,2026-01-31,23:35,Walmart,81.35,Miami FL,Credit Card,523,0
T006771,C0052,2026-03-28,10:51,CVS,455.37,Charlotte NC,Debit Card,1750,0
T006772,C0086,2026-02-15,19:19,Publix,123.69,Savannah GA,Debit Card,583,0
T006773,C0085,2026-02-27,11:33,Target,177.6,Atlanta GA,Credit Card,830,0
T006774,C0032,2026-01-03,11:14,CVS,85.46,Miami FL,Debit Card,1058,0
T006775,C0090,2026-01-10,21:40,Shell,33.5,Miami FL,Credit Card,736,0
T006776,C0080,2026-01-06,06:41,Target,9.96,Jonesboro GA,Debit Card,421,0
T006777,C0080,2026-02-18,13:39,Publix,262.99,Savannah GA,Credit Card,726,0
T006778,C0031,2026-03-03,13:14,CVS,17.16,Charlotte NC,Credit Card,466,0
T006779,C0067,2026-02-10,12:48,Starbucks,485.25,Savannah GA,Debit Card,635,0
T006780,C0070,2026-02-20,22:39,Walmart,290.36,Marietta GA,Debit Card,1207,0
T006781,C0091,2026-02-12,11:01,Starbucks,276.18,Marietta GA,Debit Card,180,0
T006782,C0001,2026-02-08,15:35,Target,340.88,Charlotte NC,Debit Card,1769,0
T006783,C0040,2026-02-04,07:23,PetSmart,6.94,Miami FL,Credit Card,244,0
T006784,C0094,2026-03-28,10:10,Home Depot,486.89,Savannah GA,Credit Card,240,0
T006785,C0093,2026-01-07,10:22,PetSmart,309.59,Savannah GA,Debit Card,1622,0
T006786,C0033,2026-01-04,12:11,CVS,289.21,Miami FL,Credit Card,42,0
T006787,C0089,2026-03-04,10:32,Shell,118.63,Atlanta GA,Credit Card,1590,0
T006788,C0009,2026-02-13,20:20,Walmart,90.3,Marietta GA,Debit Card,761,0
T006789,C0015,2026-03-24,07:31,Starbucks,234.34,Savannah GA,Credit Card,1591,0
T006790,C0078,2026-01-03,11:10,Best Buy,107.88,Charlotte NC,Credit Card,744,0
T006791,C0014,2026-03-10,11:07,PetSmart,221.27,Savannah GA,Debit Card,1885,0
T006792,C0022,2026-01-27,12:19,PetSmart,84.39,Jonesboro GA,Debit Card,776,0
T006793,C0074,2026-02-17,18:59,Publix,321.3,Miami FL,Credit Card,747,0
T006794,C0051,2026-02-11,07:37,Starbucks,300.97,Atlanta GA,Credit Card,1865,0
T006795,C0094,2026-02-08,21:23,CVS,42.17,Jonesboro GA,Debit Card,1911,0
T006796,C0027,2026-03-13,11:22,PetSmart,378.87,Savannah GA,Credit Card,1998,0
T006797,C0054,2026-02-09,21:27,Shell,273.98,Miami FL,Debit Card,885,0
T006798,C0075,2026-03-04,06:20,Publix,340.11,Charlotte NC,Debit Card,270,0
T006799,C0072,2026-03-18,19:59,Best Buy,201.17,Jonesboro GA,Credit Card,603,0
T006800,C0044,2026-01-01,16:39,Target,295.02,Atlanta GA,Debit Card,311,0
T006801,C0043,2026-01-22,19:16,Best Buy,6.38,Miami FL,Debit Card,803,0
T006802,C0079,2026-03-11,07:50,PetSmart,27.96,Miami FL,Debit Card,1620,0
T006803,C0039,2026-03-22,18:14,Best Buy,347.85,Savannah GA,Credit Card,1068,0
T006804,C0091,2026-02-07,09:26,Starbucks,20.67,Miami FL,Debit Card,321,0
T006805,C0098,2026-03-22,11:01,PetSmart,430.17,Jonesboro GA,Credit Card,1339,0
T006806,C0079,2026-01-24,13:35,Starbucks,91.52,Marietta GA,Debit Card,55,0
T006807,C0023,2026-02-18,10:57,CVS,136.4,Charlotte NC,Debit Card,1038,0
T006808,C0049,2026-02-07,22:29,Amazon,444.0,Jonesboro GA,Credit Card,569,0
T006809,C0076,2026-01-13,10:43,PetSmart,160.98,Charlotte NC,Credit Card,1253,0
T006810,C0043,2026-03-11,16:14,Shell,366.41,Jonesboro GA,Credit Card,1868,0
T006811,C0081,2026-03-22,08:27,Amazon,287.39,Jonesboro GA,Debit Card,1239,0
T006812,C0045,2026-03-12,21:41,Amazon,75.86,Jonesboro GA,Debit Card,1421,0
T006813,C0042,2026-01-06,08:35,Target,287.81,Marietta GA,Credit Card,213,0
T006814,C0064,2026-01-09,09:05,Shell,128.47,Miami FL,Debit Card,618,0
T006815,C0078,2026-01-04,23:39,Best Buy,214.7,Marietta GA,Credit Card,1500,0
T006816,C0013,2026-02-11,18:40,Walmart,144.51,Jonesboro GA,Credit Card,1769,0
T006817,C0014,2026-02-04,07:01,CVS,450.44,Charlotte NC,Debit Card,1764,0
T006818,C0091,2026-03-08,12:16,Publix,186.68,Miami FL,Debit Card,1895,0
T006819,C0087,2026-01-03,15:10,Shell,88.17,Jonesboro GA,Debit Card,64,0
T006820,C0087,2026-01-24,23:40,Home Depot,438.83,Jonesboro GA,Credit Card,1926,0
T006821,C0053,2026-03-12,20:11,Publix,417.41,Jonesboro GA,Credit Card,694,0
T006822,C0043,2026-02-12,09:38,Walmart,158.86,Charlotte NC,Debit Card,128,0
T006823,C0074,2026-03-01,06:53,Amazon,418.28,Savannah GA,Debit Card,1780,0
T006824,C0057,2026-03-29,18:05,CVS,493.54,Savannah GA,Credit Card,1889,0
T006825,C0086,2026-02-16,09:10,Best Buy,60.81,Miami FL,Debit Card,1703,0
T006826,C0070,2026-03-18,16:49,Shell,193.04,Miami FL,Credit Card,1637,0
T006827,C0047,2026-01-08,19:37,CVS,244.77,Jonesboro GA,Credit Card,1298,0
T006828,C0017,2026-02-19,14:38,Starbucks,411.21,Savannah GA,Credit Card,88,0
T006829,C0056,2026-01-16,06:00,Walmart,251.18,Miami FL,Credit Card,377,0
T006830,C0092,2026-01-04,14:23,Amazon,330.72,Jonesboro GA,Credit Card,1230,0
T006831,C0091,2026-03-02,12:45,Best Buy,170.49,Miami FL,Credit Card,564,0
T006832,C0077,2026-03-26,19:12,Shell,464.01,Marietta GA,Debit Card,448,0
T006833,C0062,2026-01-11,13:46,Publix,298.17,Miami FL,Debit Card,1137,0
T006834,C0095,2026-01-15,23:33,PetSmart,436.0,Charlotte NC,Debit Card,211,0
T006835,C0081,2026-03-02,16:56,Target,120.66,Atlanta GA,Credit Card,1399,0
T006836,C0021,2026-01-22,14:05,Amazon,136.64,Marietta GA,Credit Card,1319,0
T006837,C0057,2026-01-13,10:31,Walmart,439.76,Charlotte NC,Debit Card,1060,0
T006838,C0063,2026-03-07,21:48,CVS,126.61,Savannah GA,Credit Card,1695,0
T006839,C0079,2026-01-23,11:47,Walmart,100.03,Miami FL,Credit Card,133,0
T006840,C0065,2026-03-08,15:42,Starbucks,156.09,Marietta GA,Credit Card,1697,0
T006841,C0092,2026-03-07,23:06,Amazon,303.84,Jonesboro GA,Credit Card,880,0
T006842,C0033,2026-01-05,15:09,CVS,60.15,Jonesboro GA,Debit Card,1399,0
T006843,C0044,2026-03-22,11:32,CVS,12.36,Miami FL,Credit Card,633,0
T006844,C0022,2026-01-16,23:51,Starbucks,251.79,Jonesboro GA,Credit Card,1629,0
T006845,C0084,2026-03-05,14:13,Amazon,123.09,Charlotte NC,Credit Card,557,0
T006846,C0005,2026-03-02,11:21,Amazon,370.74,Atlanta GA,Debit Card,1478,0
T006847,C0082,2026-02-14,22:07,Target,115.37,Savannah GA,Credit Card,506,0
T006848,C0053,2026-03-22,16:54,Home Depot,28.2,Marietta GA,Credit Card,349,0
T006849,C0079,2026-02-06,18:11,PetSmart,278.75,Miami FL,Debit Card,196,0
T006850,C0012,2026-02-23,11:02,Best Buy,318.77,Savannah GA,Credit Card,1082,0
T006851,C0018,2026-03-26,18:27,Target,9.88,Marietta GA,Debit Card,612,0
T006852,C0093,2026-03-15,10:07,Publix,197.49,Charlotte NC,Credit Card,1579,0
T006853,C0090,2026-01-13,09:15,Amazon,26.69,Charlotte NC,Debit Card,584,0
T006854,C0033,2026-01-17,08:53,CVS,18.39,Savannah GA,Debit Card,1720,0
T006855,C0068,2026-03-27,14:47,Shell,181.21,Miami FL,Debit Card,1246,0
T006856,C0057,2026-01-19,07:18,Starbucks,235.77,Jonesboro GA,Debit Card,1032,0
T006857,C0033,2026-02-16,19:14,Shell,226.65,Marietta GA,Credit Card,1195,0
T006858,C0033,2026-02-11,09:55,CVS,407.59,Atlanta GA,Debit Card,610,0
T006859,C0039,2026-02-16,21:19,Shell,348.41,Jonesboro GA,Debit Card,1088,0
T006860,C0009,2026-01-18,22:48,Shell,84.23,Charlotte NC,Debit Card,1076,0
T006861,C0069,2026-01-03,23:39,Best Buy,162.41,Jonesboro GA,Debit Card,499,0
T006862,C0004,2026-03-13,15:09,Shell,240.45,Marietta GA,Credit Card,186,0
T006863,C0031,2026-03-31,21:21,CVS,389.55,Atlanta GA,Credit Card,563,0
T006864,C0068,2026-03-03,10:47,Amazon,246.4,Miami FL,Credit Card,1621,0
T006865,C0057,2026-01-21,14:07,Target,418.75,Jonesboro GA,Debit Card,366,0
T006866,C0041,2026-03-28,12:17,Walmart,426.65,Charlotte NC,Credit Card,1580,0
T006867,C0013,2026-01-30,20:58,Starbucks,73.04,Jonesboro GA,Debit Card,329,0
T006868,C0006,2026-02-14,12:52,PetSmart,301.6,Jonesboro GA,Credit Card,1007,0
T006869,C0007,2026-03-18,23:42,Walmart,84.79,Savannah GA,Credit Card,1314,0
T006870,C0072,2026-02-17,11:06,PetSmart,116.93,Savannah GA,Credit Card,31,0
T006871,C0068,2026-02-28,17:22,Publix,483.99,Miami FL,Credit Card,1427,0
T006872,C0070,2026-01-12,22:38,Starbucks,83.76,Savannah GA,Credit Card,605,0
T006873,C0099,2026-02-14,22:36,Publix,280.6,Atlanta GA,Credit Card,1475,0
T006874,C0089,2026-01-13,14:11,CVS,266.25,Miami FL,Credit Card,1179,0
T006875,C0016,2026-03-24,06:26,PetSmart,146.23,Charlotte NC,Credit Card,552,0
T006876,C0025,2026-02-09,12:12,Amazon,173.0,Charlotte NC,Debit Card,611,0
T006877,C0073,2026-02-26,10:40,PetSmart,385.48,Charlotte NC,Credit Card,55,0
T006878,C0035,2026-01-19,14:49,Walmart,96.7,Miami FL,Credit Card,431,0
T006879,C0081,2026-02-28,13:07,Walmart,341.94,Atlanta GA,Credit Card,800,0
T006880,C0025,2026-01-01,22:41,Amazon,325.73,Marietta GA,Debit Card,1660,0
T006881,C0086,2026-03-06,13:53,PetSmart,130.97,Marietta GA,Debit Card,1203,0
T006882,C0095,2026-01-11,11:23,Walmart,448.32,Savannah GA,Credit Card,1045,0
T006883,C0080,2026-01-10,07:09,Home Depot,467.6,Miami FL,Debit Card,651,0
T006884,C0015,2026-01-21,14:18,CVS,238.03,Miami FL,Credit Card,1364,0
T006885,C0080,2026-03-15,08:22,Publix,223.12,Marietta GA,Credit Card,323,0
T006886,C0070,2026-03-14,20:31,Amazon,467.32,Atlanta GA,Credit Card,1067,0
T006887,C0074,2026-01-08,09:56,Publix,205.82,Atlanta GA,Debit Card,1125,0
T006888,C0007,2026-01-03,10:29,Walmart,151.9,Jonesboro GA,Debit Card,926,0
T006889,C0050,2026-02-19,10:21,Walmart,115.02,Atlanta GA,Credit Card,1757,0
T006890,C0061,2026-01-03,12:24,Publix,491.54,Atlanta GA,Credit Card,1791,0
T006891,C0053,2026-01-31,21:41,Home Depot,431.17,Jonesboro GA,Debit Card,514,0
T006892,C0071,2026-03-11,14:51,Shell,373.82,Savannah GA,Credit Card,1893,0
T006893,C0047,2026-01-07,11:06,Home Depot,117.3,Atlanta GA,Debit Card,386,0
T006894,C0076,2026-01-25,21:08,Target,100.04,Miami FL,Credit Card,706,0
T006895,C0015,2026-01-27,08:03,Target,373.25,Marietta GA,Credit Card,345,0
T006896,C0049,2026-01-05,18:50,Starbucks,17.19,Marietta GA,Debit Card,960,0
T006897,C0087,2026-01-21,10:36,Shell,339.86,Miami FL,Credit Card,357,0
T006898,C0042,2026-03-28,14:31,Shell,477.09,Savannah GA,Debit Card,800,0
T006899,C0029,2026-02-15,07:13,Target,151.96,Savannah GA,Credit Card,818,0
T006900,C0044,2026-01-27,20:10,Amazon,83.49,Jonesboro GA,Debit Card,553,0
T006901,C0056,2026-01-17,11:26,Best Buy,373.95,Savannah GA,Debit Card,1896,0
T006902,C0090,2026-03-24,20:37,PetSmart,249.04,Savannah GA,Credit Card,54,0
T006903,C0036,2026-02-07,11:44,Publix,379.28,Jonesboro GA,Credit Card,118,0
T006904,C0047,2026-01-19,17:18,CVS,485.19,Savannah GA,Debit Card,1267,0
T006905,C0058,2026-03-03,08:39,Home Depot,139.55,Atlanta GA,Debit Card,1754,0
T006906,C0084,2026-03-07,21:58,Best Buy,148.58,Atlanta GA,Credit Card,1966,0
T006907,C0029,2026-02-14,18:54,Target,27.96,Atlanta GA,Debit Card,732,0
T006908,C0031,2026-01-12,09:49,CVS,96.64,Miami FL,Debit Card,1549,0
T006909,C0082,2026-01-12,17:01,Publix,131.26,Jonesboro GA,Credit Card,1415,0
T006910,C0095,2026-01-08,22:26,Shell,307.48,Marietta GA,Debit Card,1745,0
T006911,C0071,2026-02-17,17:32,Walmart,172.51,Miami FL,Credit Card,1350,0
T006912,C0029,2026-03-13,20:23,Best Buy,135.14,Jonesboro GA,Debit Card,1597,0
T006913,C0079,2026-02-14,15:59,PetSmart,133.67,Miami FL,Debit Card,361,0
T006914,C0081,2026-02-08,12:24,CVS,366.95,Charlotte NC,Credit Card,1115,0
T006915,C0022,2026-03-16,21:56,PetSmart,259.99,Jonesboro GA,Debit Card,1406,0
T006916,C0068,2026-03-24,19:58,Publix,263.64,Atlanta GA,Debit Card,1672,0
T006917,C0062,2026-03-07,09:21,Starbucks,33.08,Jonesboro GA,Credit Card,1115,0
T006918,C0001,2026-03-18,14:23,Home Depot,263.61,Savannah GA,Debit Card,251,0
T006919,C0014,2026-02-22,21:04,CVS,402.71,Marietta GA,Credit Card,1352,0
T006920,C0092,2026-01-22,12:28,CVS,234.76,Miami FL,Credit Card,1872,0
T006921,C0014,2026-03-21,17:55,Walmart,365.45,Atlanta GA,Credit Card,1284,0
T006922,C0083,2026-03-13,21:22,Best Buy,41.5,Marietta GA,Debit Card,956,0
T006923,C0008,2026-02-01,18:04,Publix,25.57,Marietta GA,Credit Card,483,0
T006924,C0088,2026-02-22,14:50,Walmart,159.32,Atlanta GA,Debit Card,251,0
T006925,C0080,2026-01-08,12:27,PetSmart,40.14,Marietta GA,Debit Card,1039,0
T006926,C0042,2026-01-29,10:45,Home Depot,286.3,Atlanta GA,Debit Card,1525,0
T006927,C0099,2026-01-12,20:04,Home Depot,24.7,Miami FL,Debit Card,1734,0
T006928,C0025,2026-02-28,09:33,Walmart,18.84,Marietta GA,Debit Card,571,0
T006929,C0053,2026-03-02,13:30,PetSmart,278.19,Miami FL,Credit Card,472,0
T006930,C0082,2026-03-20,11:31,Target,226.48,Savannah GA,Credit Card,663,0
T006931,C0053,2026-02-21,20:30,Walmart,13.03,Atlanta GA,Credit Card,628,0
T006932,C0007,2026-03-07,12:08,Walmart,32.25,Miami FL,Debit Card,788,0
T006933,C0081,2026-02-18,09:00,Best Buy,274.37,Savannah GA,Credit Card,1108,0
T006934,C0044,2026-01-08,06:06,Amazon,8.2,Savannah GA,Credit Card,42,0
T006935,C0020,2026-02-20,23:53,Starbucks,88.79,Marietta GA,Credit Card,476,0
T006936,C0079,2026-01-05,09:59,Walmart,423.21,Jonesboro GA,Credit Card,1734,0
T006937,C0010,2026-02-04,09:00,Home Depot,285.31,Atlanta GA,Debit Card,1633,0
T006938,C0049,2026-01-06,09:18,PetSmart,422.33,Savannah GA,Debit Card,1287,0
T006939,C0040,2026-01-23,23:09,Target,118.54,Atlanta GA,Debit Card,1553,0
T006940,C0020,2026-01-18,16:32,Publix,132.36,Atlanta GA,Debit Card,1322,0
T006941,C0050,2026-01-09,21:01,Target,77.2,Savannah GA,Debit Card,1806,0
T006942,C0020,2026-03-18,18:20,Publix,394.41,Jonesboro GA,Debit Card,699,0
T006943,C0005,2026-01-21,08:54,Starbucks,462.16,Charlotte NC,Debit Card,1091,0
T006944,C0085,2026-01-07,16:44,Starbucks,320.07,Jonesboro GA,Debit Card,985,0
T006945,C0045,2026-01-22,15:09,CVS,491.52,Jonesboro GA,Credit Card,545,0
T006946,C0084,2026-02-17,11:14,Starbucks,126.33,Savannah GA,Credit Card,266,0
T006947,C0085,2026-02-26,21:07,PetSmart,147.3,Charlotte NC,Debit Card,1758,0
T006948,C0088,2026-02-21,08:44,Amazon,81.51,Marietta GA,Credit Card,452,0
T006949,C0079,2026-03-09,19:28,Starbucks,57.4,Atlanta GA,Credit Card,901,0
T006950,C0094,2026-01-22,11:32,PetSmart,261.44,Jonesboro GA,Debit Card,1556,0
T006951,C0063,2026-03-20,07:02,Home Depot,456.45,Atlanta GA,Debit Card,1916,0
T006952,C0039,2026-03-16,18:26,CVS,20.49,Savannah GA,Credit Card,831,0
T006953,C0058,2026-01-21,19:41,Best Buy,20.66,Marietta GA,Debit Card,668,0
T006954,C0079,2026-03-05,09:26,CVS,132.22,Atlanta GA,Credit Card,639,0
T006955,C0077,2026-02-03,15:58,Publix,320.79,Jonesboro GA,Debit Card,863,0
T006956,C0045,2026-03-23,20:07,PetSmart,126.33,Savannah GA,Credit Card,735,0
T006957,C0026,2026-03-16,12:40,Shell,253.48,Marietta GA,Debit Card,1755,0
T006958,C0023,2026-01-23,20:49,Home Depot,77.28,Savannah GA,Credit Card,803,0
T006959,C0055,2026-02-09,15:27,Publix,68.4,Jonesboro GA,Debit Card,1440,0
T006960,C0040,2026-01-25,06:46,Publix,325.58,Charlotte NC,Debit Card,87,0
T006961,C0020,2026-02-11,15:22,Target,195.45,Jonesboro GA,Credit Card,1871,0
T006962,C0026,2026-01-28,10:15,Home Depot,491.7,Miami FL,Credit Card,655,0
T006963,C0043,2026-03-07,11:08,Amazon,196.86,Marietta GA,Debit Card,1615,0
T006964,C0098,2026-03-03,17:19,Home Depot,408.9,Miami FL,Debit Card,1268,0
T006965,C0082,2026-01-29,23:00,Starbucks,486.73,Charlotte NC,Credit Card,261,0
T006966,C0026,2026-01-10,08:57,Amazon,321.22,Charlotte NC,Debit Card,778,0
T006967,C0087,2026-02-09,08:07,PetSmart,54.15,Savannah GA,Credit Card,1925,0
T006968,C0011,2026-01-20,12:04,Publix,320.17,Charlotte NC,Credit Card,754,0
T006969,C0032,2026-01-15,17:34,CVS,276.66,Jonesboro GA,Credit Card,977,0
T006970,C0093,2026-01-09,18:12,Best Buy,290.54,Jonesboro GA,Credit Card,1869,0
T006971,C0077,2026-02-26,10:07,PetSmart,16.23,Charlotte NC,Debit Card,1815,0
T006972,C0048,2026-03-24,14:18,Target,35.75,Atlanta GA,Credit Card,482,0
T006973,C0002,2026-01-18,06:43,Walmart,246.62,Marietta GA,Debit Card,798,0
T006974,C0043,2026-03-24,19:40,Best Buy,77.29,Miami FL,Debit Card,416,0
T006975,C0071,2026-01-26,11:55,Walmart,194.41,Charlotte NC,Credit Card,836,0
T006976,C0057,2026-01-13,08:19,Best Buy,349.01,Charlotte NC,Credit Card,534,0
T006977,C0011,2026-03-18,22:55,Walmart,118.2,Savannah GA,Debit Card,1777,0
T006978,C0061,2026-01-24,19:46,Target,136.74,Jonesboro GA,Credit Card,1863,0
T006979,C0038,2026-02-18,14:46,Starbucks,20.22,Miami FL,Credit Card,811,0
T006980,C0015,2026-03-06,08:26,Shell,417.7,Marietta GA,Credit Card,1048,0
T006981,C0039,2026-01-07,17:34,Starbucks,454.6,Charlotte NC,Debit Card,612,0
T006982,C0085,2026-03-16,15:31,PetSmart,281.03,Jonesboro GA,Credit Card,1826,0
T006983,C0044,2026-01-21,15:21,Starbucks,401.56,Miami FL,Debit Card,1702,0
T006984,C0078,2026-02-06,16:22,PetSmart,97.63,Miami FL,Credit Card,1447,0
T006985,C0038,2026-01-03,06:07,Walmart,79.93,Charlotte NC,Debit Card,644,0
T006986,C0082,2026-03-02,20:33,CVS,63.63,Miami FL,Debit Card,688,0
T006987,C0036,2026-02-26,23:24,Publix,362.04,Marietta GA,Credit Card,817,0
T006988,C0017,2026-01-28,13:36,Best Buy,425.55,Miami FL,Credit Card,723,0
T006989,C0031,2026-02-14,12:38,Walmart,328.91,Atlanta GA,Credit Card,715,0
T006990,C0085,2026-01-27,20:53,Starbucks,203.15,Charlotte NC,Debit Card,1714,0
T006991,C0063,2026-01-21,15:23,Amazon,409.48,Atlanta GA,Credit Card,1117,0
T006992,C0093,2026-01-13,09:04,PetSmart,114.34,Atlanta GA,Credit Card,941,0
T006993,C0045,2026-02-16,23:12,Target,335.18,Savannah GA,Credit Card,872,0
T006994,C0019,2026-01-12,16:27,Shell,66.54,Miami FL,Credit Card,1216,0
T006995,C0040,2026-03-02,08:29,Shell,443.52,Marietta GA,Debit Card,1938,0
T006996,C0009,2026-03-31,22:43,Amazon,177.53,Jonesboro GA,Credit Card,1227,0
T006997,C0011,2026-01-23,16:27,Walmart,271.57,Jonesboro GA,Debit Card,355,0
T006998,C0093,2026-01-26,12:54,PetSmart,394.1,Marietta GA,Debit Card,285,0
T006999,C0056,2026-03-20,10:59,Target,323.84,Marietta GA,Credit Card,1155,0
T007000,C0054,2026-01-20,21:30,Home Depot,281.39,Charlotte NC,Debit Card,706,0
T007001,C0014,2026-01-18,07:44,Publix,330.37,Marietta GA,Debit Card,1238,0
T007002,C0057,2026-03-17,09:43,Publix,190.87,Atlanta GA,Debit Card,1941,0
T007003,C0083,2026-02-20,22:21,Starbucks,483.08,Charlotte NC,Debit Card,1187,0
T007004,C0036,2026-03-15,13:13,Shell,146.39,Atlanta GA,Debit Card,233,0
T007005,C0099,2026-03-23,23:20,Target,193.85,Atlanta GA,Debit Card,669,0
T007006,C0004,2026-01-06,18:45,Starbucks,54.2,Savannah GA,Credit Card,1449,0
T007007,C0085,2026-02-22,13:10,Walmart,376.35,Charlotte NC,Credit Card,502,0
T007008,C0088,2026-01-22,10:38,Publix,277.18,Charlotte NC,Credit Card,1379,0
T007009,C0012,2026-03-30,07:53,Best Buy,51.17,Jonesboro GA,Debit Card,931,0
T007010,C0095,2026-03-27,15:32,Amazon,43.87,Miami FL,Debit Card,622,0
T007011,C0088,2026-01-26,06:00,Publix,462.25,Jonesboro GA,Debit Card,980,0
T007012,C0083,2026-03-02,15:07,Shell,370.35,Jonesboro GA,Debit Card,1357,0
T007013,C0038,2026-03-06,12:06,Best Buy,434.57,Charlotte NC,Debit Card,852,0
T007014,C0032,2026-02-01,19:12,Amazon,114.74,Marietta GA,Debit Card,111,0
T007015,C0043,2026-03-06,18:25,PetSmart,234.35,Charlotte NC,Debit Card,1821,0
T007016,C0008,2026-02-13,06:29,PetSmart,414.51,Atlanta GA,Credit Card,1502,0
T007017,C0049,2026-03-15,17:01,Best Buy,468.49,Savannah GA,Credit Card,1085,0
T007018,C0047,2026-02-23,22:39,Starbucks,474.54,Savannah GA,Credit Card,869,0
T007019,C0048,2026-02-02,21:17,Publix,72.29,Charlotte NC,Credit Card,1802,0
T007020,C0014,2026-01-02,14:12,Shell,337.88,Atlanta GA,Credit Card,1194,0
T007021,C0056,2026-02-19,07:00,Home Depot,162.58,Jonesboro GA,Credit Card,40,0
T007022,C0009,2026-03-07,21:06,Home Depot,8.83,Charlotte NC,Credit Card,823,0
T007023,C0081,2026-03-28,10:30,Amazon,298.25,Miami FL,Credit Card,196,0
T007024,C0073,2026-01-14,23:30,Target,281.72,Miami FL,Credit Card,1822,0
T007025,C0078,2026-01-13,22:04,Starbucks,169.57,Atlanta GA,Debit Card,983,0
T007026,C0095,2026-01-14,22:02,Publix,373.51,Savannah GA,Debit Card,1094,0
T007027,C0056,2026-01-17,19:08,PetSmart,375.95,Charlotte NC,Debit Card,657,0
T007028,C0077,2026-03-20,13:10,Target,344.63,Jonesboro GA,Credit Card,1075,0
T007029,C0014,2026-01-11,21:31,Best Buy,397.85,Savannah GA,Debit Card,441,0
T007030,C0010,2026-03-14,13:07,Amazon,450.93,Atlanta GA,Debit Card,520,0
T007031,C0042,2026-02-24,11:50,Starbucks,339.8,Charlotte NC,Debit Card,1671,0
T007032,C0045,2026-02-24,17:04,Publix,476.46,Miami FL,Credit Card,220,0
T007033,C0067,2026-02-24,16:07,Starbucks,377.96,Jonesboro GA,Debit Card,815,0
T007034,C0028,2026-01-13,16:16,CVS,88.91,Atlanta GA,Debit Card,1125,0
T007035,C0089,2026-01-25,15:07,Amazon,269.83,Savannah GA,Credit Card,509,0
T007036,C0043,2026-01-02,21:19,Walmart,145.21,Marietta GA,Credit Card,1243,0
T007037,C0054,2026-03-24,15:27,Home Depot,225.7,Savannah GA,Debit Card,1463,0
T007038,C0041,2026-01-15,22:54,Shell,271.73,Charlotte NC,Debit Card,1850,0
T007039,C0063,2026-01-17,16:57,Amazon,57.34,Miami FL,Credit Card,697,0
T007040,C0066,2026-01-06,17:03,Home Depot,143.35,Savannah GA,Debit Card,476,0
T007041,C0099,2026-03-27,18:23,Target,107.96,Jonesboro GA,Credit Card,140,0
T007042,C0070,2026-02-24,13:34,Best Buy,311.73,Jonesboro GA,Debit Card,1034,0
T007043,C0035,2026-02-09,08:10,Shell,43.72,Savannah GA,Debit Card,725,0
T007044,C0096,2026-01-12,06:27,Amazon,135.49,Charlotte NC,Credit Card,784,0
T007045,C0100,2026-02-18,17:26,PetSmart,213.68,Marietta GA,Debit Card,1595,0
T007046,C0021,2026-01-31,13:13,Walmart,317.73,Savannah GA,Debit Card,799,0
T007047,C0057,2026-01-13,07:55,PetSmart,159.14,Savannah GA,Debit Card,1536,0
T007048,C0088,2026-01-16,09:33,Home Depot,294.78,Jonesboro GA,Credit Card,410,0
T007049,C0091,2026-02-05,07:39,Walmart,337.28,Atlanta GA,Credit Card,1536,0
T007050,C0032,2026-03-29,09:58,Publix,241.29,Charlotte NC,Credit Card,1837,0
T007051,C0063,2026-01-07,12:05,Amazon,408.69,Charlotte NC,Credit Card,1390,0
T007052,C0002,2026-02-25,17:06,Best Buy,144.31,Savannah GA,Debit Card,1755,0
T007053,C0065,2026-03-24,20:33,Shell,359.49,Savannah GA,Debit Card,1154,0
T007054,C0066,2026-02-15,20:44,Shell,311.51,Jonesboro GA,Debit Card,1219,0
T007055,C0062,2026-01-12,20:58,Target,437.53,Atlanta GA,Debit Card,2000,0
T007056,C0078,2026-03-20,07:59,Shell,325.42,Savannah GA,Credit Card,799,0
T007057,C0076,2026-03-10,12:08,Starbucks,52.73,Marietta GA,Debit Card,1590,0
T007058,C0064,2026-02-24,23:42,Home Depot,262.51,Savannah GA,Debit Card,1271,0
T007059,C0074,2026-01-30,11:24,Home Depot,13.78,Jonesboro GA,Credit Card,1953,0
T007060,C0043,2026-02-10,10:16,Walmart,498.04,Charlotte NC,Credit Card,222,0
T007061,C0013,2026-02-22,17:54,Shell,368.5,Marietta GA,Credit Card,224,0
T007062,C0029,2026-02-06,17:30,Amazon,420.38,Jonesboro GA,Credit Card,925,0
T007063,C0007,2026-01-10,06:34,Amazon,432.13,Charlotte NC,Debit Card,583,0
T007064,C0081,2026-02-10,12:33,CVS,31.6,Marietta GA,Debit Card,1989,0
T007065,C0055,2026-03-30,20:26,Home Depot,39.58,Savannah GA,Debit Card,1035,0
T007066,C0049,2026-03-22,16:25,Starbucks,170.96,Atlanta GA,Credit Card,1567,0
T007067,C0009,2026-01-16,17:47,Shell,493.64,Charlotte NC,Credit Card,434,0
T007068,C0086,2026-02-08,23:52,Home Depot,343.56,Charlotte NC,Credit Card,1739,0
T007069,C0083,2026-01-09,11:55,CVS,126.29,Miami FL,Debit Card,1898,0
T007070,C0007,2026-01-06,15:03,Walmart,290.6,Miami FL,Debit Card,1624,0
T007071,C0004,2026-02-27,07:13,Starbucks,488.64,Jonesboro GA,Credit Card,858,0
T007072,C0092,2026-02-01,12:04,Shell,400.12,Marietta GA,Credit Card,448,0
T007073,C0039,2026-03-22,20:07,Starbucks,149.72,Jonesboro GA,Credit Card,1672,0
T007074,C0066,2026-01-10,21:50,CVS,85.41,Savannah GA,Debit Card,1837,0
T007075,C0061,2026-03-24,11:06,CVS,365.15,Charlotte NC,Debit Card,101,0
T007076,C0014,2026-03-11,10:05,PetSmart,446.71,Marietta GA,Debit Card,1481,0
T007077,C0044,2026-03-04,19:15,Target,492.36,Savannah GA,Debit Card,194,0
T007078,C0029,2026-02-05,18:52,Starbucks,332.91,Jonesboro GA,Credit Card,194,0
T007079,C0080,2026-02-20,18:10,Best Buy,50.57,Charlotte NC,Debit Card,1015,0
T007080,C0012,2026-02-24,16:59,Shell,30.5,Jonesboro GA,Debit Card,1443,0
T007081,C0069,2026-01-28,20:32,Best Buy,85.64,Miami FL,Debit Card,791,0
T007082,C0090,2026-03-01,09:11,PetSmart,339.67,Savannah GA,Credit Card,164,0
T007083,C0074,2026-03-25,08:31,CVS,427.86,Miami FL,Credit Card,807,0
T007084,C0093,2026-01-01,10:10,PetSmart,320.28,Atlanta GA,Debit Card,1354,0
T007085,C0057,2026-02-09,16:11,CVS,369.6,Savannah GA,Credit Card,936,0
T007086,C0065,2026-01-02,13:38,Shell,351.2,Marietta GA,Credit Card,1146,0
T007087,C0064,2026-02-06,19:57,Home Depot,212.92,Charlotte NC,Credit Card,1978,0
T007088,C0044,2026-03-11,19:34,CVS,331.05,Jonesboro GA,Credit Card,1352,0
T007089,C0094,2026-03-19,12:44,Shell,349.99,Miami FL,Debit Card,395,0
T007090,C0001,2026-03-12,18:32,Amazon,87.6,Charlotte NC,Credit Card,994,0
T007091,C0004,2026-03-04,23:23,Amazon,189.22,Savannah GA,Debit Card,1639,0
T007092,C0037,2026-01-28,06:37,Publix,443.98,Savannah GA,Debit Card,323,0
T007093,C0034,2026-03-06,09:14,Best Buy,13.94,Jonesboro GA,Credit Card,294,0
T007094,C0020,2026-02-03,08:08,Starbucks,188.47,Jonesboro GA,Debit Card,365,0
T007095,C0054,2026-02-17,06:36,Best Buy,347.65,Jonesboro GA,Credit Card,605,0
T007096,C0041,2026-02-06,10:42,Publix,120.05,Charlotte NC,Debit Card,1990,0
T007097,C0055,2026-02-02,21:28,Best Buy,404.94,Marietta GA,Credit Card,907,0
T007098,C0001,2026-03-06,07:30,Amazon,403.7,Miami FL,Credit Card,1999,0
T007099,C0009,2026-03-09,22:43,Walmart,131.26,Atlanta GA,Credit Card,1582,0
T007100,C0055,2026-01-31,18:39,Shell,329.35,Atlanta GA,Debit Card,1009,0
T007101,C0078,2026-03-20,12:15,Amazon,379.15,Charlotte NC,Credit Card,1065,0
T007102,C0026,2026-03-12,22:13,Amazon,410.37,Miami FL,Debit Card,1159,0
T007103,C0093,2026-01-16,20:13,Best Buy,176.02,Miami FL,Credit Card,1171,0
T007104,C0093,2026-02-18,17:11,Best Buy,455.97,Miami FL,Credit Card,1551,0
T007105,C0019,2026-03-23,13:30,Amazon,248.12,Jonesboro GA,Credit Card,1142,0
T007106,C0063,2026-03-16,22:01,Amazon,70.87,Charlotte NC,Debit Card,801,0
T007107,C0067,2026-01-26,12:59,Shell,20.09,Miami FL,Debit Card,622,0
T007108,C0023,2026-02-20,20:09,CVS,33.47,Miami FL,Debit Card,1503,0
T007109,C0020,2026-01-12,07:28,Best Buy,96.62,Charlotte NC,Debit Card,857,0
T007110,C0057,2026-03-10,19:28,PetSmart,404.24,Charlotte NC,Debit Card,1403,0
T007111,C0092,2026-01-09,07:22,Amazon,42.24,Charlotte NC,Debit Card,1365,0
T007112,C0074,2026-03-15,13:13,PetSmart,253.18,Jonesboro GA,Debit Card,97,0
T007113,C0047,2026-03-27,19:10,Amazon,143.91,Charlotte NC,Debit Card,554,0
T007114,C0018,2026-01-31,10:17,Best Buy,356.05,Atlanta GA,Credit Card,1168,0
T007115,C0089,2026-01-14,22:34,PetSmart,197.82,Savannah GA,Credit Card,590,0
T007116,C0100,2026-01-11,12:09,CVS,378.38,Atlanta GA,Debit Card,1218,0
T007117,C0039,2026-03-02,11:16,Walmart,472.49,Savannah GA,Credit Card,986,0
T007118,C0052,2026-01-19,18:42,Amazon,240.52,Miami FL,Debit Card,1462,0
T007119,C0067,2026-03-12,15:53,Publix,235.21,Atlanta GA,Credit Card,494,0
T007120,C0066,2026-03-21,22:27,Publix,18.37,Miami FL,Credit Card,918,0
T007121,C0088,2026-02-10,06:59,CVS,324.21,Marietta GA,Debit Card,699,0
T007122,C0009,2026-03-01,13:22,Shell,158.68,Miami FL,Credit Card,1506,0
T007123,C0078,2026-02-06,16:15,PetSmart,116.71,Jonesboro GA,Debit Card,811,0
T007124,C0038,2026-01-08,21:31,CVS,54.66,Miami FL,Debit Card,1507,0
T007125,C0074,2026-01-20,11:09,CVS,230.98,Charlotte NC,Debit Card,1458,0
T007126,C0055,2026-02-11,13:15,Shell,379.32,Savannah GA,Credit Card,1975,0
T007127,C0005,2026-02-28,17:47,Walmart,10.5,Marietta GA,Debit Card,152,0
T007128,C0061,2026-03-30,19:44,Best Buy,383.17,Miami FL,Debit Card,1183,0
T007129,C0032,2026-01-14,14:22,Home Depot,449.07,Charlotte NC,Credit Card,522,0
T007130,C0071,2026-02-25,22:57,Best Buy,62.92,Charlotte NC,Credit Card,1817,0
T007131,C0010,2026-01-01,07:01,Starbucks,174.31,Atlanta GA,Debit Card,854,0
T007132,C0079,2026-02-16,22:56,CVS,475.71,Charlotte NC,Credit Card,1929,0
T007133,C0045,2026-02-03,14:20,CVS,433.15,Marietta GA,Credit Card,758,0
T007134,C0056,2026-01-13,15:47,Publix,94.84,Marietta GA,Credit Card,1127,0
T007135,C0079,2026-03-15,17:41,Shell,98.82,Jonesboro GA,Credit Card,204,0
T007136,C0058,2026-01-07,13:35,Best Buy,108.26,Miami FL,Credit Card,192,0
T007137,C0041,2026-01-06,21:00,Best Buy,295.69,Miami FL,Debit Card,745,0
T007138,C0095,2026-01-02,19:52,Best Buy,355.65,Miami FL,Debit Card,1703,0
T007139,C0027,2026-03-08,21:18,Best Buy,404.88,Atlanta GA,Credit Card,114,0
T007140,C0091,2026-01-25,06:43,Home Depot,36.6,Charlotte NC,Credit Card,799,0
T007141,C0074,2026-02-10,10:34,CVS,39.28,Marietta GA,Credit Card,932,0
T007142,C0067,2026-03-15,13:00,CVS,71.8,Miami FL,Debit Card,1629,0
T007143,C0083,2026-01-19,08:32,Starbucks,32.92,Miami FL,Debit Card,765,0
T007144,C0007,2026-01-25,09:36,Publix,282.02,Savannah GA,Credit Card,226,0
T007145,C0020,2026-03-11,17:47,Best Buy,352.34,Atlanta GA,Debit Card,1111,0
T007146,C0073,2026-03-12,08:35,Best Buy,308.56,Jonesboro GA,Debit Card,586,0
T007147,C0035,2026-02-24,17:19,Walmart,274.09,Miami FL,Credit Card,970,0
T007148,C0009,2026-01-07,17:16,CVS,322.53,Marietta GA,Debit Card,1075,0
T007149,C0059,2026-02-21,18:09,Shell,23.28,Miami FL,Debit Card,490,0
T007150,C0004,2026-03-16,15:17,Walmart,498.31,Jonesboro GA,Debit Card,1312,0
T007151,C0051,2026-01-18,13:58,Target,430.24,Jonesboro GA,Credit Card,715,0
T007152,C0007,2026-02-25,07:54,Best Buy,430.58,Savannah GA,Debit Card,1729,0
T007153,C0047,2026-02-16,17:44,Walmart,418.04,Jonesboro GA,Credit Card,967,0
T007154,C0055,2026-03-02,13:37,Publix,413.91,Savannah GA,Credit Card,227,0
T007155,C0078,2026-01-20,07:45,Shell,116.75,Savannah GA,Debit Card,420,0
T007156,C0042,2026-01-03,09:01,Starbucks,404.97,Atlanta GA,Debit Card,312,0
T007157,C0059,2026-02-09,11:16,Best Buy,40.27,Jonesboro GA,Debit Card,1413,0
T007158,C0084,2026-03-22,07:08,Amazon,54.85,Marietta GA,Credit Card,924,0
T007159,C0083,2026-02-27,12:40,Best Buy,121.1,Charlotte NC,Credit Card,1938,0
T007160,C0071,2026-03-10,13:06,Target,8.68,Marietta GA,Credit Card,568,0
T007161,C0048,2026-01-02,12:19,Starbucks,269.34,Marietta GA,Debit Card,820,0
T007162,C0028,2026-02-03,10:51,Amazon,259.91,Charlotte NC,Credit Card,776,0
T007163,C0054,2026-03-10,07:47,Publix,209.9,Savannah GA,Debit Card,1378,0
T007164,C0043,2026-02-16,23:36,Home Depot,29.56,Atlanta GA,Credit Card,1376,0
T007165,C0045,2026-02-17,07:58,Amazon,167.18,Miami FL,Credit Card,219,0
T007166,C0041,2026-01-14,23:40,Shell,229.76,Marietta GA,Debit Card,131,0
T007167,C0062,2026-01-14,15:56,PetSmart,311.52,Miami FL,Debit Card,1116,0
T007168,C0067,2026-02-04,19:26,Target,477.81,Jonesboro GA,Credit Card,219,0
T007169,C0077,2026-01-12,07:00,CVS,59.71,Jonesboro GA,Debit Card,1807,0
T007170,C0053,2026-02-20,19:34,Publix,455.8,Savannah GA,Credit Card,1163,0
T007171,C0047,2026-03-23,18:14,Shell,121.3,Jonesboro GA,Debit Card,1049,0
T007172,C0064,2026-02-15,07:10,Best Buy,304.22,Savannah GA,Debit Card,1387,0
T007173,C0030,2026-03-13,09:53,Shell,120.33,Jonesboro GA,Credit Card,906,0
T007174,C0024,2026-03-07,15:39,Starbucks,486.38,Savannah GA,Debit Card,1353,0
T007175,C0014,2026-02-19,11:35,Home Depot,52.86,Charlotte NC,Debit Card,1088,0
T007176,C0030,2026-01-08,17:48,Best Buy,271.06,Marietta GA,Debit Card,453,0
T007177,C0026,2026-01-26,08:43,Target,45.62,Charlotte NC,Debit Card,433,0
T007178,C0045,2026-01-01,11:31,Best Buy,473.39,Atlanta GA,Credit Card,1067,0
T007179,C0038,2026-03-15,12:28,PetSmart,156.82,Marietta GA,Debit Card,379,0
T007180,C0096,2026-02-18,08:39,Starbucks,243.88,Marietta GA,Credit Card,1461,0
T007181,C0053,2026-03-11,16:42,Home Depot,176.39,Marietta GA,Credit Card,1969,0
T007182,C0067,2026-03-23,16:44,Shell,64.46,Charlotte NC,Credit Card,1425,0
T007183,C0088,2026-02-09,20:17,PetSmart,266.22,Jonesboro GA,Credit Card,86,0
T007184,C0058,2026-03-22,19:06,Amazon,79.98,Miami FL,Debit Card,1557,0
T007185,C0063,2026-03-17,07:24,Publix,222.45,Savannah GA,Debit Card,285,0
T007186,C0065,2026-02-12,09:05,Amazon,134.96,Charlotte NC,Debit Card,1066,0
T007187,C0005,2026-01-10,10:18,CVS,170.2,Jonesboro GA,Debit Card,243,0
T007188,C0048,2026-03-12,14:00,Starbucks,122.26,Miami FL,Debit Card,166,0
T007189,C0055,2026-03-25,18:16,Target,28.74,Charlotte NC,Debit Card,1272,0
T007190,C0016,2026-02-01,21:44,Shell,110.11,Jonesboro GA,Debit Card,1996,0
T007191,C0045,2026-02-18,09:17,Starbucks,410.4,Atlanta GA,Credit Card,921,0
T007192,C0087,2026-02-14,21:14,Target,496.9,Savannah GA,Debit Card,414,0
T007193,C0061,2026-03-21,08:12,Best Buy,8.57,Miami FL,Debit Card,577,0
T007194,C0010,2026-01-01,21:07,PetSmart,12.72,Miami FL,Credit Card,1205,0
T007195,C0048,2026-02-08,17:06,PetSmart,330.21,Charlotte NC,Credit Card,668,0
T007196,C0075,2026-03-30,17:20,Publix,293.3,Atlanta GA,Debit Card,1119,0
T007197,C0100,2026-02-19,23:02,Amazon,429.45,Miami FL,Debit Card,1987,0
T007198,C0060,2026-01-10,22:03,Starbucks,216.04,Miami FL,Debit Card,1125,0
T007199,C0033,2026-03-11,15:33,Amazon,194.4,Miami FL,Credit Card,316,0
T007200,C0060,2026-03-19,07:29,Starbucks,412.47,Marietta GA,Credit Card,1930,0
T007201,C0003,2026-02-13,06:15,Shell,141.36,Charlotte NC,Debit Card,74,0
T007202,C0085,2026-01-16,07:32,Walmart,134.55,Savannah GA,Credit Card,201,0
T007203,C0066,2026-01-23,21:40,PetSmart,31.12,Marietta GA,Credit Card,1717,0
T007204,C0049,2026-02-28,11:10,Amazon,404.85,Charlotte NC,Credit Card,453,0
T007205,C0064,2026-01-27,10:58,Amazon,34.33,Savannah GA,Debit Card,1359,0
T007206,C0050,2026-01-30,17:13,Walmart,133.88,Jonesboro GA,Credit Card,700,0
T007207,C0019,2026-01-27,07:50,Starbucks,133.79,Savannah GA,Debit Card,1701,0
T007208,C0098,2026-02-09,17:06,Publix,444.87,Marietta GA,Debit Card,428,0
T007209,C0087,2026-02-23,07:40,Publix,151.51,Miami FL,Debit Card,807,0
T007210,C0008,2026-02-02,06:44,Walmart,82.39,Miami FL,Debit Card,673,0
T007211,C0012,2026-02-19,15:05,Shell,61.65,Charlotte NC,Credit Card,1650,0
T007212,C0009,2026-02-25,17:26,CVS,352.1,Miami FL,Credit Card,665,0
T007213,C0092,2026-02-06,11:27,Walmart,350.58,Charlotte NC,Credit Card,113,0
T007214,C0006,2026-03-08,14:13,Best Buy,87.79,Marietta GA,Credit Card,767,0
T007215,C0060,2026-03-18,16:59,CVS,271.2,Miami FL,Credit Card,1203,0
T007216,C0039,2026-01-09,21:17,Publix,82.03,Miami FL,Credit Card,1806,0
T007217,C0063,2026-02-28,17:25,Publix,313.22,Marietta GA,Debit Card,780,0
T007218,C0041,2026-01-26,23:12,Target,497.64,Marietta GA,Debit Card,906,0
T007219,C0063,2026-01-08,12:05,Best Buy,387.38,Savannah GA,Debit Card,1535,0
T007220,C0001,2026-02-01,13:41,Target,315.57,Marietta GA,Credit Card,1586,0
T007221,C0090,2026-03-24,14:11,Home Depot,394.08,Savannah GA,Debit Card,180,0
T007222,C0039,2026-02-12,15:43,Shell,413.14,Charlotte NC,Credit Card,1618,0
T007223,C0098,2026-03-09,13:39,Publix,284.13,Savannah GA,Debit Card,900,0
T007224,C0067,2026-02-17,15:13,Amazon,184.2,Miami FL,Credit Card,103,0
T007225,C0080,2026-02-13,11:04,Amazon,466.32,Jonesboro GA,Credit Card,750,0
T007226,C0009,2026-02-23,06:50,PetSmart,395.93,Marietta GA,Debit Card,915,0
T007227,C0069,2026-02-02,21:06,CVS,486.2,Charlotte NC,Credit Card,763,0
T007228,C0061,2026-01-06,08:02,Publix,13.51,Savannah GA,Credit Card,1670,0
T007229,C0028,2026-01-18,12:37,Walmart,445.63,Marietta GA,Credit Card,722,0
T007230,C0047,2026-02-23,22:14,Target,430.78,Marietta GA,Credit Card,309,0
T007231,C0025,2026-01-13,14:08,Starbucks,456.06,Miami FL,Debit Card,1945,0
T007232,C0022,2026-01-17,09:18,Best Buy,209.17,Marietta GA,Credit Card,570,0
T007233,C0041,2026-01-05,14:20,Amazon,171.36,Savannah GA,Credit Card,285,0
T007234,C0080,2026-03-06,07:49,Best Buy,249.4,Savannah GA,Debit Card,1729,0
T007235,C0011,2026-01-13,12:11,Target,381.97,Charlotte NC,Debit Card,895,0
T007236,C0069,2026-03-29,18:12,Shell,453.65,Marietta GA,Credit Card,721,0
T007237,C0046,2026-02-19,12:05,Shell,107.77,Savannah GA,Credit Card,101,0
T007238,C0044,2026-01-26,23:06,PetSmart,127.43,Atlanta GA,Debit Card,755,0
T007239,C0038,2026-03-13,21:27,Publix,229.76,Jonesboro GA,Credit Card,1338,0
T007240,C0100,2026-01-24,12:21,Starbucks,8.27,Charlotte NC,Debit Card,909,0
T007241,C0037,2026-03-20,23:27,Walmart,12.2,Charlotte NC,Credit Card,1072,0
T007242,C0078,2026-03-31,23:27,Target,11.16,Miami FL,Debit Card,1044,0
T007243,C0073,2026-01-14,09:56,Best Buy,335.6,Miami FL,Credit Card,1862,0
T007244,C0081,2026-01-16,11:15,CVS,140.07,Jonesboro GA,Debit Card,1380,0
T007245,C0011,2026-02-07,08:23,CVS,22.88,Charlotte NC,Credit Card,719,0
T007246,C0015,2026-02-27,12:21,PetSmart,453.49,Jonesboro GA,Debit Card,448,0
T007247,C0026,2026-03-17,18:26,Starbucks,69.63,Savannah GA,Credit Card,919,0
T007248,C0065,2026-02-04,12:04,Best Buy,407.66,Miami FL,Debit Card,212,0
T007249,C0050,2026-03-30,18:22,Starbucks,357.63,Atlanta GA,Credit Card,1797,0
T007250,C0097,2026-01-27,18:46,Target,421.98,Jonesboro GA,Debit Card,774,0
T007251,C0088,2026-02-13,17:28,Shell,43.7,Charlotte NC,Credit Card,1044,0
T007252,C0009,2026-01-19,20:21,Walmart,499.15,Marietta GA,Credit Card,1204,0
T007253,C0054,2026-03-20,20:38,Walmart,276.26,Miami FL,Debit Card,417,0
T007254,C0043,2026-01-21,12:06,Home Depot,131.65,Jonesboro GA,Credit Card,566,0
T007255,C0073,2026-01-22,17:45,Shell,372.18,Jonesboro GA,Credit Card,1811,0
T007256,C0071,2026-01-01,22:06,Best Buy,73.78,Atlanta GA,Debit Card,1159,0
T007257,C0006,2026-02-08,09:18,Shell,161.9,Atlanta GA,Credit Card,34,0
T007258,C0046,2026-01-11,13:43,Walmart,12.06,Miami FL,Debit Card,575,0
T007259,C0062,2026-03-30,18:58,Shell,485.29,Charlotte NC,Credit Card,478,0
T007260,C0054,2026-02-22,15:28,Shell,90.02,Atlanta GA,Credit Card,307,0
T007261,C0041,2026-01-23,15:21,Shell,351.18,Charlotte NC,Credit Card,463,0
T007262,C0077,2026-01-04,23:05,Best Buy,67.61,Atlanta GA,Debit Card,958,0
T007263,C0037,2026-03-15,18:33,Shell,337.98,Marietta GA,Debit Card,1363,0
T007264,C0044,2026-01-23,06:36,Starbucks,254.04,Savannah GA,Debit Card,230,0
T007265,C0071,2026-02-19,18:07,Home Depot,80.44,Atlanta GA,Credit Card,1946,0
T007266,C0034,2026-03-04,06:10,Starbucks,304.69,Miami FL,Credit Card,46,0
T007267,C0078,2026-03-28,13:22,PetSmart,305.66,Miami FL,Credit Card,1805,0
T007268,C0013,2026-02-13,12:15,Publix,42.03,Miami FL,Credit Card,270,0
T007269,C0057,2026-01-31,21:38,Walmart,448.18,Marietta GA,Debit Card,1000,0
T007270,C0001,2026-03-24,13:29,Home Depot,157.65,Savannah GA,Credit Card,1593,0
T007271,C0062,2026-02-17,12:29,Publix,94.14,Miami FL,Debit Card,206,0
T007272,C0064,2026-01-31,13:01,Starbucks,165.05,Atlanta GA,Credit Card,45,0
T007273,C0026,2026-02-23,14:28,Starbucks,289.82,Jonesboro GA,Debit Card,1593,0
T007274,C0033,2026-01-13,17:05,Target,39.62,Marietta GA,Credit Card,1248,0
T007275,C0054,2026-03-30,15:10,Home Depot,493.53,Marietta GA,Debit Card,318,0
T007276,C0053,2026-01-28,06:37,Best Buy,187.14,Marietta GA,Credit Card,1833,0
T007277,C0079,2026-01-16,13:04,Walmart,347.25,Marietta GA,Debit Card,758,0
T007278,C0049,2026-01-12,12:25,Publix,218.89,Marietta GA,Debit Card,656,0
T007279,C0054,2026-02-08,16:10,Amazon,374.71,Jonesboro GA,Credit Card,406,0
T007280,C0066,2026-03-29,12:53,Starbucks,441.27,Marietta GA,Credit Card,662,0
T007281,C0066,2026-03-18,20:48,Publix,412.82,Charlotte NC,Credit Card,1284,0
T007282,C0073,2026-02-22,17:28,Amazon,300.06,Charlotte NC,Debit Card,964,0
T007283,C0041,2026-01-16,21:00,Home Depot,176.53,Marietta GA,Credit Card,1429,0
T007284,C0050,2026-01-19,12:59,Shell,147.77,Atlanta GA,Debit Card,1447,0
T007285,C0095,2026-02-09,14:29,Target,25.25,Jonesboro GA,Debit Card,1060,0
T007286,C0027,2026-02-21,12:09,Walmart,12.19,Savannah GA,Debit Card,1048,0
T007287,C0082,2026-02-02,09:55,Walmart,287.71,Marietta GA,Debit Card,63,0
T007288,C0087,2026-03-22,18:12,Publix,474.53,Marietta GA,Debit Card,1711,0
T007289,C0053,2026-01-10,11:58,Shell,466.62,Marietta GA,Debit Card,1819,0
T007290,C0052,2026-01-26,18:31,Shell,470.87,Charlotte NC,Debit Card,886,0
T007291,C0066,2026-02-09,18:30,PetSmart,241.99,Miami FL,Debit Card,1319,0
T007292,C0024,2026-01-01,08:44,Best Buy,356.08,Miami FL,Debit Card,506,0
T007293,C0027,2026-03-13,23:08,Amazon,309.45,Marietta GA,Debit Card,1692,0
T007294,C0013,2026-02-23,21:07,PetSmart,322.29,Atlanta GA,Credit Card,1264,0
T007295,C0073,2026-02-06,09:54,Best Buy,429.08,Atlanta GA,Debit Card,1136,0
T007296,C0046,2026-01-16,19:47,Target,180.57,Jonesboro GA,Debit Card,115,0
T007297,C0027,2026-01-20,18:01,Home Depot,487.47,Jonesboro GA,Debit Card,1707,0
T007298,C0054,2026-02-28,16:45,Home Depot,485.49,Marietta GA,Credit Card,857,0
T007299,C0010,2026-02-18,18:04,Shell,284.98,Atlanta GA,Credit Card,1407,0
T007300,C0048,2026-02-13,20:33,CVS,83.22,Marietta GA,Credit Card,1256,0
T007301,C0006,2026-01-06,19:36,Home Depot,399.44,Miami FL,Debit Card,60,0
T007302,C0025,2026-03-03,08:05,Walmart,146.37,Charlotte NC,Credit Card,406,0
T007303,C0007,2026-03-25,10:57,Starbucks,17.14,Savannah GA,Credit Card,509,0
T007304,C0068,2026-01-13,10:37,Publix,352.6,Charlotte NC,Debit Card,1312,0
T007305,C0020,2026-01-06,12:15,Walmart,77.85,Savannah GA,Credit Card,791,0
T007306,C0095,2026-03-11,17:04,Home Depot,116.03,Marietta GA,Credit Card,246,0
T007307,C0090,2026-03-02,13:34,Target,382.73,Marietta GA,Debit Card,1716,0
T007308,C0085,2026-03-01,18:28,PetSmart,222.31,Miami FL,Credit Card,1959,0
T007309,C0069,2026-03-12,15:11,Starbucks,8.81,Marietta GA,Debit Card,296,0
T007310,C0076,2026-02-02,14:50,Best Buy,56.51,Savannah GA,Debit Card,1072,0
T007311,C0049,2026-02-21,10:52,Publix,102.99,Savannah GA,Debit Card,77,0
T007312,C0049,2026-03-13,15:51,Home Depot,339.59,Atlanta GA,Debit Card,1189,0
T007313,C0079,2026-01-23,22:05,Target,74.91,Miami FL,Debit Card,158,0
T007314,C0027,2026-03-24,12:37,Walmart,122.62,Atlanta GA,Debit Card,275,0
T007315,C0038,2026-01-10,20:37,Target,378.62,Miami FL,Credit Card,870,0
T007316,C0032,2026-02-28,14:36,Amazon,497.87,Atlanta GA,Debit Card,1995,0
T007317,C0044,2026-01-22,20:06,Walmart,123.33,Jonesboro GA,Debit Card,1721,0
T007318,C0076,2026-03-08,14:41,Starbucks,75.33,Miami FL,Credit Card,570,0
T007319,C0098,2026-03-17,12:43,Target,338.72,Savannah GA,Credit Card,1999,0
T007320,C0053,2026-03-09,16:55,Starbucks,262.21,Jonesboro GA,Credit Card,264,0
T007321,C0084,2026-01-14,12:31,Best Buy,124.06,Marietta GA,Credit Card,58,0
T007322,C0095,2026-02-01,21:26,Publix,42.85,Savannah GA,Debit Card,1928,0
T007323,C0021,2026-01-16,16:08,Starbucks,302.48,Savannah GA,Debit Card,767,0
T007324,C0069,2026-02-25,13:20,Amazon,46.42,Miami FL,Debit Card,1039,0
T007325,C0067,2026-02-05,19:26,Target,145.02,Atlanta GA,Debit Card,1714,0
T007326,C0065,2026-01-22,07:50,Shell,412.43,Savannah GA,Credit Card,1876,0
T007327,C0013,2026-03-08,16:43,Walmart,470.25,Marietta GA,Credit Card,277,0
T007328,C0013,2026-01-07,09:18,Home Depot,458.27,Jonesboro GA,Credit Card,816,0
T007329,C0006,2026-02-13,18:32,Starbucks,128.74,Marietta GA,Debit Card,363,0
T007330,C0066,2026-01-07,23:07,CVS,393.37,Atlanta GA,Credit Card,1768,0
T007331,C0018,2026-01-11,18:31,Amazon,117.76,Jonesboro GA,Debit Card,1703,0
T007332,C0049,2026-02-20,23:37,Best Buy,229.23,Atlanta GA,Credit Card,398,0
T007333,C0060,2026-03-07,20:05,Home Depot,436.06,Charlotte NC,Debit Card,1146,0
T007334,C0010,2026-03-27,20:47,CVS,157.05,Marietta GA,Credit Card,123,0
T007335,C0045,2026-01-01,23:01,Target,239.79,Atlanta GA,Debit Card,408,0
T007336,C0067,2026-01-11,15:53,Starbucks,61.3,Atlanta GA,Credit Card,1076,0
T007337,C0023,2026-02-08,13:01,Shell,416.35,Charlotte NC,Credit Card,591,0
T007338,C0098,2026-03-10,15:09,Shell,285.71,Jonesboro GA,Debit Card,1661,0
T007339,C0042,2026-01-03,06:59,CVS,153.66,Savannah GA,Credit Card,217,0
T007340,C0076,2026-02-16,06:03,PetSmart,127.14,Savannah GA,Credit Card,559,0
T007341,C0014,2026-01-26,07:13,CVS,334.98,Jonesboro GA,Credit Card,83,0
T007342,C0057,2026-02-19,09:24,Best Buy,240.97,Savannah GA,Credit Card,1433,0
T007343,C0093,2026-02-09,23:43,Best Buy,428.13,Miami FL,Debit Card,1897,0
T007344,C0018,2026-02-09,22:58,Walmart,67.61,Miami FL,Debit Card,1736,0
T007345,C0010,2026-03-19,10:14,Home Depot,289.18,Atlanta GA,Debit Card,1628,0
T007346,C0036,2026-02-26,10:54,Shell,166.65,Jonesboro GA,Credit Card,1922,0
T007347,C0040,2026-01-29,19:54,PetSmart,46.06,Savannah GA,Credit Card,431,0
T007348,C0084,2026-03-16,08:26,Best Buy,355.05,Marietta GA,Credit Card,45,0
T007349,C0085,2026-03-03,11:55,Shell,476.31,Miami FL,Debit Card,426,0
T007350,C0009,2026-03-31,18:27,CVS,222.25,Atlanta GA,Credit Card,1717,0
T007351,C0068,2026-03-31,23:50,Best Buy,71.42,Marietta GA,Debit Card,773,0
T007352,C0072,2026-02-02,07:51,CVS,259.23,Marietta GA,Debit Card,1676,0
T007353,C0040,2026-01-12,11:53,PetSmart,348.45,Atlanta GA,Debit Card,883,0
T007354,C0041,2026-03-30,14:06,Best Buy,429.18,Jonesboro GA,Debit Card,1423,0
T007355,C0055,2026-01-13,16:29,Publix,212.7,Savannah GA,Debit Card,1613,0
T007356,C0015,2026-03-05,06:06,Target,24.3,Atlanta GA,Credit Card,1099,0
T007357,C0089,2026-03-14,12:48,Walmart,314.87,Charlotte NC,Debit Card,782,0
T007358,C0073,2026-02-22,11:23,Best Buy,402.98,Savannah GA,Credit Card,1507,0
T007359,C0044,2026-02-14,06:45,Starbucks,213.41,Jonesboro GA,Debit Card,1488,0
T007360,C0031,2026-03-08,19:04,Amazon,270.08,Jonesboro GA,Debit Card,1062,0
T007361,C0056,2026-02-02,12:17,Home Depot,377.16,Charlotte NC,Credit Card,1983,0
T007362,C0019,2026-01-28,10:52,Starbucks,272.39,Miami FL,Debit Card,1807,0
T007363,C0016,2026-03-16,23:36,Walmart,113.4,Atlanta GA,Credit Card,1722,0
T007364,C0028,2026-01-07,13:31,Walmart,143.88,Miami FL,Credit Card,1939,0
T007365,C0054,2026-03-26,06:06,Publix,417.68,Miami FL,Debit Card,1856,0
T007366,C0039,2026-01-01,10:53,Walmart,169.75,Jonesboro GA,Debit Card,750,0
T007367,C0058,2026-03-18,07:39,Home Depot,337.92,Savannah GA,Credit Card,695,0
T007368,C0079,2026-03-14,06:17,Walmart,369.05,Marietta GA,Debit Card,830,0
T007369,C0025,2026-03-15,09:33,Best Buy,389.98,Miami FL,Credit Card,1596,0
T007370,C0025,2026-03-11,12:24,Home Depot,267.66,Savannah GA,Debit Card,302,0
T007371,C0053,2026-01-25,18:28,CVS,209.44,Savannah GA,Credit Card,1405,0
T007372,C0061,2026-03-18,19:45,Target,162.55,Savannah GA,Debit Card,1920,0
T007373,C0088,2026-01-24,18:39,CVS,467.02,Charlotte NC,Debit Card,233,0
T007374,C0046,2026-03-11,08:42,Shell,462.94,Charlotte NC,Debit Card,1333,0
T007375,C0034,2026-01-21,20:48,Target,132.62,Charlotte NC,Credit Card,1714,0
T007376,C0061,2026-03-02,16:59,Walmart,397.33,Jonesboro GA,Credit Card,722,0
T007377,C0006,2026-03-10,08:34,Publix,136.43,Savannah GA,Credit Card,1551,0
T007378,C0096,2026-03-17,17:55,Home Depot,223.74,Miami FL,Debit Card,81,0
T007379,C0013,2026-01-26,22:29,Amazon,460.47,Miami FL,Credit Card,157,0
T007380,C0057,2026-01-22,06:06,Shell,152.91,Charlotte NC,Credit Card,523,0
T007381,C0036,2026-01-23,23:42,CVS,109.84,Charlotte NC,Debit Card,1595,0
T007382,C0010,2026-02-09,21:34,Shell,198.25,Atlanta GA,Debit Card,925,0
T007383,C0088,2026-01-24,12:26,Amazon,463.86,Jonesboro GA,Debit Card,1388,0
T007384,C0021,2026-03-26,06:15,PetSmart,28.47,Marietta GA,Credit Card,656,0
T007385,C0041,2026-02-06,13:48,Shell,329.37,Jonesboro GA,Debit Card,395,0
T007386,C0009,2026-03-18,18:35,Walmart,151.48,Miami FL,Debit Card,887,0
T007387,C0014,2026-03-02,06:36,PetSmart,33.33,Savannah GA,Credit Card,1300,0
T007388,C0010,2026-02-23,08:29,CVS,201.41,Miami FL,Debit Card,69,0
T007389,C0077,2026-01-06,12:45,CVS,50.87,Jonesboro GA,Credit Card,1750,0
T007390,C0045,2026-03-30,18:08,Best Buy,162.66,Charlotte NC,Credit Card,171,0
T007391,C0008,2026-02-14,20:48,CVS,265.7,Atlanta GA,Credit Card,1904,0
T007392,C0076,2026-01-08,14:19,Publix,16.87,Jonesboro GA,Credit Card,591,0
T007393,C0010,2026-01-06,17:46,Publix,341.56,Savannah GA,Debit Card,949,0
T007394,C0021,2026-01-24,06:10,PetSmart,81.6,Jonesboro GA,Debit Card,262,0
T007395,C0058,2026-03-13,12:36,Publix,412.08,Miami FL,Credit Card,1464,0
T007396,C0003,2026-01-30,21:45,Publix,19.47,Marietta GA,Debit Card,833,0
T007397,C0090,2026-03-27,12:09,Walmart,96.44,Charlotte NC,Debit Card,1854,0
T007398,C0094,2026-01-19,13:41,Shell,416.29,Miami FL,Credit Card,983,0
T007399,C0062,2026-02-04,18:24,Publix,240.55,Savannah GA,Debit Card,1802,0
T007400,C0070,2026-02-07,22:18,Publix,142.26,Marietta GA,Credit Card,349,0
T007401,C0054,2026-02-26,17:30,Home Depot,444.32,Miami FL,Credit Card,1808,0
T007402,C0082,2026-03-28,20:35,Shell,267.18,Savannah GA,Debit Card,791,0
T007403,C0051,2026-03-16,11:17,Shell,388.99,Jonesboro GA,Credit Card,311,0
T007404,C0058,2026-03-29,10:54,CVS,196.03,Marietta GA,Debit Card,1366,0
T007405,C0079,2026-01-19,11:42,Home Depot,202.26,Jonesboro GA,Credit Card,1097,0
T007406,C0063,2026-03-01,21:33,Amazon,47.81,Jonesboro GA,Credit Card,835,0
T007407,C0031,2026-03-13,21:42,Shell,140.5,Charlotte NC,Credit Card,1023,0
T007408,C0057,2026-03-16,20:42,Shell,389.89,Savannah GA,Debit Card,1506,0
T007409,C0010,2026-02-26,11:31,Walmart,264.32,Marietta GA,Credit Card,1026,0
T007410,C0073,2026-03-06,22:42,Best Buy,335.35,Atlanta GA,Debit Card,812,0
T007411,C0057,2026-02-12,06:42,Shell,476.06,Charlotte NC,Credit Card,1710,0
T007412,C0042,2026-01-19,08:25,PetSmart,204.7,Miami FL,Debit Card,458,0
T007413,C0034,2026-02-21,16:49,Best Buy,267.98,Jonesboro GA,Credit Card,262,0
T007414,C0045,2026-01-10,13:45,Amazon,36.52,Atlanta GA,Credit Card,1097,0
T007415,C0017,2026-03-10,19:42,CVS,313.65,Miami FL,Debit Card,1072,0
T007416,C0055,2026-02-22,07:50,Publix,221.17,Atlanta GA,Debit Card,1645,0
T007417,C0014,2026-03-20,19:29,PetSmart,285.5,Atlanta GA,Debit Card,105,0
T007418,C0014,2026-02-09,08:47,Publix,96.07,Jonesboro GA,Credit Card,303,0
T007419,C0034,2026-03-26,17:45,Best Buy,81.32,Jonesboro GA,Debit Card,1025,0
T007420,C0072,2026-03-11,13:08,PetSmart,61.8,Marietta GA,Debit Card,41,0
T007421,C0024,2026-03-25,08:32,Starbucks,45.86,Savannah GA,Credit Card,132,0
T007422,C0008,2026-01-07,07:46,Starbucks,302.38,Atlanta GA,Debit Card,1596,0
T007423,C0069,2026-02-12,17:28,Shell,408.69,Savannah GA,Debit Card,1431,0
T007424,C0063,2026-01-24,13:56,Amazon,79.09,Jonesboro GA,Credit Card,1271,0
T007425,C0009,2026-03-23,13:26,Amazon,277.15,Marietta GA,Credit Card,829,0
T007426,C0075,2026-03-07,06:33,Shell,182.37,Miami FL,Credit Card,586,0
T007427,C0050,2026-03-15,20:57,CVS,107.13,Miami FL,Debit Card,676,0
T007428,C0066,2026-01-14,12:29,Shell,75.13,Jonesboro GA,Debit Card,139,0
T007429,C0081,2026-03-20,22:17,Starbucks,199.22,Jonesboro GA,Debit Card,742,0
T007430,C0073,2026-02-18,18:59,Home Depot,302.94,Miami FL,Credit Card,1695,0
T007431,C0004,2026-01-07,19:09,CVS,264.61,Jonesboro GA,Debit Card,1918,0
T007432,C0055,2026-03-10,23:31,Shell,253.51,Savannah GA,Debit Card,393,0
T007433,C0035,2026-02-01,08:09,Shell,454.42,Jonesboro GA,Debit Card,1520,0
T007434,C0068,2026-01-23,20:19,Shell,291.71,Marietta GA,Credit Card,1229,0
T007435,C0032,2026-01-19,10:02,CVS,344.29,Atlanta GA,Credit Card,402,0
T007436,C0097,2026-03-24,22:22,Target,493.92,Jonesboro GA,Credit Card,190,0
T007437,C0027,2026-02-07,09:45,Best Buy,20.86,Miami FL,Debit Card,824,0
T007438,C0086,2026-01-01,23:55,Publix,246.83,Marietta GA,Credit Card,1885,0
T007439,C0058,2026-01-07,07:13,PetSmart,43.27,Savannah GA,Debit Card,390,0
T007440,C0021,2026-03-01,22:47,Best Buy,124.75,Atlanta GA,Debit Card,617,0
T007441,C0031,2026-03-10,15:27,Starbucks,477.79,Savannah GA,Debit Card,587,0
T007442,C0082,2026-01-27,10:13,Amazon,409.43,Atlanta GA,Credit Card,505,0
T007443,C0070,2026-02-25,21:15,Publix,226.06,Jonesboro GA,Credit Card,142,0
T007444,C0096,2026-01-10,19:56,Publix,271.34,Miami FL,Debit Card,1552,0
T007445,C0036,2026-01-18,14:13,Publix,275.04,Miami FL,Debit Card,220,0
T007446,C0018,2026-02-16,22:32,Target,476.56,Marietta GA,Debit Card,1286,0
T007447,C0067,2026-01-03,21:34,Amazon,346.21,Charlotte NC,Credit Card,274,0
T007448,C0035,2026-03-26,19:28,Target,236.35,Marietta GA,Debit Card,1879,0
T007449,C0008,2026-02-08,14:57,PetSmart,421.62,Savannah GA,Credit Card,1489,0
T007450,C0044,2026-03-19,20:04,Shell,166.31,Charlotte NC,Debit Card,241,0
T007451,C0030,2026-03-04,12:07,Target,401.21,Jonesboro GA,Debit Card,1409,0
T007452,C0006,2026-02-07,16:38,Starbucks,196.67,Jonesboro GA,Credit Card,1515,0
T007453,C0055,2026-03-09,15:23,Amazon,483.37,Miami FL,Debit Card,1081,0
T007454,C0028,2026-02-14,23:43,Target,100.23,Atlanta GA,Credit Card,736,0
T007455,C0065,2026-01-24,21:22,PetSmart,99.25,Marietta GA,Debit Card,100,0
T007456,C0024,2026-02-19,15:11,PetSmart,304.94,Charlotte NC,Credit Card,256,0
T007457,C0096,2026-02-26,11:59,Walmart,277.15,Marietta GA,Credit Card,1779,0
T007458,C0067,2026-02-23,15:36,Home Depot,128.46,Atlanta GA,Debit Card,1040,0
T007459,C0006,2026-03-21,06:46,Best Buy,291.51,Charlotte NC,Debit Card,1533,0
T007460,C0088,2026-02-04,13:47,Target,333.2,Miami FL,Debit Card,1385,0
T007461,C0092,2026-03-16,16:50,Amazon,76.06,Jonesboro GA,Debit Card,84,0
T007462,C0023,2026-03-07,21:00,Target,441.92,Atlanta GA,Credit Card,1435,0
T007463,C0006,2026-01-08,17:15,Walmart,93.5,Atlanta GA,Credit Card,298,0
T007464,C0096,2026-02-15,18:49,Starbucks,290.05,Atlanta GA,Credit Card,130,0
T007465,C0068,2026-02-19,08:54,CVS,149.28,Miami FL,Credit Card,945,0
T007466,C0015,2026-03-10,11:16,Walmart,237.73,Atlanta GA,Debit Card,1686,0
T007467,C0060,2026-03-04,12:36,Publix,385.64,Miami FL,Credit Card,120,0
T007468,C0051,2026-03-07,22:40,Best Buy,369.43,Jonesboro GA,Credit Card,1520,0
T007469,C0065,2026-01-24,20:58,Publix,390.53,Savannah GA,Debit Card,433,0
T007470,C0016,2026-02-14,07:09,Best Buy,415.43,Atlanta GA,Credit Card,1440,0
T007471,C0040,2026-01-26,10:47,Publix,412.05,Atlanta GA,Debit Card,978,0
T007472,C0008,2026-03-26,19:38,Publix,457.87,Marietta GA,Debit Card,1696,0
T007473,C0033,2026-02-23,18:29,Publix,193.89,Savannah GA,Debit Card,842,0
T007474,C0099,2026-03-06,15:00,Shell,142.64,Savannah GA,Credit Card,65,0
T007475,C0001,2026-02-26,14:12,Walmart,109.81,Charlotte NC,Credit Card,946,0
T007476,C0066,2026-03-02,13:32,Shell,13.53,Savannah GA,Credit Card,1692,0
T007477,C0023,2026-03-26,23:44,Amazon,165.93,Marietta GA,Credit Card,486,0
T007478,C0029,2026-01-19,12:46,PetSmart,322.89,Savannah GA,Credit Card,511,0
T007479,C0035,2026-01-16,21:31,Publix,174.44,Atlanta GA,Credit Card,859,0
T007480,C0048,2026-02-25,08:02,PetSmart,499.35,Miami FL,Debit Card,1460,0
T007481,C0084,2026-03-18,08:54,Walmart,444.16,Atlanta GA,Credit Card,281,0
T007482,C0068,2026-01-31,12:40,Best Buy,252.29,Marietta GA,Debit Card,1984,0
T007483,C0027,2026-01-17,18:37,Shell,146.16,Miami FL,Credit Card,1345,0
T007484,C0087,2026-03-31,17:40,Best Buy,479.76,Marietta GA,Credit Card,748,0
T007485,C0087,2026-02-17,21:49,Home Depot,254.17,Atlanta GA,Credit Card,723,0
T007486,C0059,2026-01-29,23:08,Publix,59.28,Atlanta GA,Credit Card,1950,0
T007487,C0025,2026-02-19,23:59,PetSmart,140.93,Atlanta GA,Debit Card,1337,0
T007488,C0041,2026-01-12,13:32,Walmart,317.35,Atlanta GA,Credit Card,781,0
T007489,C0092,2026-01-29,11:25,Shell,92.6,Atlanta GA,Debit Card,1545,0
T007490,C0036,2026-02-27,13:14,Publix,37.53,Savannah GA,Credit Card,1752,0
T007491,C0063,2026-01-25,18:02,Walmart,214.01,Atlanta GA,Credit Card,738,0
T007492,C0038,2026-03-15,13:05,CVS,96.0,Savannah GA,Credit Card,1314,0
T007493,C0005,2026-03-24,21:29,Home Depot,86.69,Marietta GA,Debit Card,672,0
T007494,C0054,2026-01-03,15:07,CVS,219.97,Miami FL,Credit Card,1065,0
T007495,C0056,2026-02-16,18:25,CVS,307.31,Savannah GA,Credit Card,1799,0
T007496,C0013,2026-01-17,08:45,Target,277.57,Charlotte NC,Credit Card,65,0
T007497,C0062,2026-02-16,23:51,Publix,155.59,Miami FL,Debit Card,516,0
T007498,C0003,2026-01-26,18:12,CVS,115.49,Savannah GA,Debit Card,261,0
T007499,C0034,2026-01-13,22:43,CVS,494.3,Marietta GA,Debit Card,857,0
T007500,C0016,2026-01-28,14:57,PetSmart,275.01,Jonesboro GA,Debit Card,679,0
T007501,C0085,2026-03-27,11:11,Shell,468.46,Miami FL,Debit Card,88,0
T007502,C0054,2026-02-13,22:49,CVS,172.47,Miami FL,Credit Card,522,0
T007503,C0007,2026-03-26,23:49,Walmart,269.68,Marietta GA,Debit Card,972,0
T007504,C0048,2026-02-07,09:46,Best Buy,130.71,Charlotte NC,Credit Card,1784,0
T007505,C0006,2026-02-07,23:58,Home Depot,422.19,Miami FL,Debit Card,1148,0
T007506,C0031,2026-01-21,20:54,Target,223.12,Miami FL,Credit Card,1956,0
T007507,C0057,2026-03-16,12:08,Home Depot,28.31,Marietta GA,Debit Card,1954,0
T007508,C0065,2026-03-02,08:57,Target,196.13,Miami FL,Credit Card,1035,0
T007509,C0058,2026-01-06,11:03,Target,116.82,Atlanta GA,Credit Card,1906,0
T007510,C0063,2026-02-10,20:48,Amazon,251.56,Savannah GA,Credit Card,565,0
T007511,C0014,2026-03-23,22:00,PetSmart,253.48,Charlotte NC,Credit Card,66,0
T007512,C0008,2026-01-08,11:46,Walmart,117.69,Atlanta GA,Credit Card,270,0
T007513,C0036,2026-01-02,08:05,Home Depot,131.36,Miami FL,Credit Card,1518,0
T007514,C0032,2026-03-23,23:55,CVS,180.84,Marietta GA,Credit Card,1517,0
T007515,C0010,2026-01-19,14:18,CVS,385.09,Marietta GA,Debit Card,541,0
T007516,C0083,2026-02-11,18:04,PetSmart,475.53,Charlotte NC,Debit Card,1090,0
T007517,C0094,2026-03-30,23:47,Shell,189.79,Savannah GA,Credit Card,1726,0
T007518,C0026,2026-02-26,15:31,Amazon,312.41,Savannah GA,Debit Card,1840,0
T007519,C0006,2026-03-30,09:38,CVS,260.09,Atlanta GA,Debit Card,409,0
T007520,C0090,2026-03-08,10:53,CVS,115.28,Atlanta GA,Credit Card,1557,0
T007521,C0049,2026-03-10,18:34,Publix,285.45,Savannah GA,Credit Card,1846,0
T007522,C0010,2026-03-20,09:24,Starbucks,208.66,Savannah GA,Debit Card,1524,0
T007523,C0074,2026-03-28,06:43,CVS,435.3,Marietta GA,Debit Card,1747,0
T007524,C0065,2026-02-07,23:46,Best Buy,180.77,Charlotte NC,Debit Card,898,0
T007525,C0048,2026-02-10,20:31,CVS,333.49,Savannah GA,Debit Card,918,0
T007526,C0062,2026-03-01,16:02,Amazon,24.42,Charlotte NC,Credit Card,1529,0
T007527,C0053,2026-02-01,21:15,Home Depot,329.55,Marietta GA,Credit Card,1745,0
T007528,C0029,2026-02-06,08:59,CVS,236.47,Marietta GA,Debit Card,1390,0
T007529,C0093,2026-02-21,16:28,Starbucks,283.38,Savannah GA,Debit Card,136,0
T007530,C0058,2026-02-21,06:47,Amazon,134.45,Charlotte NC,Debit Card,1552,0
T007531,C0097,2026-01-27,10:04,Publix,486.66,Marietta GA,Credit Card,539,0
T007532,C0028,2026-02-26,23:37,Walmart,259.41,Charlotte NC,Debit Card,372,0
T007533,C0081,2026-03-28,11:37,Home Depot,491.65,Miami FL,Credit Card,1374,0
T007534,C0045,2026-01-28,07:32,Publix,311.16,Savannah GA,Debit Card,1100,0
T007535,C0069,2026-03-16,08:53,Amazon,222.13,Savannah GA,Credit Card,1453,0
T007536,C0087,2026-01-25,08:22,CVS,211.63,Charlotte NC,Credit Card,1547,0
T007537,C0037,2026-03-14,21:19,Amazon,314.2,Jonesboro GA,Debit Card,1858,0
T007538,C0059,2026-02-20,21:07,Walmart,272.91,Charlotte NC,Debit Card,258,0
T007539,C0091,2026-03-22,16:53,PetSmart,306.78,Marietta GA,Debit Card,1229,0
T007540,C0049,2026-01-07,14:06,Amazon,214.13,Jonesboro GA,Credit Card,885,0
T007541,C0019,2026-03-06,18:10,Best Buy,136.67,Savannah GA,Credit Card,1176,0
T007542,C0086,2026-02-01,10:54,PetSmart,445.75,Atlanta GA,Credit Card,236,0
T007543,C0048,2026-03-28,08:32,Best Buy,35.62,Savannah GA,Debit Card,982,0
T007544,C0016,2026-02-12,11:45,PetSmart,137.54,Atlanta GA,Credit Card,1853,0
T007545,C0006,2026-01-11,13:06,PetSmart,79.18,Atlanta GA,Credit Card,1167,0
T007546,C0075,2026-02-09,18:06,Best Buy,22.3,Atlanta GA,Debit Card,1807,0
T007547,C0082,2026-03-03,14:58,Target,151.21,Savannah GA,Credit Card,210,0
T007548,C0036,2026-01-11,11:15,Best Buy,153.52,Jonesboro GA,Debit Card,1790,0
T007549,C0027,2026-02-08,08:22,Publix,210.44,Jonesboro GA,Credit Card,1373,0
T007550,C0053,2026-02-18,12:14,Best Buy,346.68,Marietta GA,Credit Card,1079,0
T007551,C0053,2026-01-07,20:59,Shell,169.72,Miami FL,Debit Card,633,0
T007552,C0034,2026-02-10,06:04,Amazon,450.16,Jonesboro GA,Credit Card,1190,0
T007553,C0012,2026-03-01,06:51,Best Buy,201.82,Jonesboro GA,Credit Card,834,0
T007554,C0084,2026-03-22,21:31,Best Buy,422.87,Miami FL,Debit Card,1068,0
T007555,C0081,2026-02-13,10:17,Target,36.93,Marietta GA,Debit Card,1971,0
T007556,C0036,2026-01-09,16:13,Home Depot,386.59,Savannah GA,Debit Card,738,0
T007557,C0004,2026-02-14,08:53,CVS,102.19,Atlanta GA,Debit Card,1096,0
T007558,C0036,2026-03-18,14:40,Walmart,301.29,Savannah GA,Credit Card,1528,0
T007559,C0052,2026-02-28,08:03,Publix,76.67,Atlanta GA,Credit Card,100,0
T007560,C0039,2026-02-24,14:48,CVS,433.48,Charlotte NC,Credit Card,512,0
T007561,C0067,2026-03-13,09:36,Shell,367.78,Savannah GA,Credit Card,1670,0
T007562,C0021,2026-01-13,18:54,Walmart,465.26,Jonesboro GA,Credit Card,462,0
T007563,C0031,2026-02-20,10:20,CVS,331.11,Charlotte NC,Credit Card,1223,0
T007564,C0029,2026-01-16,09:44,Starbucks,183.85,Miami FL,Debit Card,1797,0
T007565,C0078,2026-01-14,10:32,Starbucks,489.41,Charlotte NC,Debit Card,1605,0
T007566,C0096,2026-01-31,23:07,Amazon,216.67,Atlanta GA,Credit Card,1079,0
T007567,C0028,2026-02-23,21:36,CVS,185.21,Marietta GA,Debit Card,212,0
T007568,C0064,2026-03-15,19:00,PetSmart,342.58,Savannah GA,Credit Card,1036,0
T007569,C0080,2026-01-20,13:14,Target,74.62,Atlanta GA,Debit Card,1967,0
T007570,C0091,2026-01-27,17:13,Publix,128.21,Miami FL,Credit Card,198,0
T007571,C0048,2026-03-11,20:46,Amazon,87.95,Jonesboro GA,Debit Card,311,0
T007572,C0092,2026-03-30,06:36,Shell,386.85,Jonesboro GA,Credit Card,549,0
T007573,C0014,2026-02-24,23:10,Shell,49.58,Savannah GA,Debit Card,1119,0
T007574,C0086,2026-03-25,10:18,CVS,43.37,Miami FL,Credit Card,614,0
T007575,C0050,2026-02-18,10:38,Home Depot,203.09,Marietta GA,Credit Card,1029,0
T007576,C0001,2026-02-06,20:56,Amazon,427.37,Miami FL,Debit Card,502,0
T007577,C0019,2026-02-02,11:54,Starbucks,479.21,Marietta GA,Credit Card,916,0
T007578,C0026,2026-01-11,11:21,PetSmart,199.41,Miami FL,Credit Card,544,0
T007579,C0014,2026-03-04,23:17,Shell,467.26,Jonesboro GA,Credit Card,1006,0
T007580,C0045,2026-02-06,08:28,CVS,132.79,Atlanta GA,Debit Card,898,0
T007581,C0040,2026-02-14,20:37,Amazon,43.59,Jonesboro GA,Debit Card,643,0
T007582,C0086,2026-02-14,12:11,Walmart,95.34,Savannah GA,Debit Card,1215,0
T007583,C0032,2026-03-26,23:48,Starbucks,418.74,Jonesboro GA,Debit Card,505,0
T007584,C0036,2026-01-01,23:41,Publix,163.03,Atlanta GA,Debit Card,1458,0
T007585,C0078,2026-02-03,21:08,PetSmart,461.44,Savannah GA,Debit Card,1498,0
T007586,C0070,2026-01-04,19:27,Target,336.06,Charlotte NC,Debit Card,394,0
T007587,C0045,2026-01-24,06:19,Walmart,469.74,Atlanta GA,Debit Card,429,0
T007588,C0085,2026-02-06,23:59,PetSmart,133.23,Savannah GA,Credit Card,1004,0
T007589,C0022,2026-01-17,19:07,Shell,294.31,Miami FL,Debit Card,743,0
T007590,C0023,2026-02-24,23:08,Home Depot,7.87,Charlotte NC,Credit Card,1521,0
T007591,C0007,2026-03-02,22:54,Home Depot,15.56,Atlanta GA,Credit Card,38,0
T007592,C0077,2026-01-05,10:22,Home Depot,89.67,Miami FL,Credit Card,392,0
T007593,C0081,2026-01-26,17:43,Target,384.82,Atlanta GA,Debit Card,560,0
T007594,C0063,2026-01-21,21:55,CVS,29.57,Atlanta GA,Credit Card,1624,0
T007595,C0075,2026-01-12,06:00,Starbucks,87.93,Miami FL,Credit Card,1658,0
T007596,C0087,2026-01-18,17:53,Starbucks,300.85,Marietta GA,Debit Card,979,0
T007597,C0074,2026-03-20,14:59,CVS,169.81,Miami FL,Credit Card,463,0
T007598,C0022,2026-01-22,15:03,Best Buy,93.21,Atlanta GA,Credit Card,1158,0
T007599,C0001,2026-03-03,23:06,PetSmart,11.21,Savannah GA,Credit Card,1034,0
T007600,C0014,2026-01-19,15:24,Publix,273.34,Atlanta GA,Debit Card,57,0
T007601,C0065,2026-01-21,07:34,Home Depot,411.81,Miami FL,Debit Card,698,0
T007602,C0015,2026-03-07,19:58,Publix,74.44,Atlanta GA,Credit Card,814,0
T007603,C0006,2026-02-07,14:58,Walmart,483.52,Miami FL,Debit Card,254,0
T007604,C0014,2026-01-08,13:25,PetSmart,496.24,Atlanta GA,Debit Card,635,0
T007605,C0065,2026-02-14,06:48,PetSmart,67.29,Marietta GA,Debit Card,246,0
T007606,C0019,2026-03-08,12:17,Publix,255.54,Miami FL,Debit Card,1586,0
T007607,C0030,2026-03-26,19:40,Starbucks,272.78,Miami FL,Debit Card,1034,0
T007608,C0010,2026-03-14,16:43,Publix,405.68,Jonesboro GA,Credit Card,1301,0
T007609,C0077,2026-02-08,20:42,Publix,394.88,Savannah GA,Credit Card,1810,0
T007610,C0084,2026-01-12,08:47,PetSmart,236.53,Atlanta GA,Credit Card,1349,0
T007611,C0091,2026-02-21,13:57,Walmart,98.39,Marietta GA,Debit Card,745,0
T007612,C0080,2026-02-04,06:21,Starbucks,93.87,Atlanta GA,Debit Card,1572,0
T007613,C0081,2026-03-11,19:26,Target,268.87,Jonesboro GA,Debit Card,537,0
T007614,C0015,2026-01-08,18:07,Shell,273.28,Charlotte NC,Credit Card,161,0
T007615,C0044,2026-03-31,22:48,Shell,60.65,Marietta GA,Credit Card,1054,0
T007616,C0080,2026-01-15,10:46,Publix,300.72,Miami FL,Debit Card,1484,0
T007617,C0050,2026-01-27,13:25,Publix,63.21,Charlotte NC,Debit Card,1369,0
T007618,C0050,2026-01-12,12:50,Best Buy,142.91,Jonesboro GA,Credit Card,952,0
T007619,C0034,2026-03-14,23:03,Walmart,351.47,Charlotte NC,Credit Card,1853,0
T007620,C0015,2026-01-22,11:17,Target,127.77,Atlanta GA,Debit Card,1745,0
T007621,C0035,2026-02-03,16:05,Amazon,176.93,Marietta GA,Debit Card,1394,0
T007622,C0066,2026-03-04,22:41,CVS,322.66,Charlotte NC,Credit Card,1389,0
T007623,C0043,2026-02-14,15:55,Publix,301.07,Atlanta GA,Debit Card,518,0
T007624,C0052,2026-01-28,14:23,CVS,446.79,Miami FL,Credit Card,1263,0
T007625,C0092,2026-02-06,14:03,Shell,19.17,Miami FL,Credit Card,1104,0
T007626,C0006,2026-02-23,16:25,CVS,478.2,Atlanta GA,Credit Card,1285,0
T007627,C0070,2026-01-25,08:25,Target,98.16,Miami FL,Credit Card,993,0
T007628,C0076,2026-03-31,13:45,Starbucks,147.59,Savannah GA,Debit Card,128,0
T007629,C0058,2026-03-15,06:41,Publix,284.14,Atlanta GA,Debit Card,1968,0
T007630,C0056,2026-02-27,09:03,Shell,34.79,Atlanta GA,Credit Card,1208,0
T007631,C0014,2026-01-03,16:38,PetSmart,187.92,Miami FL,Debit Card,362,0
T007632,C0004,2026-03-05,15:37,Home Depot,111.49,Savannah GA,Debit Card,586,0
T007633,C0046,2026-01-11,22:23,Publix,299.01,Charlotte NC,Credit Card,1807,0
T007634,C0094,2026-03-14,13:16,Best Buy,131.76,Savannah GA,Debit Card,1911,0
T007635,C0060,2026-02-22,22:35,Home Depot,385.64,Atlanta GA,Credit Card,1082,0
T007636,C0094,2026-03-22,23:55,Target,315.72,Atlanta GA,Debit Card,799,0
T007637,C0091,2026-03-01,07:40,Amazon,45.06,Marietta GA,Credit Card,1700,0
T007638,C0028,2026-02-24,10:15,Walmart,234.8,Savannah GA,Credit Card,1501,0
T007639,C0023,2026-03-21,09:10,Publix,47.01,Jonesboro GA,Credit Card,1540,0
T007640,C0057,2026-01-13,23:01,PetSmart,441.93,Savannah GA,Credit Card,951,0
T007641,C0065,2026-03-01,19:50,Shell,135.31,Jonesboro GA,Credit Card,1463,0
T007642,C0003,2026-02-14,20:56,Walmart,403.22,Jonesboro GA,Credit Card,872,0
T007643,C0041,2026-02-08,17:34,PetSmart,172.61,Atlanta GA,Credit Card,647,0
T007644,C0057,2026-02-20,08:16,CVS,48.42,Charlotte NC,Debit Card,1204,0
T007645,C0079,2026-03-17,06:21,Walmart,18.89,Atlanta GA,Debit Card,651,0
T007646,C0083,2026-02-17,10:53,Shell,89.13,Jonesboro GA,Debit Card,254,0
T007647,C0054,2026-01-28,07:29,Publix,409.26,Marietta GA,Debit Card,1874,0
T007648,C0052,2026-03-31,10:54,Best Buy,245.6,Charlotte NC,Debit Card,555,0
T007649,C0083,2026-01-31,09:53,Shell,483.84,Marietta GA,Credit Card,1599,0
T007650,C0042,2026-02-14,23:04,PetSmart,9.48,Miami FL,Debit Card,239,0
T007651,C0017,2026-02-26,23:14,Shell,398.87,Jonesboro GA,Credit Card,922,0
T007652,C0029,2026-01-07,09:36,Publix,368.79,Atlanta GA,Debit Card,314,0
T007653,C0019,2026-01-27,13:22,PetSmart,210.49,Atlanta GA,Debit Card,399,0
T007654,C0054,2026-02-27,11:54,Walmart,498.71,Atlanta GA,Debit Card,883,0
T007655,C0044,2026-01-27,10:50,Publix,419.75,Miami FL,Credit Card,920,0
T007656,C0013,2026-02-27,06:05,Amazon,469.19,Jonesboro GA,Debit Card,1405,0
T007657,C0071,2026-01-17,07:03,Starbucks,324.83,Marietta GA,Credit Card,370,0
T007658,C0042,2026-02-21,21:46,Amazon,415.85,Atlanta GA,Debit Card,662,0
T007659,C0003,2026-01-15,08:21,PetSmart,113.94,Atlanta GA,Debit Card,856,0
T007660,C0038,2026-01-23,23:56,Home Depot,425.82,Marietta GA,Debit Card,973,0
T007661,C0044,2026-02-03,23:59,Amazon,389.44,Charlotte NC,Credit Card,1941,0
T007662,C0031,2026-01-15,17:09,Amazon,283.54,Savannah GA,Debit Card,1710,0
T007663,C0091,2026-03-08,20:48,CVS,185.1,Savannah GA,Debit Card,159,0
T007664,C0049,2026-01-27,10:10,Best Buy,360.74,Marietta GA,Credit Card,226,0
T007665,C0056,2026-01-13,22:09,Home Depot,235.84,Charlotte NC,Credit Card,1810,0
T007666,C0011,2026-03-28,08:57,Publix,135.11,Jonesboro GA,Debit Card,304,0
T007667,C0097,2026-03-11,12:56,Publix,56.4,Atlanta GA,Credit Card,1448,0
T007668,C0025,2026-01-10,15:17,Shell,237.24,Atlanta GA,Credit Card,1458,0
T007669,C0091,2026-02-25,18:59,Publix,441.98,Charlotte NC,Debit Card,1221,0
T007670,C0097,2026-02-27,09:06,Best Buy,104.81,Marietta GA,Debit Card,1024,0
T007671,C0016,2026-02-16,21:44,Starbucks,156.01,Atlanta GA,Credit Card,579,0
T007672,C0016,2026-03-21,11:13,PetSmart,175.53,Jonesboro GA,Debit Card,41,0
T007673,C0007,2026-01-17,13:28,Starbucks,489.13,Marietta GA,Debit Card,217,0
T007674,C0052,2026-03-26,12:47,Best Buy,494.08,Jonesboro GA,Credit Card,1667,0
T007675,C0089,2026-01-21,08:04,Publix,315.31,Atlanta GA,Debit Card,170,0
T007676,C0041,2026-01-02,12:46,Starbucks,223.76,Miami FL,Credit Card,143,0
T007677,C0054,2026-03-23,09:46,PetSmart,67.21,Savannah GA,Debit Card,1613,0
T007678,C0012,2026-01-10,07:39,PetSmart,42.2,Charlotte NC,Credit Card,1808,0
T007679,C0015,2026-01-07,16:11,Walmart,199.22,Charlotte NC,Debit Card,1357,0
T007680,C0006,2026-02-23,23:51,Shell,414.89,Miami FL,Debit Card,850,0
T007681,C0091,2026-03-18,17:13,Publix,104.12,Atlanta GA,Credit Card,997,0
T007682,C0088,2026-03-09,13:52,Starbucks,387.4,Marietta GA,Debit Card,1204,0
T007683,C0024,2026-01-28,11:19,CVS,173.56,Atlanta GA,Credit Card,578,0
T007684,C0068,2026-02-22,19:22,Home Depot,248.4,Miami FL,Credit Card,977,0
T007685,C0061,2026-02-15,11:35,Best Buy,110.6,Jonesboro GA,Debit Card,1190,0
T007686,C0013,2026-01-22,15:21,Shell,382.47,Savannah GA,Credit Card,1430,0
T007687,C0031,2026-03-29,08:04,Shell,293.07,Savannah GA,Debit Card,861,0
T007688,C0005,2026-01-16,23:10,Home Depot,274.35,Jonesboro GA,Debit Card,326,0
T007689,C0021,2026-03-23,15:17,Amazon,341.12,Charlotte NC,Debit Card,959,0
T007690,C0086,2026-03-27,18:49,Shell,265.0,Miami FL,Debit Card,1298,0
T007691,C0095,2026-02-03,11:07,Shell,44.79,Jonesboro GA,Debit Card,1318,0
T007692,C0048,2026-02-18,07:30,PetSmart,132.08,Marietta GA,Credit Card,161,0
T007693,C0029,2026-03-10,10:28,Amazon,138.56,Miami FL,Credit Card,855,0
T007694,C0037,2026-03-18,17:20,Best Buy,109.72,Atlanta GA,Credit Card,570,0
T007695,C0047,2026-02-26,11:53,Starbucks,418.8,Jonesboro GA,Credit Card,51,0
T007696,C0053,2026-03-21,20:35,PetSmart,34.84,Savannah GA,Credit Card,84,0
T007697,C0031,2026-03-13,18:10,CVS,131.39,Miami FL,Credit Card,134,0
T007698,C0092,2026-03-18,08:48,PetSmart,283.77,Jonesboro GA,Credit Card,1380,0
T007699,C0082,2026-03-29,08:32,CVS,260.91,Marietta GA,Credit Card,1751,0
T007700,C0093,2026-01-31,22:19,Amazon,11.51,Charlotte NC,Debit Card,1119,0
T007701,C0082,2026-02-20,22:07,Publix,184.81,Jonesboro GA,Credit Card,738,0
T007702,C0013,2026-03-06,16:25,Target,70.89,Jonesboro GA,Debit Card,1606,0
T007703,C0082,2026-02-20,11:43,Best Buy,237.39,Marietta GA,Credit Card,976,0
T007704,C0092,2026-01-16,15:17,Starbucks,409.92,Jonesboro GA,Credit Card,1815,0
T007705,C0047,2026-02-04,20:21,Best Buy,356.18,Jonesboro GA,Credit Card,446,0
T007706,C0084,2026-01-28,13:34,Walmart,133.5,Atlanta GA,Debit Card,565,0
T007707,C0042,2026-01-12,10:41,Publix,400.86,Jonesboro GA,Debit Card,321,0
T007708,C0018,2026-01-27,08:08,Target,282.12,Miami FL,Debit Card,139,0
T007709,C0046,2026-03-08,13:01,CVS,279.07,Marietta GA,Credit Card,1188,0
T007710,C0090,2026-01-06,11:45,Starbucks,80.01,Charlotte NC,Credit Card,1984,0
T007711,C0040,2026-03-17,20:02,Target,206.73,Savannah GA,Debit Card,1709,0
T007712,C0088,2026-01-21,23:10,Best Buy,349.89,Miami FL,Credit Card,804,0
T007713,C0091,2026-01-03,06:38,Best Buy,34.88,Savannah GA,Debit Card,1965,0
T007714,C0085,2026-02-07,19:11,PetSmart,167.23,Savannah GA,Credit Card,778,0
T007715,C0086,2026-01-19,08:13,CVS,366.71,Jonesboro GA,Credit Card,775,0
T007716,C0043,2026-01-29,14:43,Amazon,85.09,Atlanta GA,Credit Card,436,0
T007717,C0056,2026-03-01,07:27,Shell,292.84,Savannah GA,Debit Card,1003,0
T007718,C0082,2026-01-27,08:17,Publix,148.78,Savannah GA,Debit Card,1084,0
T007719,C0023,2026-02-03,16:48,Starbucks,311.68,Atlanta GA,Credit Card,1459,0
T007720,C0064,2026-01-30,11:06,Starbucks,190.61,Atlanta GA,Debit Card,842,0
T007721,C0095,2026-01-20,18:52,Home Depot,162.02,Jonesboro GA,Debit Card,1923,0
T007722,C0077,2026-03-08,12:46,Shell,179.56,Jonesboro GA,Credit Card,832,0
T007723,C0007,2026-03-06,15:50,PetSmart,492.72,Marietta GA,Credit Card,1214,0
T007724,C0074,2026-03-10,23:46,Amazon,397.69,Miami FL,Credit Card,1486,0
T007725,C0092,2026-02-21,16:49,Best Buy,53.49,Savannah GA,Credit Card,1851,0
T007726,C0093,2026-02-09,12:02,Starbucks,146.12,Miami FL,Debit Card,673,0
T007727,C0023,2026-02-02,09:27,Amazon,56.09,Charlotte NC,Debit Card,1727,0
T007728,C0030,2026-03-05,14:45,PetSmart,320.8,Atlanta GA,Debit Card,315,0
T007729,C0004,2026-03-25,15:51,Walmart,31.21,Charlotte NC,Debit Card,1640,0
T007730,C0001,2026-02-26,21:46,PetSmart,303.04,Miami FL,Credit Card,1178,0
T007731,C0066,2026-03-16,09:22,Target,256.37,Atlanta GA,Debit Card,1611,0
T007732,C0077,2026-01-22,15:35,Walmart,432.82,Charlotte NC,Debit Card,1580,0
T007733,C0058,2026-02-09,21:06,Home Depot,157.62,Jonesboro GA,Credit Card,563,0
T007734,C0001,2026-03-15,17:54,Home Depot,246.54,Miami FL,Debit Card,1639,0
T007735,C0010,2026-01-21,10:37,Publix,306.89,Charlotte NC,Debit Card,264,0
T007736,C0083,2026-02-20,23:33,Amazon,316.13,Savannah GA,Credit Card,607,0
T007737,C0087,2026-03-30,13:14,Walmart,424.16,Jonesboro GA,Debit Card,53,0
T007738,C0100,2026-03-24,09:19,CVS,238.12,Charlotte NC,Debit Card,239,0
T007739,C0041,2026-02-18,21:52,CVS,73.6,Marietta GA,Debit Card,1753,0
T007740,C0059,2026-02-26,14:58,Shell,171.38,Atlanta GA,Debit Card,865,0
T007741,C0095,2026-01-27,20:06,Best Buy,414.52,Savannah GA,Debit Card,803,0
T007742,C0038,2026-01-15,09:25,Amazon,328.26,Savannah GA,Credit Card,1678,0
T007743,C0067,2026-01-18,15:04,Publix,495.33,Miami FL,Debit Card,1884,0
T007744,C0064,2026-03-12,11:20,Target,153.9,Savannah GA,Debit Card,863,0
T007745,C0082,2026-01-12,06:07,Amazon,90.78,Jonesboro GA,Credit Card,1774,0
T007746,C0011,2026-02-04,08:17,Walmart,348.35,Marietta GA,Credit Card,186,0
T007747,C0007,2026-01-11,20:51,Target,27.5,Atlanta GA,Credit Card,655,0
T007748,C0060,2026-03-29,21:36,Shell,497.65,Charlotte NC,Credit Card,923,0
T007749,C0013,2026-03-06,07:11,CVS,98.47,Jonesboro GA,Credit Card,1543,0
T007750,C0009,2026-03-10,10:16,Starbucks,402.81,Jonesboro GA,Debit Card,1782,0
T007751,C0100,2026-01-04,21:02,PetSmart,256.92,Charlotte NC,Credit Card,1227,0
T007752,C0024,2026-01-25,19:44,PetSmart,227.06,Miami FL,Debit Card,620,0
T007753,C0021,2026-03-28,20:03,Publix,340.04,Jonesboro GA,Credit Card,1970,0
T007754,C0023,2026-03-26,15:25,Best Buy,316.5,Miami FL,Credit Card,860,0
T007755,C0056,2026-01-01,21:49,CVS,461.31,Charlotte NC,Credit Card,1461,0
T007756,C0023,2026-01-31,09:46,CVS,70.11,Savannah GA,Credit Card,1938,0
T007757,C0067,2026-01-31,12:52,PetSmart,471.29,Atlanta GA,Debit Card,649,0
T007758,C0097,2026-02-16,07:35,Shell,293.17,Jonesboro GA,Credit Card,383,0
T007759,C0073,2026-02-11,18:44,Walmart,477.43,Charlotte NC,Credit Card,1785,0
T007760,C0077,2026-02-05,06:59,Home Depot,280.78,Atlanta GA,Credit Card,1920,0
T007761,C0020,2026-01-17,18:35,PetSmart,212.85,Miami FL,Credit Card,1888,0
T007762,C0092,2026-03-28,15:51,Shell,58.85,Miami FL,Debit Card,967,0
T007763,C0077,2026-01-11,17:15,Walmart,230.57,Jonesboro GA,Debit Card,1864,0
T007764,C0063,2026-01-03,19:01,CVS,447.51,Marietta GA,Debit Card,1864,0
T007765,C0070,2026-03-29,06:00,Starbucks,10.63,Marietta GA,Credit Card,1426,0
T007766,C0082,2026-02-23,21:46,Starbucks,270.49,Miami FL,Debit Card,1652,0
T007767,C0071,2026-03-22,16:12,Starbucks,213.86,Charlotte NC,Debit Card,39,0
T007768,C0079,2026-01-16,10:32,Starbucks,476.53,Marietta GA,Credit Card,1151,0
T007769,C0014,2026-02-10,23:52,Best Buy,106.38,Miami FL,Credit Card,474,0
T007770,C0100,2026-03-05,10:14,Starbucks,117.68,Charlotte NC,Credit Card,654,0
T007771,C0034,2026-02-20,07:33,Starbucks,449.81,Jonesboro GA,Credit Card,468,0
T007772,C0072,2026-03-11,14:34,Home Depot,130.87,Charlotte NC,Credit Card,1950,0
T007773,C0086,2026-01-25,10:11,Starbucks,111.23,Charlotte NC,Credit Card,1058,0
T007774,C0094,2026-03-16,20:05,Shell,64.13,Savannah GA,Debit Card,122,0
T007775,C0066,2026-01-15,13:41,Target,102.42,Miami FL,Debit Card,494,0
T007776,C0058,2026-02-03,17:42,Publix,44.94,Charlotte NC,Credit Card,761,0
T007777,C0039,2026-01-04,07:55,Shell,81.39,Savannah GA,Credit Card,570,0
T007778,C0067,2026-02-02,11:58,CVS,402.06,Charlotte NC,Debit Card,388,0
T007779,C0085,2026-01-28,21:16,Publix,104.32,Miami FL,Debit Card,1084,0
T007780,C0047,2026-02-26,14:54,Walmart,392.73,Miami FL,Credit Card,485,0
T007781,C0019,2026-03-24,23:15,Walmart,331.08,Atlanta GA,Debit Card,34,0
T007782,C0082,2026-03-27,18:30,PetSmart,477.69,Savannah GA,Credit Card,1587,0
T007783,C0047,2026-01-12,16:29,Home Depot,452.88,Jonesboro GA,Debit Card,1751,0
T007784,C0030,2026-03-06,12:31,Amazon,497.93,Marietta GA,Debit Card,1598,0
T007785,C0076,2026-03-17,15:50,Walmart,269.41,Marietta GA,Credit Card,1412,0
T007786,C0008,2026-02-28,18:48,Publix,341.13,Savannah GA,Debit Card,244,0
T007787,C0079,2026-03-28,07:29,Starbucks,80.93,Savannah GA,Credit Card,1270,0
T007788,C0081,2026-03-15,17:10,Best Buy,272.78,Marietta GA,Debit Card,357,0
T007789,C0034,2026-02-27,13:57,Starbucks,216.21,Savannah GA,Debit Card,944,0
T007790,C0020,2026-03-30,06:04,Walmart,426.29,Atlanta GA,Debit Card,260,0
T007791,C0058,2026-02-20,20:29,Publix,169.81,Charlotte NC,Debit Card,1816,0
T007792,C0038,2026-02-23,20:45,PetSmart,60.38,Marietta GA,Debit Card,651,0
T007793,C0039,2026-03-04,09:44,Shell,393.82,Charlotte NC,Credit Card,846,0
T007794,C0063,2026-01-22,15:48,PetSmart,121.35,Miami FL,Credit Card,1208,0
T007795,C0018,2026-01-02,23:13,Amazon,489.25,Charlotte NC,Credit Card,489,0
T007796,C0039,2026-01-16,16:45,Target,403.66,Miami FL,Debit Card,670,0
T007797,C0088,2026-01-30,22:54,Walmart,32.11,Marietta GA,Credit Card,1946,0
T007798,C0002,2026-02-01,20:47,Amazon,106.87,Jonesboro GA,Debit Card,480,0
T007799,C0014,2026-01-04,14:35,Starbucks,399.02,Charlotte NC,Debit Card,1871,0
T007800,C0066,2026-03-14,20:14,Home Depot,352.38,Atlanta GA,Debit Card,312,0
T007801,C0089,2026-03-03,22:02,Starbucks,438.01,Charlotte NC,Credit Card,1303,0
T007802,C0076,2026-03-31,23:25,Starbucks,441.86,Miami FL,Credit Card,461,0
T007803,C0074,2026-01-04,14:27,Target,212.68,Charlotte NC,Credit Card,1730,0
T007804,C0059,2026-01-29,23:04,Home Depot,454.36,Savannah GA,Credit Card,1774,0
T007805,C0050,2026-03-03,07:29,CVS,274.94,Atlanta GA,Debit Card,1359,0
T007806,C0049,2026-02-02,14:52,CVS,424.13,Miami FL,Debit Card,591,0
T007807,C0076,2026-01-14,16:16,Target,45.52,Atlanta GA,Debit Card,1399,0
T007808,C0022,2026-02-28,13:00,PetSmart,170.45,Marietta GA,Debit Card,1538,0
T007809,C0014,2026-01-18,16:32,Home Depot,265.09,Charlotte NC,Credit Card,647,0
T007810,C0023,2026-03-02,11:31,Amazon,84.87,Atlanta GA,Credit Card,1445,0
T007811,C0048,2026-01-22,21:49,Starbucks,422.08,Atlanta GA,Debit Card,1995,0
T007812,C0094,2026-03-31,14:14,Starbucks,433.31,Marietta GA,Credit Card,618,0
T007813,C0009,2026-02-23,20:28,Best Buy,273.36,Savannah GA,Credit Card,1580,0
T007814,C0047,2026-03-01,09:41,CVS,235.24,Savannah GA,Credit Card,1201,0
T007815,C0066,2026-03-31,15:25,Shell,179.51,Savannah GA,Credit Card,1911,0
T007816,C0094,2026-01-08,18:50,Publix,146.79,Charlotte NC,Debit Card,1132,0
T007817,C0030,2026-03-18,22:31,Shell,391.74,Charlotte NC,Debit Card,222,0
T007818,C0055,2026-03-14,08:48,Shell,309.05,Savannah GA,Credit Card,1048,0
T007819,C0062,2026-03-18,06:58,Amazon,166.19,Savannah GA,Credit Card,1913,0
T007820,C0070,2026-03-03,21:34,Target,16.55,Atlanta GA,Credit Card,514,0
T007821,C0015,2026-03-23,14:04,Home Depot,105.66,Marietta GA,Debit Card,1231,0
T007822,C0070,2026-01-24,11:20,PetSmart,107.85,Charlotte NC,Credit Card,145,0
T007823,C0094,2026-03-28,10:10,Home Depot,119.29,Atlanta GA,Credit Card,1002,0
T007824,C0034,2026-02-14,15:49,Shell,331.61,Jonesboro GA,Debit Card,609,0
T007825,C0062,2026-01-23,15:18,Starbucks,355.96,Savannah GA,Debit Card,1662,0
T007826,C0057,2026-02-22,18:35,PetSmart,159.35,Atlanta GA,Debit Card,823,0
T007827,C0058,2026-01-01,18:07,CVS,67.21,Miami FL,Debit Card,477,0
T007828,C0061,2026-02-18,08:52,Best Buy,99.58,Miami FL,Credit Card,1178,0
T007829,C0017,2026-03-11,21:33,Publix,456.43,Charlotte NC,Credit Card,1790,0
T007830,C0099,2026-01-23,22:04,PetSmart,302.05,Miami FL,Credit Card,390,0
T007831,C0011,2026-03-13,09:23,Starbucks,161.45,Savannah GA,Credit Card,919,0
T007832,C0062,2026-02-19,11:10,Target,480.23,Atlanta GA,Credit Card,1482,0
T007833,C0042,2026-02-23,10:51,Target,100.04,Miami FL,Credit Card,1612,0
T007834,C0065,2026-01-24,23:11,Shell,246.2,Jonesboro GA,Credit Card,1839,0
T007835,C0065,2026-02-15,10:03,Shell,434.15,Atlanta GA,Credit Card,118,0
T007836,C0034,2026-01-09,23:10,Amazon,283.44,Marietta GA,Credit Card,1054,0
T007837,C0098,2026-03-21,18:42,Target,243.33,Marietta GA,Debit Card,887,0
T007838,C0056,2026-01-13,21:10,PetSmart,17.87,Miami FL,Credit Card,1252,0
T007839,C0096,2026-03-02,17:05,Shell,438.4,Atlanta GA,Credit Card,466,0
T007840,C0063,2026-02-08,09:45,Best Buy,267.57,Charlotte NC,Debit Card,1249,0
T007841,C0095,2026-02-11,08:39,Best Buy,280.52,Savannah GA,Credit Card,344,0
T007842,C0001,2026-02-24,17:15,Home Depot,495.99,Charlotte NC,Debit Card,1646,0
T007843,C0066,2026-02-21,23:18,Publix,24.41,Atlanta GA,Debit Card,1573,0
T007844,C0088,2026-01-07,09:03,Publix,348.53,Charlotte NC,Credit Card,1741,0
T007845,C0060,2026-03-19,21:10,Publix,355.38,Marietta GA,Debit Card,315,0
T007846,C0044,2026-01-23,16:39,PetSmart,28.42,Charlotte NC,Debit Card,538,0
T007847,C0092,2026-01-24,21:10,Target,443.64,Charlotte NC,Credit Card,793,0
T007848,C0035,2026-03-22,06:15,Shell,464.99,Charlotte NC,Debit Card,1424,0
T007849,C0002,2026-02-12,14:50,PetSmart,275.2,Miami FL,Debit Card,906,0
T007850,C0061,2026-02-26,21:33,PetSmart,311.27,Marietta GA,Credit Card,421,0
T007851,C0073,2026-02-22,12:34,Walmart,447.5,Savannah GA,Debit Card,39,0
T007852,C0052,2026-03-21,15:00,Best Buy,378.61,Marietta GA,Debit Card,1276,0
T007853,C0089,2026-01-18,11:39,CVS,108.27,Atlanta GA,Debit Card,1512,0
T007854,C0015,2026-01-28,18:04,PetSmart,268.74,Savannah GA,Debit Card,615,0
T007855,C0082,2026-01-24,08:58,Publix,17.56,Jonesboro GA,Debit Card,1963,0
T007856,C0079,2026-02-11,22:17,Publix,14.57,Savannah GA,Debit Card,1177,0
T007857,C0039,2026-01-17,23:14,Target,287.46,Charlotte NC,Debit Card,1744,0
T007858,C0042,2026-03-17,13:22,Best Buy,71.74,Atlanta GA,Credit Card,1878,0
T007859,C0009,2026-03-07,18:12,Target,387.77,Charlotte NC,Debit Card,880,0
T007860,C0080,2026-02-02,18:02,Amazon,178.31,Miami FL,Credit Card,1001,0
T007861,C0001,2026-01-14,21:23,Shell,336.93,Marietta GA,Debit Card,1271,0
T007862,C0025,2026-01-09,07:34,Target,213.93,Savannah GA,Credit Card,1409,0
T007863,C0034,2026-01-10,14:28,Publix,462.52,Savannah GA,Credit Card,1427,0
T007864,C0076,2026-01-07,22:34,Best Buy,213.81,Atlanta GA,Credit Card,1487,0
T007865,C0078,2026-03-06,16:12,CVS,498.51,Savannah GA,Debit Card,1848,0
T007866,C0061,2026-03-07,08:27,CVS,497.17,Miami FL,Debit Card,1486,0
T007867,C0054,2026-02-12,08:06,Home Depot,313.83,Charlotte NC,Credit Card,1206,0
T007868,C0071,2026-02-08,21:12,Home Depot,146.49,Miami FL,Debit Card,1650,0
T007869,C0024,2026-02-11,15:20,Target,497.09,Savannah GA,Debit Card,974,0
T007870,C0037,2026-01-06,22:49,PetSmart,16.56,Charlotte NC,Debit Card,1336,0
T007871,C0044,2026-02-17,19:18,Publix,159.47,Miami FL,Credit Card,1571,0
T007872,C0093,2026-02-09,08:04,Amazon,354.48,Marietta GA,Debit Card,1516,0
T007873,C0042,2026-01-07,08:59,Best Buy,239.03,Jonesboro GA,Credit Card,1345,0
T007874,C0045,2026-03-21,23:05,Best Buy,203.47,Marietta GA,Debit Card,1135,0
T007875,C0008,2026-03-17,10:01,Publix,493.61,Marietta GA,Debit Card,122,0
T007876,C0072,2026-01-14,19:46,Publix,122.89,Jonesboro GA,Debit Card,1589,0
T007877,C0099,2026-03-29,18:40,Shell,24.34,Charlotte NC,Debit Card,662,0
T007878,C0073,2026-02-12,23:13,Amazon,245.0,Marietta GA,Credit Card,1085,0
T007879,C0067,2026-01-12,14:37,Amazon,117.23,Charlotte NC,Credit Card,539,0
T007880,C0084,2026-03-15,11:32,Starbucks,258.05,Jonesboro GA,Debit Card,1670,0
T007881,C0081,2026-02-20,19:27,Starbucks,470.71,Charlotte NC,Credit Card,689,0
T007882,C0027,2026-01-12,07:36,Shell,458.48,Savannah GA,Debit Card,73,0
T007883,C0003,2026-01-03,12:57,Starbucks,5.06,Miami FL,Credit Card,373,0
T007884,C0096,2026-03-01,23:00,Best Buy,425.29,Savannah GA,Debit Card,1070,0
T007885,C0092,2026-03-21,08:25,Home Depot,157.68,Savannah GA,Debit Card,324,0
T007886,C0064,2026-03-19,15:59,PetSmart,6.74,Savannah GA,Debit Card,1595,0
T007887,C0021,2026-03-15,09:23,Publix,81.29,Atlanta GA,Credit Card,1989,0
T007888,C0026,2026-03-16,11:30,Publix,167.21,Marietta GA,Debit Card,179,0
T007889,C0076,2026-02-18,11:18,PetSmart,454.48,Savannah GA,Debit Card,309,0
T007890,C0078,2026-03-27,07:48,Amazon,59.15,Marietta GA,Credit Card,1568,0
T007891,C0061,2026-02-07,15:25,Walmart,233.18,Atlanta GA,Debit Card,70,0
T007892,C0070,2026-01-15,21:47,Amazon,136.34,Jonesboro GA,Debit Card,692,0
T007893,C0002,2026-01-17,12:14,PetSmart,52.11,Miami FL,Credit Card,266,0
T007894,C0041,2026-01-14,21:18,Amazon,191.77,Jonesboro GA,Debit Card,176,0
T007895,C0082,2026-01-14,15:06,Walmart,229.0,Charlotte NC,Credit Card,807,0
T007896,C0036,2026-03-09,23:11,Home Depot,348.89,Charlotte NC,Debit Card,1911,0
T007897,C0025,2026-01-25,10:28,CVS,338.61,Charlotte NC,Debit Card,1113,0
T007898,C0051,2026-02-22,12:56,Walmart,349.41,Marietta GA,Debit Card,766,0
T007899,C0047,2026-01-09,08:16,Publix,38.67,Charlotte NC,Credit Card,1923,0
T007900,C0087,2026-01-25,16:36,CVS,68.95,Charlotte NC,Debit Card,778,0
T007901,C0031,2026-03-14,21:03,Walmart,185.57,Atlanta GA,Debit Card,719,0
T007902,C0080,2026-03-17,09:16,Shell,340.6,Jonesboro GA,Debit Card,671,0
T007903,C0019,2026-01-27,22:34,Target,23.6,Atlanta GA,Credit Card,1394,0
T007904,C0061,2026-03-23,19:01,Walmart,41.05,Charlotte NC,Debit Card,1766,0
T007905,C0037,2026-01-13,06:02,Starbucks,478.32,Atlanta GA,Credit Card,616,0
T007906,C0053,2026-01-11,07:57,Home Depot,180.07,Savannah GA,Debit Card,153,0
T007907,C0068,2026-01-23,17:43,Shell,160.29,Miami FL,Debit Card,1958,0
T007908,C0043,2026-01-24,11:39,Best Buy,407.31,Charlotte NC,Debit Card,142,0
T007909,C0096,2026-02-28,08:01,Publix,404.17,Jonesboro GA,Debit Card,741,0
T007910,C0049,2026-03-31,19:48,PetSmart,311.93,Marietta GA,Credit Card,1204,0
T007911,C0005,2026-03-08,21:09,PetSmart,129.34,Atlanta GA,Debit Card,1494,0
T007912,C0031,2026-03-22,16:05,Publix,473.76,Miami FL,Credit Card,976,0
T007913,C0047,2026-01-03,07:19,Starbucks,235.0,Atlanta GA,Debit Card,1097,0
T007914,C0026,2026-03-01,13:56,Walmart,198.41,Charlotte NC,Debit Card,378,0
T007915,C0047,2026-02-09,12:35,Publix,232.72,Marietta GA,Credit Card,509,0
T007916,C0020,2026-02-24,12:19,Best Buy,171.96,Marietta GA,Credit Card,1114,0
T007917,C0027,2026-01-30,06:04,PetSmart,448.21,Marietta GA,Credit Card,562,0
T007918,C0053,2026-01-04,13:33,Shell,184.92,Savannah GA,Debit Card,145,0
T007919,C0078,2026-01-11,23:20,Publix,450.09,Charlotte NC,Debit Card,1453,0
T007920,C0022,2026-01-06,09:44,Walmart,57.04,Marietta GA,Debit Card,1937,0
T007921,C0003,2026-02-16,07:37,Shell,112.82,Jonesboro GA,Credit Card,1134,0
T007922,C0007,2026-01-06,19:44,CVS,410.87,Miami FL,Credit Card,70,0
T007923,C0008,2026-03-27,22:25,Home Depot,254.39,Savannah GA,Debit Card,795,0
T007924,C0042,2026-02-14,11:54,Home Depot,81.97,Charlotte NC,Debit Card,981,0
T007925,C0057,2026-02-16,19:53,Best Buy,236.44,Miami FL,Debit Card,1603,0
T007926,C0038,2026-02-13,06:05,Shell,249.66,Marietta GA,Credit Card,1264,0
T007927,C0027,2026-02-26,15:39,Starbucks,355.45,Jonesboro GA,Credit Card,602,0
T007928,C0018,2026-01-08,17:11,Starbucks,215.06,Marietta GA,Credit Card,420,0
T007929,C0066,2026-02-06,11:47,Target,42.48,Jonesboro GA,Debit Card,74,0
T007930,C0094,2026-03-05,20:39,Amazon,230.99,Charlotte NC,Debit Card,481,0
T007931,C0016,2026-02-01,22:24,Starbucks,148.5,Jonesboro GA,Credit Card,1486,0
T007932,C0028,2026-03-04,16:40,Best Buy,497.36,Marietta GA,Credit Card,749,0
T007933,C0027,2026-02-08,21:29,Amazon,104.05,Charlotte NC,Debit Card,1361,0
T007934,C0056,2026-03-10,17:32,Amazon,163.54,Atlanta GA,Debit Card,322,0
T007935,C0059,2026-03-22,18:54,Best Buy,462.27,Jonesboro GA,Debit Card,1890,0
T007936,C0080,2026-03-12,21:14,CVS,339.55,Atlanta GA,Debit Card,1331,0
T007937,C0004,2026-02-11,22:59,Amazon,377.83,Charlotte NC,Debit Card,240,0
T007938,C0035,2026-03-09,12:26,Shell,472.49,Charlotte NC,Credit Card,1119,0
T007939,C0060,2026-01-04,16:25,Best Buy,232.69,Atlanta GA,Credit Card,190,0
T007940,C0013,2026-01-06,21:59,Publix,402.6,Jonesboro GA,Debit Card,642,0
T007941,C0077,2026-03-19,18:56,Home Depot,398.64,Atlanta GA,Debit Card,243,0
T007942,C0012,2026-01-10,22:28,Publix,36.75,Miami FL,Credit Card,1737,0
T007943,C0017,2026-01-24,19:32,CVS,412.71,Savannah GA,Credit Card,467,0
T007944,C0083,2026-02-03,11:03,Target,88.5,Jonesboro GA,Debit Card,829,0
T007945,C0007,2026-02-21,21:26,Publix,390.13,Charlotte NC,Credit Card,1279,0
T007946,C0002,2026-01-20,18:56,Publix,170.18,Jonesboro GA,Credit Card,1159,0
T007947,C0017,2026-01-11,06:44,Target,356.61,Miami FL,Debit Card,298,0
T007948,C0086,2026-01-05,21:50,Amazon,354.61,Marietta GA,Debit Card,534,0
T007949,C0017,2026-01-18,09:11,Publix,313.61,Savannah GA,Debit Card,521,0
T007950,C0005,2026-02-02,12:56,Amazon,165.69,Jonesboro GA,Credit Card,197,0
T007951,C0057,2026-02-05,18:13,Starbucks,324.79,Atlanta GA,Credit Card,1608,0
T007952,C0009,2026-02-28,06:41,Target,382.15,Miami FL,Debit Card,166,0
T007953,C0073,2026-03-29,16:19,Home Depot,178.16,Savannah GA,Credit Card,1918,0
T007954,C0038,2026-01-14,13:06,Publix,59.08,Miami FL,Credit Card,334,0
T007955,C0046,2026-03-15,21:12,Shell,479.69,Savannah GA,Credit Card,554,0
T007956,C0014,2026-02-05,06:28,Amazon,466.54,Jonesboro GA,Credit Card,1869,0
T007957,C0053,2026-03-29,18:44,Shell,326.63,Savannah GA,Credit Card,296,0
T007958,C0081,2026-03-30,09:12,CVS,207.47,Jonesboro GA,Credit Card,210,0
T007959,C0038,2026-01-02,20:53,Publix,278.64,Marietta GA,Debit Card,303,0
T007960,C0100,2026-02-14,22:17,Walmart,366.06,Savannah GA,Debit Card,704,0
T007961,C0069,2026-02-26,21:24,Shell,70.42,Atlanta GA,Credit Card,1434,0
T007962,C0001,2026-02-25,21:08,Starbucks,214.66,Atlanta GA,Credit Card,717,0
T007963,C0023,2026-02-06,14:57,PetSmart,376.82,Miami FL,Credit Card,585,0
T007964,C0045,2026-03-04,15:41,Target,205.76,Charlotte NC,Credit Card,324,0
T007965,C0009,2026-01-27,14:18,Walmart,12.36,Miami FL,Credit Card,439,0
T007966,C0093,2026-03-08,14:10,PetSmart,343.03,Atlanta GA,Credit Card,709,0
T007967,C0057,2026-02-28,13:21,Publix,406.57,Jonesboro GA,Credit Card,461,0
T007968,C0089,2026-02-09,22:26,Shell,67.15,Miami FL,Debit Card,1095,0
T007969,C0080,2026-02-12,13:21,Home Depot,87.1,Charlotte NC,Credit Card,83,0
T007970,C0024,2026-02-20,06:12,Starbucks,134.47,Savannah GA,Debit Card,501,0
T007971,C0067,2026-03-03,06:21,Shell,113.76,Savannah GA,Credit Card,1111,0
T007972,C0064,2026-01-24,08:54,PetSmart,74.49,Charlotte NC,Debit Card,1428,0
T007973,C0081,2026-02-09,06:40,Starbucks,21.61,Charlotte NC,Credit Card,337,0
T007974,C0028,2026-03-28,23:30,Shell,97.93,Marietta GA,Credit Card,1341,0
T007975,C0027,2026-01-27,17:53,Home Depot,460.07,Jonesboro GA,Debit Card,97,0
T007976,C0007,2026-02-22,13:34,Starbucks,333.34,Atlanta GA,Debit Card,436,0
T007977,C0052,2026-01-25,19:55,Best Buy,321.76,Savannah GA,Debit Card,723,0
T007978,C0065,2026-03-19,21:34,Best Buy,310.08,Charlotte NC,Debit Card,1452,0
T007979,C0042,2026-02-10,16:15,Target,150.41,Marietta GA,Debit Card,1455,0
T007980,C0021,2026-03-04,16:37,CVS,251.18,Savannah GA,Debit Card,668,0
T007981,C0020,2026-03-11,22:42,Home Depot,254.22,Marietta GA,Credit Card,836,0
T007982,C0014,2026-02-08,11:50,Best Buy,118.64,Savannah GA,Debit Card,1078,0
T007983,C0005,2026-01-15,18:32,CVS,172.89,Atlanta GA,Credit Card,382,0
T007984,C0038,2026-02-15,14:42,CVS,7.82,Savannah GA,Debit Card,1205,0
T007985,C0015,2026-02-24,17:41,Target,442.5,Charlotte NC,Debit Card,583,0
T007986,C0064,2026-02-24,21:43,Best Buy,488.73,Jonesboro GA,Credit Card,1341,0
T007987,C0084,2026-01-29,17:06,Shell,231.72,Miami FL,Credit Card,440,0
T007988,C0066,2026-03-14,12:14,Amazon,209.55,Jonesboro GA,Debit Card,648,0
T007989,C0086,2026-01-14,16:44,CVS,423.67,Jonesboro GA,Debit Card,1119,0
T007990,C0020,2026-03-18,15:31,Starbucks,423.71,Charlotte NC,Credit Card,851,0
T007991,C0005,2026-02-16,19:05,Publix,226.5,Miami FL,Debit Card,373,0
T007992,C0035,2026-02-08,14:06,CVS,118.92,Miami FL,Credit Card,669,0
T007993,C0049,2026-01-27,22:37,PetSmart,292.82,Miami FL,Debit Card,336,0
T007994,C0048,2026-03-24,13:59,Starbucks,404.68,Miami FL,Credit Card,999,0
T007995,C0028,2026-03-08,13:05,Publix,308.5,Charlotte NC,Credit Card,1587,0
T007996,C0094,2026-03-07,19:28,Target,345.76,Charlotte NC,Debit Card,1442,0
T007997,C0034,2026-02-27,12:08,Shell,417.71,Savannah GA,Debit Card,36,0
T007998,C0059,2026-02-21,14:16,Target,487.95,Miami FL,Credit Card,1744,0
T007999,C0015,2026-03-05,08:32,Home Depot,377.69,Marietta GA,Debit Card,1494,0
T008000,C0098,2026-02-13,13:46,PetSmart,358.19,Charlotte NC,Credit Card,1200,0
T008001,C0072,2026-02-04,08:36,PetSmart,178.62,Jonesboro GA,Credit Card,162,0
T008002,C0075,2026-03-31,23:40,CVS,360.31,Miami FL,Debit Card,682,0
T008003,C0085,2026-02-19,08:19,Target,147.89,Atlanta GA,Debit Card,298,0
T008004,C0019,2026-01-11,11:53,PetSmart,151.84,Jonesboro GA,Credit Card,370,0
T008005,C0068,2026-01-04,23:07,Publix,326.63,Miami FL,Credit Card,131,0
T008006,C0096,2026-01-29,08:35,Amazon,343.33,Jonesboro GA,Debit Card,1190,0
T008007,C0015,2026-03-16,11:16,Walmart,324.76,Atlanta GA,Debit Card,853,0
T008008,C0005,2026-03-25,20:57,Target,133.48,Marietta GA,Debit Card,395,0
T008009,C0052,2026-01-10,06:35,Amazon,31.03,Atlanta GA,Debit Card,920,0
T008010,C0056,2026-01-17,17:52,PetSmart,464.57,Atlanta GA,Debit Card,1437,0
T008011,C0058,2026-03-27,07:53,CVS,164.49,Atlanta GA,Credit Card,1739,0
T008012,C0050,2026-02-16,22:17,Shell,115.0,Marietta GA,Credit Card,1685,0
T008013,C0069,2026-03-26,08:34,Home Depot,474.26,Savannah GA,Debit Card,1500,0
T008014,C0054,2026-01-23,08:09,Shell,42.55,Miami FL,Debit Card,517,0
T008015,C0037,2026-03-24,12:48,CVS,178.33,Savannah GA,Credit Card,1053,0
T008016,C0006,2026-02-12,10:25,Best Buy,75.88,Marietta GA,Debit Card,583,0
T008017,C0092,2026-03-08,23:30,Amazon,59.89,Savannah GA,Credit Card,148,0
T008018,C0091,2026-02-25,11:53,Publix,448.21,Savannah GA,Credit Card,1300,0
T008019,C0065,2026-03-06,21:02,Shell,458.55,Savannah GA,Debit Card,1542,0
T008020,C0007,2026-02-04,18:36,CVS,208.87,Savannah GA,Debit Card,1279,0
T008021,C0036,2026-01-06,09:27,Home Depot,205.44,Marietta GA,Debit Card,1680,0
T008022,C0055,2026-02-26,22:38,Home Depot,229.99,Jonesboro GA,Debit Card,711,0
T008023,C0030,2026-01-28,12:02,Starbucks,384.28,Jonesboro GA,Debit Card,494,0
T008024,C0083,2026-01-03,13:50,Best Buy,67.31,Atlanta GA,Credit Card,1139,0
T008025,C0089,2026-03-24,15:08,Best Buy,362.09,Atlanta GA,Debit Card,1806,0
T008026,C0095,2026-03-09,06:43,Amazon,227.46,Savannah GA,Credit Card,477,0
T008027,C0058,2026-02-11,23:56,Target,277.17,Savannah GA,Credit Card,1145,0
T008028,C0003,2026-03-30,10:02,PetSmart,392.55,Jonesboro GA,Debit Card,544,0
T008029,C0053,2026-02-25,18:14,Publix,192.03,Jonesboro GA,Debit Card,1443,0
T008030,C0050,2026-03-12,09:13,Amazon,487.8,Savannah GA,Credit Card,1906,0
T008031,C0080,2026-01-27,07:57,Starbucks,442.85,Charlotte NC,Credit Card,611,0
T008032,C0097,2026-03-18,23:52,Starbucks,119.3,Atlanta GA,Credit Card,410,0
T008033,C0004,2026-01-28,21:46,Shell,283.59,Charlotte NC,Debit Card,124,0
T008034,C0097,2026-02-27,12:47,Target,104.44,Marietta GA,Credit Card,1042,0
T008035,C0081,2026-01-11,11:38,PetSmart,300.54,Charlotte NC,Debit Card,295,0
T008036,C0076,2026-01-09,13:13,CVS,444.56,Marietta GA,Credit Card,939,0
T008037,C0002,2026-01-01,23:56,Shell,441.76,Jonesboro GA,Debit Card,689,0
T008038,C0007,2026-01-11,08:14,PetSmart,302.95,Charlotte NC,Debit Card,1266,0
T008039,C0020,2026-02-22,19:47,Home Depot,437.17,Marietta GA,Credit Card,669,0
T008040,C0080,2026-03-13,13:05,Amazon,387.71,Miami FL,Credit Card,518,0
T008041,C0071,2026-01-28,13:35,Walmart,358.56,Charlotte NC,Credit Card,434,0
T008042,C0031,2026-01-26,18:04,Best Buy,374.86,Charlotte NC,Debit Card,642,0
T008043,C0093,2026-01-10,15:56,Walmart,338.25,Jonesboro GA,Debit Card,777,0
T008044,C0054,2026-03-06,09:41,Target,270.29,Charlotte NC,Debit Card,183,0
T008045,C0002,2026-01-20,11:10,Best Buy,332.42,Charlotte NC,Debit Card,1936,0
T008046,C0031,2026-03-16,16:45,Target,372.92,Charlotte NC,Debit Card,1415,0
T008047,C0067,2026-01-05,23:38,CVS,25.74,Marietta GA,Credit Card,1654,0
T008048,C0067,2026-01-19,10:41,Target,83.36,Atlanta GA,Debit Card,1862,0
T008049,C0087,2026-01-05,08:39,PetSmart,261.82,Jonesboro GA,Debit Card,1853,0
T008050,C0098,2026-03-10,12:19,Shell,7.91,Jonesboro GA,Credit Card,1589,0
T008051,C0035,2026-02-07,10:17,Shell,127.84,Marietta GA,Debit Card,1254,0
T008052,C0098,2026-03-12,14:30,Shell,253.08,Atlanta GA,Debit Card,1563,0
T008053,C0064,2026-03-06,12:05,Walmart,293.96,Marietta GA,Credit Card,143,0
T008054,C0078,2026-03-18,08:00,Target,456.82,Jonesboro GA,Debit Card,628,0
T008055,C0083,2026-01-23,13:19,Amazon,385.79,Charlotte NC,Debit Card,1873,0
T008056,C0012,2026-02-08,10:22,Walmart,491.63,Charlotte NC,Credit Card,124,0
T008057,C0042,2026-01-08,18:48,CVS,105.66,Charlotte NC,Debit Card,352,0
T008058,C0055,2026-03-12,20:50,Home Depot,448.35,Jonesboro GA,Debit Card,1635,0
T008059,C0060,2026-03-02,19:40,Best Buy,48.27,Charlotte NC,Debit Card,1122,0
T008060,C0057,2026-01-03,15:10,Starbucks,67.04,Miami FL,Debit Card,1603,0
T008061,C0076,2026-01-12,15:04,PetSmart,33.73,Jonesboro GA,Credit Card,126,0
T008062,C0093,2026-03-17,11:13,Walmart,175.32,Miami FL,Credit Card,126,0
T008063,C0050,2026-03-13,11:54,Publix,241.98,Atlanta GA,Credit Card,1748,0
T008064,C0042,2026-03-06,22:01,Target,446.66,Jonesboro GA,Credit Card,116,0
T008065,C0040,2026-02-05,19:36,CVS,412.98,Savannah GA,Credit Card,79,0
T008066,C0048,2026-03-17,16:42,Walmart,323.39,Miami FL,Debit Card,208,0
T008067,C0061,2026-02-06,21:13,Walmart,404.61,Jonesboro GA,Credit Card,1749,0
T008068,C0003,2026-01-17,18:14,Home Depot,169.07,Savannah GA,Debit Card,359,0
T008069,C0022,2026-01-30,12:20,Home Depot,62.25,Jonesboro GA,Debit Card,1160,0
T008070,C0084,2026-03-03,21:00,Walmart,34.51,Marietta GA,Credit Card,87,0
T008071,C0019,2026-01-26,16:51,Amazon,273.64,Marietta GA,Debit Card,1788,0
T008072,C0004,2026-01-11,17:30,Best Buy,158.55,Marietta GA,Debit Card,1867,0
T008073,C0007,2026-02-20,07:16,Home Depot,87.84,Miami FL,Credit Card,226,0
T008074,C0049,2026-02-05,13:51,Target,174.14,Jonesboro GA,Credit Card,1490,0
T008075,C0039,2026-02-14,16:28,CVS,421.11,Atlanta GA,Credit Card,1523,0
T008076,C0037,2026-01-26,13:03,Best Buy,363.08,Charlotte NC,Debit Card,587,0
T008077,C0003,2026-01-11,22:07,Amazon,276.02,Atlanta GA,Debit Card,767,0
T008078,C0085,2026-02-25,10:38,Home Depot,174.88,Jonesboro GA,Credit Card,341,0
T008079,C0047,2026-03-18,14:39,Home Depot,368.19,Charlotte NC,Credit Card,159,0
T008080,C0073,2026-01-31,12:04,Shell,467.72,Marietta GA,Debit Card,390,0
T008081,C0079,2026-02-15,16:25,Amazon,371.85,Charlotte NC,Debit Card,1618,0
T008082,C0071,2026-01-18,06:40,Publix,428.49,Charlotte NC,Credit Card,1118,0
T008083,C0003,2026-03-28,10:28,Publix,378.95,Marietta GA,Debit Card,1246,0
T008084,C0048,2026-02-05,18:20,Target,478.02,Marietta GA,Credit Card,185,0
T008085,C0070,2026-03-18,09:16,Amazon,439.83,Charlotte NC,Debit Card,920,0
T008086,C0015,2026-01-06,20:37,Starbucks,366.43,Atlanta GA,Credit Card,1882,0
T008087,C0065,2026-02-26,08:51,Amazon,7.74,Jonesboro GA,Credit Card,1437,0
T008088,C0084,2026-01-04,23:46,Best Buy,54.5,Charlotte NC,Credit Card,1677,0
T008089,C0094,2026-02-09,19:12,Amazon,403.55,Atlanta GA,Debit Card,388,0
T008090,C0013,2026-01-31,20:55,Publix,327.01,Jonesboro GA,Credit Card,1927,0
T008091,C0042,2026-01-17,23:24,Amazon,491.12,Atlanta GA,Debit Card,234,0
T008092,C0024,2026-03-24,07:02,Starbucks,449.33,Jonesboro GA,Credit Card,305,0
T008093,C0041,2026-02-12,23:05,CVS,420.38,Marietta GA,Debit Card,1121,0
T008094,C0030,2026-03-13,21:47,Publix,96.6,Atlanta GA,Credit Card,577,0
T008095,C0002,2026-03-24,21:45,Home Depot,189.13,Miami FL,Debit Card,1088,0
T008096,C0093,2026-03-22,23:59,Shell,176.47,Marietta GA,Credit Card,1409,0
T008097,C0005,2026-03-23,15:37,Starbucks,94.72,Savannah GA,Debit Card,315,0
T008098,C0069,2026-01-30,14:56,Home Depot,196.89,Jonesboro GA,Credit Card,614,0
T008099,C0063,2026-03-21,19:39,PetSmart,245.03,Charlotte NC,Credit Card,1641,0
T008100,C0096,2026-02-17,08:53,Amazon,7.83,Miami FL,Credit Card,1669,0
T008101,C0047,2026-01-25,13:00,PetSmart,407.39,Atlanta GA,Debit Card,622,0
T008102,C0029,2026-02-16,23:58,Shell,279.85,Miami FL,Debit Card,1077,0
T008103,C0019,2026-01-29,13:43,Best Buy,149.9,Miami FL,Debit Card,1038,0
T008104,C0027,2026-01-03,13:01,Target,75.68,Jonesboro GA,Credit Card,133,0
T008105,C0070,2026-01-12,08:07,Target,114.93,Charlotte NC,Credit Card,1346,0
T008106,C0039,2026-03-15,20:34,Walmart,189.99,Savannah GA,Debit Card,1653,0
T008107,C0056,2026-02-02,22:19,Starbucks,453.61,Atlanta GA,Debit Card,1544,0
T008108,C0095,2026-02-08,14:59,Shell,170.12,Marietta GA,Credit Card,1571,0
T008109,C0082,2026-03-07,10:57,PetSmart,15.42,Jonesboro GA,Debit Card,499,0
T008110,C0071,2026-01-11,13:29,Starbucks,462.5,Miami FL,Credit Card,1367,0
T008111,C0011,2026-01-19,21:07,CVS,247.84,Jonesboro GA,Credit Card,659,0
T008112,C0049,2026-03-10,15:27,Amazon,150.64,Jonesboro GA,Debit Card,1698,0
T008113,C0067,2026-01-27,11:12,Best Buy,92.72,Marietta GA,Debit Card,1105,0
T008114,C0029,2026-03-20,14:15,Starbucks,34.97,Marietta GA,Debit Card,1825,0
T008115,C0018,2026-02-18,17:21,PetSmart,19.06,Charlotte NC,Debit Card,1155,0
T008116,C0042,2026-01-07,11:15,CVS,186.52,Marietta GA,Debit Card,1506,0
T008117,C0094,2026-03-06,17:41,Amazon,256.33,Atlanta GA,Credit Card,602,0
T008118,C0093,2026-03-29,08:16,Home Depot,409.79,Charlotte NC,Credit Card,512,0
T008119,C0085,2026-03-04,14:57,Home Depot,239.5,Miami FL,Credit Card,1214,0
T008120,C0006,2026-03-05,08:34,CVS,330.06,Miami FL,Debit Card,1806,0
T008121,C0083,2026-01-19,15:48,Target,414.25,Charlotte NC,Credit Card,108,0
T008122,C0053,2026-01-13,13:13,Starbucks,484.95,Atlanta GA,Debit Card,749,0
T008123,C0034,2026-01-22,16:20,PetSmart,238.68,Marietta GA,Credit Card,740,0
T008124,C0097,2026-01-16,14:07,Best Buy,317.03,Marietta GA,Debit Card,1780,0
T008125,C0083,2026-03-13,07:47,Publix,333.76,Savannah GA,Debit Card,951,0
T008126,C0033,2026-03-24,12:39,CVS,377.0,Marietta GA,Credit Card,1753,0
T008127,C0055,2026-02-16,09:40,Best Buy,268.56,Jonesboro GA,Credit Card,560,0
T008128,C0014,2026-02-27,14:20,CVS,384.92,Atlanta GA,Credit Card,1376,0
T008129,C0058,2026-03-16,10:23,Shell,177.74,Jonesboro GA,Debit Card,66,0
T008130,C0063,2026-03-30,13:26,Best Buy,240.15,Marietta GA,Credit Card,620,0
T008131,C0100,2026-01-24,09:18,Amazon,250.25,Jonesboro GA,Credit Card,837,0
T008132,C0032,2026-01-08,16:33,Walmart,326.19,Savannah GA,Credit Card,452,0
T008133,C0003,2026-01-31,08:03,Shell,112.39,Marietta GA,Debit Card,392,0
T008134,C0052,2026-03-05,15:30,Publix,471.56,Charlotte NC,Debit Card,571,0
T008135,C0088,2026-03-04,13:20,Shell,200.93,Miami FL,Credit Card,1966,0
T008136,C0019,2026-02-08,07:10,Target,262.55,Savannah GA,Credit Card,1897,0
T008137,C0065,2026-03-21,12:48,CVS,391.35,Savannah GA,Debit Card,1747,0
T008138,C0088,2026-03-20,18:17,CVS,455.34,Marietta GA,Debit Card,1003,0
T008139,C0077,2026-02-13,18:10,Amazon,312.34,Jonesboro GA,Credit Card,1669,0
T008140,C0014,2026-02-23,10:53,Publix,353.95,Jonesboro GA,Credit Card,877,0
T008141,C0059,2026-03-03,07:05,Target,465.25,Miami FL,Credit Card,457,0
T008142,C0056,2026-02-26,13:11,Target,209.13,Miami FL,Credit Card,1652,0
T008143,C0019,2026-02-27,17:37,Target,326.37,Charlotte NC,Debit Card,597,0
T008144,C0009,2026-01-23,06:49,Shell,242.18,Jonesboro GA,Debit Card,603,0
T008145,C0044,2026-02-19,20:38,Amazon,367.02,Marietta GA,Debit Card,237,0
T008146,C0090,2026-02-04,13:36,Best Buy,202.4,Marietta GA,Debit Card,868,0
T008147,C0085,2026-03-01,22:11,Walmart,24.1,Savannah GA,Credit Card,455,0
T008148,C0091,2026-03-04,12:42,Amazon,239.57,Charlotte NC,Credit Card,1314,0
T008149,C0047,2026-03-06,20:35,Best Buy,41.76,Marietta GA,Credit Card,1868,0
T008150,C0097,2026-03-24,22:30,Target,75.28,Charlotte NC,Debit Card,926,0
T008151,C0029,2026-02-15,20:13,Publix,464.69,Charlotte NC,Credit Card,642,0
T008152,C0039,2026-01-01,07:39,Best Buy,403.76,Miami FL,Debit Card,632,0
T008153,C0058,2026-03-27,11:37,CVS,231.03,Charlotte NC,Debit Card,509,0
T008154,C0083,2026-02-22,10:58,Best Buy,197.04,Charlotte NC,Credit Card,1527,0
T008155,C0090,2026-01-17,18:34,CVS,288.85,Atlanta GA,Debit Card,1835,0
T008156,C0050,2026-03-04,20:52,Amazon,367.52,Charlotte NC,Debit Card,905,0
T008157,C0030,2026-02-17,10:30,CVS,119.0,Savannah GA,Debit Card,518,0
T008158,C0052,2026-01-02,14:00,Walmart,183.82,Atlanta GA,Debit Card,1363,0
T008159,C0072,2026-01-30,22:36,Shell,476.96,Atlanta GA,Credit Card,134,0
T008160,C0013,2026-03-11,10:00,Target,458.46,Savannah GA,Debit Card,1690,0
T008161,C0083,2026-03-03,22:46,PetSmart,492.72,Miami FL,Credit Card,1516,0
T008162,C0069,2026-01-09,19:27,Best Buy,189.97,Atlanta GA,Credit Card,564,0
T008163,C0006,2026-03-13,06:09,Starbucks,69.9,Miami FL,Credit Card,379,0
T008164,C0023,2026-03-31,19:20,Shell,219.4,Jonesboro GA,Debit Card,219,0
T008165,C0061,2026-01-24,18:22,Publix,202.01,Miami FL,Debit Card,1049,0
T008166,C0007,2026-03-15,11:12,Shell,102.58,Marietta GA,Credit Card,1409,0
T008167,C0094,2026-01-16,11:49,Home Depot,313.2,Jonesboro GA,Credit Card,839,0
T008168,C0077,2026-03-15,23:23,Target,384.28,Savannah GA,Debit Card,947,0
T008169,C0057,2026-02-10,23:16,Shell,108.79,Marietta GA,Debit Card,1978,0
T008170,C0008,2026-01-20,07:48,PetSmart,153.48,Atlanta GA,Debit Card,1300,0
T008171,C0018,2026-01-19,19:29,Best Buy,345.48,Jonesboro GA,Debit Card,1498,0
T008172,C0077,2026-01-10,19:26,Shell,253.0,Savannah GA,Credit Card,1137,0
T008173,C0006,2026-01-06,06:59,PetSmart,364.44,Marietta GA,Credit Card,192,0
T008174,C0058,2026-03-27,07:03,CVS,203.85,Savannah GA,Debit Card,396,0
T008175,C0021,2026-02-25,15:49,Walmart,346.02,Atlanta GA,Credit Card,297,0
T008176,C0028,2026-02-10,11:09,Home Depot,127.88,Marietta GA,Credit Card,90,0
T008177,C0078,2026-02-13,18:11,Shell,496.21,Atlanta GA,Credit Card,1327,0
T008178,C0081,2026-02-03,06:36,Target,88.83,Marietta GA,Credit Card,547,0
T008179,C0014,2026-02-14,11:21,Target,169.98,Marietta GA,Debit Card,1452,0
T008180,C0041,2026-03-20,23:14,Target,163.15,Savannah GA,Debit Card,893,0
T008181,C0039,2026-03-25,11:26,CVS,415.12,Jonesboro GA,Credit Card,332,0
T008182,C0066,2026-03-04,10:03,CVS,339.83,Savannah GA,Debit Card,1523,0
T008183,C0085,2026-01-26,06:25,Amazon,146.94,Charlotte NC,Credit Card,237,0
T008184,C0039,2026-03-15,15:28,Amazon,470.87,Marietta GA,Debit Card,110,0
T008185,C0077,2026-03-12,09:35,CVS,300.86,Atlanta GA,Debit Card,1189,0
T008186,C0017,2026-02-08,07:31,Amazon,34.64,Savannah GA,Credit Card,226,0
T008187,C0085,2026-03-11,07:56,Target,130.68,Marietta GA,Debit Card,1996,0
T008188,C0050,2026-03-10,06:12,Home Depot,259.8,Miami FL,Debit Card,1256,0
T008189,C0013,2026-03-03,07:21,Starbucks,399.03,Charlotte NC,Debit Card,421,0
T008190,C0086,2026-03-30,22:44,Home Depot,169.78,Charlotte NC,Debit Card,1734,0
T008191,C0080,2026-03-15,20:41,Publix,480.61,Marietta GA,Debit Card,1979,0
T008192,C0007,2026-03-05,12:14,Amazon,367.32,Miami FL,Debit Card,1961,0
T008193,C0066,2026-02-02,12:10,Walmart,452.86,Atlanta GA,Debit Card,1367,0
T008194,C0100,2026-01-16,06:52,Best Buy,319.66,Charlotte NC,Debit Card,570,0
T008195,C0099,2026-01-05,23:24,Starbucks,466.23,Marietta GA,Credit Card,776,0
T008196,C0070,2026-02-03,23:31,Best Buy,469.67,Marietta GA,Credit Card,1102,0
T008197,C0009,2026-01-12,08:57,CVS,430.16,Marietta GA,Debit Card,613,0
T008198,C0057,2026-03-04,13:10,Shell,160.85,Savannah GA,Debit Card,1467,0
T008199,C0041,2026-02-23,08:29,Target,58.96,Charlotte NC,Debit Card,1933,0
T008200,C0025,2026-01-15,20:36,Target,116.93,Marietta GA,Debit Card,1986,0
T008201,C0020,2026-03-01,14:03,Shell,495.39,Savannah GA,Debit Card,497,0
T008202,C0042,2026-02-12,18:33,Amazon,24.35,Charlotte NC,Credit Card,584,0
T008203,C0016,2026-01-08,18:36,PetSmart,109.11,Marietta GA,Debit Card,1743,0
T008204,C0063,2026-01-24,18:12,Publix,117.45,Jonesboro GA,Credit Card,1501,0
T008205,C0091,2026-02-10,07:58,Walmart,402.96,Charlotte NC,Credit Card,1159,0
T008206,C0083,2026-01-26,07:37,CVS,308.6,Marietta GA,Credit Card,340,0
T008207,C0019,2026-01-04,14:42,Target,439.83,Marietta GA,Credit Card,689,0
T008208,C0090,2026-03-05,11:39,Walmart,486.01,Marietta GA,Debit Card,641,0
T008209,C0025,2026-01-25,14:21,Walmart,254.4,Savannah GA,Credit Card,282,0
T008210,C0018,2026-03-28,10:34,CVS,309.32,Jonesboro GA,Credit Card,1528,0
T008211,C0043,2026-01-31,09:24,Publix,252.12,Miami FL,Debit Card,1881,0
T008212,C0006,2026-02-07,23:59,Starbucks,102.12,Savannah GA,Debit Card,933,0
T008213,C0054,2026-01-13,10:33,Publix,488.51,Charlotte NC,Debit Card,1750,0
T008214,C0008,2026-01-21,09:06,Best Buy,465.31,Miami FL,Debit Card,102,0
T008215,C0090,2026-01-15,16:24,CVS,44.15,Jonesboro GA,Credit Card,1687,0
T008216,C0051,2026-01-14,12:17,PetSmart,308.62,Charlotte NC,Debit Card,178,0
T008217,C0015,2026-03-29,22:04,Starbucks,317.79,Miami FL,Credit Card,47,0
T008218,C0035,2026-02-02,20:39,Starbucks,315.19,Marietta GA,Debit Card,849,0
T008219,C0041,2026-03-06,16:20,Publix,26.32,Jonesboro GA,Debit Card,564,0
T008220,C0070,2026-01-07,15:15,Home Depot,196.56,Jonesboro GA,Credit Card,1216,0
T008221,C0071,2026-03-11,15:49,PetSmart,312.68,Miami FL,Debit Card,603,0
T008222,C0001,2026-03-16,07:36,Best Buy,395.25,Atlanta GA,Credit Card,1331,0
T008223,C0047,2026-03-24,10:06,CVS,175.96,Jonesboro GA,Credit Card,1188,0
T008224,C0068,2026-01-01,21:29,CVS,97.73,Miami FL,Credit Card,1051,0
T008225,C0025,2026-01-03,11:37,Walmart,168.21,Miami FL,Credit Card,481,0
T008226,C0027,2026-02-14,10:36,Amazon,227.16,Savannah GA,Debit Card,1040,0
T008227,C0075,2026-01-13,10:59,Starbucks,272.67,Jonesboro GA,Credit Card,1746,0
T008228,C0090,2026-01-19,17:14,PetSmart,394.77,Miami FL,Credit Card,1916,0
T008229,C0032,2026-03-13,22:50,Starbucks,262.43,Charlotte NC,Debit Card,562,0
T008230,C0099,2026-03-04,14:11,Walmart,214.11,Jonesboro GA,Credit Card,310,0
T008231,C0013,2026-02-11,15:41,Starbucks,48.71,Charlotte NC,Credit Card,586,0
T008232,C0040,2026-02-08,19:44,Home Depot,77.13,Jonesboro GA,Credit Card,179,0
T008233,C0003,2026-03-05,09:15,Target,440.65,Savannah GA,Credit Card,1852,0
T008234,C0062,2026-03-21,16:06,PetSmart,119.58,Charlotte NC,Debit Card,1474,0
T008235,C0039,2026-03-05,11:03,Best Buy,99.2,Atlanta GA,Debit Card,660,0
T008236,C0006,2026-02-08,06:18,Amazon,470.68,Charlotte NC,Credit Card,651,0
T008237,C0003,2026-02-13,19:45,Target,225.26,Marietta GA,Credit Card,1340,0
T008238,C0027,2026-02-13,17:52,Shell,39.33,Marietta GA,Debit Card,96,0
T008239,C0011,2026-01-11,11:33,Starbucks,129.37,Miami FL,Credit Card,920,0
T008240,C0069,2026-02-19,15:25,Best Buy,222.12,Savannah GA,Debit Card,1863,0
T008241,C0079,2026-01-27,10:02,Home Depot,194.49,Charlotte NC,Credit Card,1194,0
T008242,C0037,2026-02-15,12:05,Home Depot,206.19,Charlotte NC,Credit Card,1840,0
T008243,C0075,2026-03-02,07:04,CVS,345.46,Charlotte NC,Credit Card,1578,0
T008244,C0039,2026-01-08,11:30,Best Buy,441.97,Atlanta GA,Debit Card,1458,0
T008245,C0030,2026-03-01,23:49,CVS,400.6,Marietta GA,Debit Card,503,0
T008246,C0012,2026-02-12,06:32,Shell,143.69,Charlotte NC,Debit Card,1688,0
T008247,C0067,2026-03-22,12:39,Starbucks,388.05,Marietta GA,Credit Card,871,0
T008248,C0074,2026-03-27,20:43,Best Buy,487.37,Charlotte NC,Debit Card,1712,0
T008249,C0063,2026-02-02,11:38,Amazon,248.58,Marietta GA,Credit Card,369,0
T008250,C0084,2026-01-01,18:04,Target,73.43,Marietta GA,Credit Card,1088,0
T008251,C0052,2026-02-15,18:37,CVS,205.08,Charlotte NC,Debit Card,1695,0
T008252,C0020,2026-02-16,19:39,PetSmart,18.36,Jonesboro GA,Debit Card,764,0
T008253,C0086,2026-02-24,09:12,Home Depot,46.32,Marietta GA,Debit Card,596,0
T008254,C0029,2026-02-13,23:59,Home Depot,82.29,Charlotte NC,Credit Card,126,0
T008255,C0024,2026-02-26,14:30,Publix,46.27,Savannah GA,Credit Card,922,0
T008256,C0007,2026-01-19,14:06,Shell,33.86,Charlotte NC,Debit Card,621,0
T008257,C0019,2026-01-10,18:03,Best Buy,81.71,Jonesboro GA,Debit Card,555,0
T008258,C0052,2026-01-04,20:10,Shell,439.94,Marietta GA,Credit Card,655,0
T008259,C0060,2026-02-15,12:04,Best Buy,481.06,Savannah GA,Credit Card,1751,0
T008260,C0028,2026-01-27,20:18,CVS,379.55,Charlotte NC,Debit Card,1008,0
T008261,C0049,2026-03-03,11:19,Best Buy,249.02,Charlotte NC,Credit Card,1610,0
T008262,C0096,2026-02-09,08:11,Starbucks,243.93,Jonesboro GA,Credit Card,1763,0
T008263,C0069,2026-01-14,10:48,PetSmart,386.34,Charlotte NC,Debit Card,1537,0
T008264,C0065,2026-03-16,23:29,Starbucks,83.93,Savannah GA,Credit Card,948,0
T008265,C0078,2026-03-06,08:37,CVS,331.07,Miami FL,Debit Card,668,0
T008266,C0089,2026-02-28,17:25,Walmart,92.87,Savannah GA,Credit Card,214,0
T008267,C0093,2026-03-02,12:09,Walmart,281.72,Jonesboro GA,Credit Card,692,0
T008268,C0067,2026-01-04,18:54,Best Buy,262.71,Miami FL,Debit Card,357,0
T008269,C0036,2026-02-20,12:40,PetSmart,176.97,Atlanta GA,Debit Card,1781,0
T008270,C0097,2026-01-09,11:01,Home Depot,446.82,Charlotte NC,Debit Card,718,0
T008271,C0034,2026-03-03,22:26,Target,253.65,Jonesboro GA,Credit Card,1833,0
T008272,C0097,2026-02-23,18:08,Shell,8.84,Savannah GA,Debit Card,1912,0
T008273,C0003,2026-01-17,21:01,Starbucks,100.59,Charlotte NC,Credit Card,849,0
T008274,C0048,2026-03-02,23:37,Amazon,108.17,Charlotte NC,Credit Card,707,0
T008275,C0050,2026-01-29,17:41,Starbucks,150.84,Marietta GA,Debit Card,1936,0
T008276,C0009,2026-03-11,19:14,Starbucks,159.15,Miami FL,Credit Card,1479,0
T008277,C0071,2026-01-07,16:54,Publix,73.28,Miami FL,Debit Card,110,0
T008278,C0008,2026-01-03,18:41,Shell,374.58,Jonesboro GA,Credit Card,810,0
T008279,C0098,2026-01-06,16:36,Best Buy,280.3,Atlanta GA,Debit Card,350,0
T008280,C0083,2026-03-09,22:15,Shell,171.76,Marietta GA,Credit Card,363,0
T008281,C0020,2026-01-14,19:34,Publix,88.44,Savannah GA,Credit Card,1563,0
T008282,C0050,2026-03-10,11:33,Best Buy,84.55,Charlotte NC,Credit Card,1829,0
T008283,C0012,2026-02-25,09:52,Shell,456.42,Miami FL,Debit Card,1491,0
T008284,C0062,2026-03-28,23:44,Home Depot,495.62,Atlanta GA,Debit Card,415,0
T008285,C0050,2026-03-13,13:14,Target,161.39,Charlotte NC,Credit Card,1972,0
T008286,C0049,2026-01-26,15:29,Best Buy,146.03,Charlotte NC,Debit Card,1465,0
T008287,C0037,2026-01-19,19:29,Amazon,150.75,Atlanta GA,Credit Card,1150,0
T008288,C0096,2026-01-09,09:49,Shell,219.95,Jonesboro GA,Debit Card,703,0
T008289,C0045,2026-01-01,18:19,Best Buy,447.53,Miami FL,Credit Card,1405,0
T008290,C0008,2026-02-23,06:48,Publix,425.42,Savannah GA,Debit Card,1613,0
T008291,C0094,2026-03-21,18:54,Target,339.65,Savannah GA,Credit Card,226,0
T008292,C0037,2026-03-11,06:09,PetSmart,228.97,Marietta GA,Credit Card,964,0
T008293,C0077,2026-03-05,12:00,PetSmart,472.69,Charlotte NC,Credit Card,259,0
T008294,C0076,2026-02-17,10:06,CVS,200.66,Savannah GA,Debit Card,1003,0
T008295,C0038,2026-03-16,23:34,Publix,160.58,Charlotte NC,Debit Card,575,0
T008296,C0026,2026-01-29,23:01,Home Depot,414.27,Savannah GA,Debit Card,1397,0
T008297,C0051,2026-02-17,20:57,Home Depot,413.52,Jonesboro GA,Credit Card,1208,0
T008298,C0046,2026-01-09,16:40,Publix,102.52,Charlotte NC,Debit Card,898,0
T008299,C0092,2026-03-09,08:22,PetSmart,323.37,Miami FL,Debit Card,1934,0
T008300,C0055,2026-03-22,13:54,Target,66.93,Marietta GA,Credit Card,360,0
T008301,C0062,2026-03-22,15:49,Best Buy,200.17,Marietta GA,Credit Card,1263,0
T008302,C0064,2026-03-01,18:23,Amazon,199.67,Miami FL,Debit Card,1224,0
T008303,C0053,2026-01-11,21:22,Shell,268.94,Savannah GA,Credit Card,494,0
T008304,C0035,2026-03-23,20:49,Walmart,58.32,Miami FL,Debit Card,1321,0
T008305,C0045,2026-01-28,15:52,Target,161.45,Atlanta GA,Debit Card,602,0
T008306,C0008,2026-03-17,09:56,Best Buy,63.36,Atlanta GA,Credit Card,814,0
T008307,C0024,2026-02-23,21:10,Best Buy,312.22,Miami FL,Debit Card,1610,0
T008308,C0100,2026-01-23,18:59,PetSmart,111.27,Miami FL,Credit Card,455,0
T008309,C0063,2026-01-23,15:12,Amazon,399.35,Atlanta GA,Debit Card,891,0
T008310,C0075,2026-01-06,19:30,Home Depot,444.35,Atlanta GA,Credit Card,1169,0
T008311,C0089,2026-01-16,17:27,CVS,213.94,Savannah GA,Credit Card,1227,0
T008312,C0012,2026-01-02,08:10,Shell,403.85,Charlotte NC,Debit Card,1297,0
T008313,C0070,2026-02-07,08:56,Amazon,344.45,Charlotte NC,Debit Card,1633,0
T008314,C0049,2026-01-14,17:02,Shell,246.3,Savannah GA,Credit Card,32,0
T008315,C0056,2026-01-26,07:02,Best Buy,276.58,Jonesboro GA,Credit Card,563,0
T008316,C0042,2026-02-12,11:09,Publix,269.31,Savannah GA,Debit Card,340,0
T008317,C0017,2026-02-14,21:41,Walmart,463.79,Atlanta GA,Debit Card,955,0
T008318,C0040,2026-01-08,08:32,Target,72.09,Jonesboro GA,Debit Card,1378,0
T008319,C0001,2026-02-18,23:29,Amazon,5.63,Jonesboro GA,Credit Card,1766,0
T008320,C0023,2026-02-24,19:33,Target,143.89,Savannah GA,Credit Card,997,0
T008321,C0083,2026-03-20,18:09,Walmart,400.71,Charlotte NC,Credit Card,284,0
T008322,C0011,2026-01-06,14:24,Best Buy,77.68,Savannah GA,Credit Card,1456,0
T008323,C0044,2026-03-19,23:00,Home Depot,404.24,Marietta GA,Debit Card,1561,0
T008324,C0096,2026-03-29,09:53,Target,182.19,Savannah GA,Debit Card,490,0
T008325,C0055,2026-01-20,07:34,Best Buy,87.71,Charlotte NC,Credit Card,800,0
T008326,C0009,2026-01-03,17:01,Walmart,122.62,Marietta GA,Credit Card,1818,0
T008327,C0074,2026-01-25,15:33,Best Buy,245.01,Marietta GA,Debit Card,1150,0
T008328,C0010,2026-03-13,10:16,Shell,379.82,Savannah GA,Credit Card,1455,0
T008329,C0057,2026-02-08,12:19,Shell,285.38,Atlanta GA,Debit Card,668,0
T008330,C0037,2026-02-18,19:54,Target,412.24,Charlotte NC,Debit Card,819,0
T008331,C0012,2026-01-22,13:37,CVS,48.34,Savannah GA,Credit Card,1946,0
T008332,C0024,2026-03-28,21:51,CVS,61.69,Jonesboro GA,Credit Card,817,0
T008333,C0011,2026-02-20,16:54,Walmart,402.45,Marietta GA,Credit Card,1678,0
T008334,C0065,2026-03-27,21:43,Walmart,79.27,Miami FL,Debit Card,99,0
T008335,C0089,2026-03-21,13:54,Publix,366.05,Charlotte NC,Credit Card,1103,0
T008336,C0069,2026-02-04,16:40,Amazon,303.34,Charlotte NC,Credit Card,1075,0
T008337,C0012,2026-03-18,08:38,Best Buy,419.62,Charlotte NC,Debit Card,1959,0
T008338,C0032,2026-01-05,08:35,Walmart,390.9,Jonesboro GA,Credit Card,778,0
T008339,C0075,2026-01-15,08:48,Walmart,241.67,Jonesboro GA,Credit Card,1156,0
T008340,C0057,2026-01-24,11:17,Best Buy,248.18,Jonesboro GA,Debit Card,250,0
T008341,C0021,2026-03-31,13:54,Home Depot,365.14,Savannah GA,Debit Card,1087,0
T008342,C0040,2026-03-14,17:51,Target,469.94,Atlanta GA,Credit Card,1832,0
T008343,C0075,2026-02-03,11:44,CVS,84.01,Charlotte NC,Credit Card,1822,0
T008344,C0035,2026-02-21,19:59,Shell,359.94,Jonesboro GA,Credit Card,1882,0
T008345,C0011,2026-01-18,07:56,Publix,348.25,Miami FL,Credit Card,1240,0
T008346,C0063,2026-02-19,08:35,Best Buy,410.49,Charlotte NC,Debit Card,415,0
T008347,C0096,2026-02-13,09:18,Home Depot,402.81,Marietta GA,Debit Card,479,0
T008348,C0023,2026-02-14,18:47,Target,89.38,Atlanta GA,Debit Card,154,0
T008349,C0100,2026-03-23,07:35,Publix,32.45,Atlanta GA,Credit Card,877,0
T008350,C0015,2026-01-15,12:21,PetSmart,265.51,Miami FL,Credit Card,488,0
T008351,C0067,2026-02-03,10:57,Shell,79.03,Savannah GA,Credit Card,151,0
T008352,C0089,2026-02-25,17:36,Publix,374.67,Savannah GA,Credit Card,1599,0
T008353,C0048,2026-03-05,11:50,CVS,241.7,Marietta GA,Debit Card,1842,0
T008354,C0062,2026-02-25,23:48,CVS,351.36,Marietta GA,Credit Card,1840,0
T008355,C0010,2026-01-11,13:30,Target,75.98,Charlotte NC,Debit Card,134,0
T008356,C0024,2026-01-12,18:58,Best Buy,194.54,Charlotte NC,Credit Card,1443,0
T008357,C0061,2026-02-07,08:02,Starbucks,79.78,Savannah GA,Credit Card,1639,0
T008358,C0022,2026-01-27,06:35,Best Buy,13.19,Marietta GA,Credit Card,452,0
T008359,C0024,2026-01-29,09:53,Walmart,155.4,Miami FL,Credit Card,1212,0
T008360,C0031,2026-02-01,08:43,Home Depot,392.12,Jonesboro GA,Credit Card,170,0
T008361,C0091,2026-03-03,13:05,Home Depot,118.74,Miami FL,Credit Card,501,0
T008362,C0076,2026-03-09,20:59,PetSmart,409.14,Marietta GA,Debit Card,974,0
T008363,C0010,2026-01-30,22:30,Amazon,154.81,Charlotte NC,Credit Card,1403,0
T008364,C0052,2026-03-03,20:39,Home Depot,11.95,Atlanta GA,Credit Card,904,0
T008365,C0037,2026-01-05,20:33,Starbucks,438.73,Charlotte NC,Debit Card,1633,0
T008366,C0048,2026-03-17,08:12,Starbucks,421.85,Jonesboro GA,Credit Card,1904,0
T008367,C0068,2026-02-28,14:16,Publix,116.76,Jonesboro GA,Credit Card,1130,0
T008368,C0087,2026-02-15,14:17,Publix,398.6,Charlotte NC,Credit Card,1966,0
T008369,C0022,2026-01-23,17:45,Amazon,131.48,Marietta GA,Debit Card,1169,0
T008370,C0084,2026-01-02,22:33,Home Depot,457.62,Jonesboro GA,Debit Card,1271,0
T008371,C0020,2026-03-08,20:17,Target,498.33,Savannah GA,Credit Card,1126,0
T008372,C0042,2026-03-22,19:18,Amazon,302.9,Atlanta GA,Debit Card,1410,0
T008373,C0051,2026-02-13,14:31,Walmart,341.83,Miami FL,Debit Card,1799,0
T008374,C0064,2026-03-12,09:47,PetSmart,473.26,Jonesboro GA,Credit Card,951,0
T008375,C0056,2026-02-05,21:33,Home Depot,98.99,Marietta GA,Debit Card,193,0
T008376,C0092,2026-01-20,09:38,Target,397.58,Atlanta GA,Credit Card,1095,0
T008377,C0073,2026-01-26,08:26,PetSmart,213.6,Jonesboro GA,Debit Card,1176,0
T008378,C0089,2026-01-10,18:18,Target,340.55,Charlotte NC,Debit Card,1291,0
T008379,C0015,2026-02-04,14:21,CVS,28.34,Atlanta GA,Debit Card,267,0
T008380,C0077,2026-01-04,18:44,Best Buy,123.18,Jonesboro GA,Credit Card,1986,0
T008381,C0055,2026-03-25,14:50,Target,61.73,Miami FL,Credit Card,1090,0
T008382,C0038,2026-02-22,20:07,Starbucks,138.03,Jonesboro GA,Credit Card,1257,0
T008383,C0028,2026-03-04,12:44,Walmart,413.39,Savannah GA,Debit Card,1217,0
T008384,C0004,2026-03-10,23:13,Home Depot,100.35,Savannah GA,Debit Card,361,0
T008385,C0093,2026-02-16,09:15,Shell,335.1,Marietta GA,Debit Card,420,0
T008386,C0029,2026-02-17,14:12,Target,372.69,Charlotte NC,Debit Card,303,0
T008387,C0032,2026-02-14,17:07,Starbucks,285.64,Jonesboro GA,Debit Card,886,0
T008388,C0079,2026-03-05,21:30,PetSmart,330.18,Miami FL,Credit Card,1661,0
T008389,C0021,2026-03-05,09:32,Walmart,462.37,Jonesboro GA,Credit Card,1080,0
T008390,C0071,2026-02-18,19:20,Shell,423.66,Marietta GA,Debit Card,882,0
T008391,C0037,2026-01-21,22:16,Publix,395.92,Jonesboro GA,Credit Card,67,0
T008392,C0027,2026-02-21,15:47,Shell,468.08,Savannah GA,Debit Card,789,0
T008393,C0089,2026-03-08,15:09,Shell,211.82,Jonesboro GA,Credit Card,726,0
T008394,C0028,2026-01-30,06:55,Starbucks,201.46,Miami FL,Credit Card,1311,0
T008395,C0071,2026-03-11,21:11,Walmart,325.58,Atlanta GA,Credit Card,262,0
T008396,C0084,2026-01-22,07:44,Amazon,365.78,Miami FL,Credit Card,89,0
T008397,C0046,2026-01-22,12:34,Best Buy,226.48,Charlotte NC,Debit Card,908,0
T008398,C0086,2026-02-24,08:37,Target,42.73,Savannah GA,Credit Card,251,0
T008399,C0032,2026-03-30,19:37,Best Buy,488.15,Charlotte NC,Debit Card,711,0
T008400,C0070,2026-02-09,07:18,Walmart,258.47,Jonesboro GA,Credit Card,1349,0
T008401,C0064,2026-01-16,22:50,PetSmart,22.73,Marietta GA,Debit Card,1113,0
T008402,C0039,2026-01-29,11:10,CVS,36.66,Savannah GA,Debit Card,1108,0
T008403,C0041,2026-01-30,19:26,Publix,411.65,Savannah GA,Credit Card,1720,0
T008404,C0085,2026-01-12,21:40,Walmart,171.13,Marietta GA,Credit Card,1205,0
T008405,C0085,2026-01-23,23:36,Starbucks,427.3,Atlanta GA,Credit Card,172,0
T008406,C0032,2026-01-20,20:05,Walmart,41.73,Charlotte NC,Debit Card,1280,0
T008407,C0003,2026-03-22,19:42,Publix,136.3,Charlotte NC,Credit Card,135,0
T008408,C0091,2026-01-28,07:37,Publix,125.39,Savannah GA,Credit Card,553,0
T008409,C0059,2026-03-07,22:21,CVS,204.97,Charlotte NC,Debit Card,1517,0
T008410,C0035,2026-02-05,16:32,Amazon,400.33,Jonesboro GA,Debit Card,348,0
T008411,C0079,2026-03-03,12:15,Publix,420.56,Jonesboro GA,Debit Card,479,0
T008412,C0002,2026-01-13,18:42,Walmart,139.85,Marietta GA,Credit Card,859,0
T008413,C0020,2026-03-24,07:07,Amazon,186.16,Jonesboro GA,Credit Card,1891,0
T008414,C0017,2026-01-02,06:06,Home Depot,298.52,Charlotte NC,Credit Card,213,0
T008415,C0018,2026-03-26,22:06,CVS,30.52,Jonesboro GA,Credit Card,1126,0
T008416,C0064,2026-02-23,19:41,Shell,196.28,Atlanta GA,Debit Card,514,0
T008417,C0058,2026-03-30,13:40,Walmart,317.68,Savannah GA,Credit Card,1380,0
T008418,C0061,2026-01-31,17:15,Amazon,45.13,Savannah GA,Debit Card,1791,0
T008419,C0042,2026-01-22,10:09,Publix,216.87,Charlotte NC,Debit Card,1424,0
T008420,C0069,2026-01-08,21:19,Shell,196.57,Savannah GA,Debit Card,1632,0
T008421,C0100,2026-02-18,09:38,CVS,324.99,Atlanta GA,Credit Card,493,0
T008422,C0048,2026-01-13,23:50,Home Depot,55.11,Atlanta GA,Debit Card,1808,0
T008423,C0048,2026-03-07,18:21,CVS,33.56,Jonesboro GA,Credit Card,920,0
T008424,C0001,2026-02-04,14:38,Home Depot,283.77,Jonesboro GA,Debit Card,1788,0
T008425,C0041,2026-02-16,17:27,Best Buy,478.99,Charlotte NC,Debit Card,1901,0
T008426,C0098,2026-01-06,08:48,Target,149.41,Marietta GA,Credit Card,1458,0
T008427,C0042,2026-01-04,08:22,Starbucks,441.75,Marietta GA,Credit Card,82,0
T008428,C0062,2026-01-13,10:47,Best Buy,89.48,Marietta GA,Debit Card,253,0
T008429,C0059,2026-01-29,14:11,Starbucks,298.09,Marietta GA,Credit Card,413,0
T008430,C0004,2026-01-11,23:41,Home Depot,482.65,Marietta GA,Debit Card,766,0
T008431,C0060,2026-01-15,13:28,PetSmart,109.45,Charlotte NC,Debit Card,335,0
T008432,C0027,2026-03-05,09:40,Walmart,116.82,Charlotte NC,Debit Card,464,0
T008433,C0050,2026-03-15,21:32,Target,235.84,Miami FL,Debit Card,1893,0
T008434,C0076,2026-01-21,16:34,Publix,454.32,Marietta GA,Debit Card,682,0
T008435,C0032,2026-02-04,09:18,Publix,64.36,Jonesboro GA,Debit Card,538,0
T008436,C0054,2026-01-17,15:15,Walmart,276.06,Jonesboro GA,Credit Card,34,0
T008437,C0070,2026-02-24,14:41,Home Depot,366.65,Jonesboro GA,Debit Card,273,0
T008438,C0039,2026-03-30,07:36,Shell,184.58,Charlotte NC,Credit Card,1804,0
T008439,C0087,2026-03-05,16:44,Best Buy,127.87,Miami FL,Credit Card,1024,0
T008440,C0074,2026-01-03,22:34,Walmart,478.39,Atlanta GA,Debit Card,32,0
T008441,C0055,2026-02-12,14:22,Amazon,262.69,Miami FL,Debit Card,43,0
T008442,C0081,2026-03-19,18:22,Publix,484.65,Charlotte NC,Credit Card,519,0
T008443,C0062,2026-03-06,07:38,Walmart,208.4,Jonesboro GA,Debit Card,1162,0
T008444,C0046,2026-01-07,17:06,Best Buy,455.37,Miami FL,Credit Card,1717,0
T008445,C0068,2026-01-24,20:23,Amazon,499.52,Jonesboro GA,Debit Card,772,0
T008446,C0034,2026-02-05,11:56,PetSmart,66.62,Charlotte NC,Credit Card,1911,0
T008447,C0076,2026-02-24,13:24,Publix,316.7,Atlanta GA,Credit Card,1143,0
T008448,C0029,2026-01-16,06:17,Shell,438.78,Atlanta GA,Credit Card,738,0
T008449,C0039,2026-03-22,15:24,CVS,315.89,Miami FL,Credit Card,83,0
T008450,C0051,2026-01-28,06:39,Publix,319.17,Marietta GA,Debit Card,896,0
T008451,C0053,2026-02-23,18:55,Best Buy,303.7,Marietta GA,Debit Card,140,0
T008452,C0048,2026-03-15,07:16,Publix,481.85,Savannah GA,Debit Card,764,0
T008453,C0044,2026-01-29,12:05,Shell,499.84,Marietta GA,Debit Card,1259,0
T008454,C0081,2026-01-06,23:07,Amazon,344.62,Atlanta GA,Credit Card,270,0
T008455,C0088,2026-03-12,06:56,Walmart,238.29,Marietta GA,Debit Card,98,0
T008456,C0058,2026-03-30,18:35,PetSmart,430.14,Miami FL,Credit Card,1617,0
T008457,C0058,2026-02-25,22:42,Walmart,431.79,Charlotte NC,Debit Card,1068,0
T008458,C0039,2026-01-05,23:13,Amazon,219.6,Marietta GA,Credit Card,491,0
T008459,C0069,2026-02-07,07:06,Target,247.74,Charlotte NC,Credit Card,1760,0
T008460,C0035,2026-03-18,13:17,Walmart,103.62,Jonesboro GA,Debit Card,801,0
T008461,C0080,2026-02-01,22:56,Home Depot,241.83,Miami FL,Debit Card,607,0
T008462,C0032,2026-01-23,17:46,CVS,429.39,Jonesboro GA,Credit Card,1089,0
T008463,C0002,2026-02-17,22:18,Target,334.75,Jonesboro GA,Credit Card,1199,0
T008464,C0053,2026-01-29,07:10,Starbucks,106.21,Atlanta GA,Credit Card,52,0
T008465,C0015,2026-02-21,07:54,CVS,329.92,Marietta GA,Debit Card,256,0
T008466,C0063,2026-02-16,17:22,Amazon,165.03,Miami FL,Debit Card,131,0
T008467,C0045,2026-03-01,18:59,Target,413.6,Charlotte NC,Credit Card,1812,0
T008468,C0012,2026-01-18,15:19,Shell,396.71,Marietta GA,Debit Card,494,0
T008469,C0053,2026-03-22,08:05,PetSmart,414.48,Savannah GA,Credit Card,62,0
T008470,C0065,2026-02-20,14:39,Walmart,323.9,Atlanta GA,Credit Card,241,0
T008471,C0026,2026-03-09,17:25,Publix,133.03,Charlotte NC,Debit Card,574,0
T008472,C0018,2026-01-28,08:28,Publix,172.69,Marietta GA,Debit Card,1030,0
T008473,C0097,2026-01-30,20:11,CVS,184.56,Atlanta GA,Credit Card,763,0
T008474,C0053,2026-03-05,12:16,Publix,447.67,Savannah GA,Credit Card,422,0
T008475,C0040,2026-01-04,06:59,Home Depot,310.74,Miami FL,Credit Card,80,0
T008476,C0022,2026-01-10,10:28,Shell,457.29,Marietta GA,Credit Card,976,0
T008477,C0049,2026-01-18,17:42,Walmart,495.41,Savannah GA,Debit Card,1222,0
T008478,C0048,2026-01-15,09:08,PetSmart,151.44,Miami FL,Debit Card,1528,0
T008479,C0065,2026-03-03,11:50,Shell,91.45,Miami FL,Debit Card,1025,0
T008480,C0033,2026-02-06,21:35,Starbucks,32.21,Atlanta GA,Debit Card,1512,0
T008481,C0073,2026-02-25,08:40,Target,242.54,Marietta GA,Debit Card,885,0
T008482,C0068,2026-02-19,13:44,Shell,318.25,Miami FL,Credit Card,1117,0
T008483,C0089,2026-02-14,17:00,Starbucks,47.87,Savannah GA,Debit Card,1239,0
T008484,C0060,2026-03-19,22:30,Amazon,446.54,Marietta GA,Credit Card,125,0
T008485,C0029,2026-03-17,23:23,Home Depot,421.37,Marietta GA,Debit Card,1564,0
T008486,C0020,2026-03-22,13:17,PetSmart,309.44,Atlanta GA,Debit Card,656,0
T008487,C0040,2026-03-03,14:36,Best Buy,194.56,Marietta GA,Debit Card,917,0
T008488,C0044,2026-01-02,08:49,CVS,53.81,Atlanta GA,Credit Card,792,0
T008489,C0017,2026-03-22,22:05,Starbucks,489.44,Charlotte NC,Credit Card,749,0
T008490,C0097,2026-02-24,23:33,CVS,86.15,Jonesboro GA,Credit Card,873,0
T008491,C0050,2026-01-31,17:06,Walmart,119.94,Miami FL,Credit Card,176,0
T008492,C0032,2026-02-03,15:23,CVS,90.47,Jonesboro GA,Credit Card,950,0
T008493,C0003,2026-03-26,09:03,Amazon,204.05,Atlanta GA,Debit Card,1706,0
T008494,C0012,2026-03-03,12:03,Amazon,237.56,Marietta GA,Debit Card,1076,0
T008495,C0013,2026-01-29,20:22,Shell,94.35,Atlanta GA,Debit Card,927,0
T008496,C0036,2026-02-17,09:28,Publix,495.9,Charlotte NC,Debit Card,1585,0
T008497,C0030,2026-03-31,14:53,Amazon,206.21,Atlanta GA,Credit Card,1069,0
T008498,C0059,2026-02-17,08:26,Best Buy,267.69,Jonesboro GA,Debit Card,830,0
T008499,C0046,2026-01-19,23:24,Publix,396.39,Charlotte NC,Credit Card,543,0
T008500,C0020,2026-01-15,21:55,Target,31.23,Marietta GA,Debit Card,220,0
T008501,C0039,2026-01-17,15:21,PetSmart,408.74,Marietta GA,Credit Card,440,0
T008502,C0013,2026-02-06,15:56,CVS,45.26,Savannah GA,Debit Card,1723,0
T008503,C0013,2026-02-04,06:01,Home Depot,392.01,Charlotte NC,Credit Card,1092,0
T008504,C0042,2026-03-19,14:49,Amazon,334.05,Miami FL,Credit Card,356,0
T008505,C0003,2026-03-31,07:55,PetSmart,348.15,Miami FL,Debit Card,1319,0
T008506,C0079,2026-03-15,08:14,PetSmart,167.93,Miami FL,Debit Card,236,0
T008507,C0014,2026-03-26,22:29,Home Depot,488.36,Savannah GA,Credit Card,1093,0
T008508,C0095,2026-03-30,09:27,Target,454.6,Jonesboro GA,Debit Card,1765,0
T008509,C0063,2026-01-07,22:57,Target,219.62,Savannah GA,Debit Card,910,0
T008510,C0056,2026-02-24,23:11,PetSmart,63.53,Miami FL,Debit Card,77,0
T008511,C0026,2026-02-16,20:39,Home Depot,329.1,Jonesboro GA,Credit Card,642,0
T008512,C0008,2026-01-11,17:01,Target,467.12,Jonesboro GA,Debit Card,847,0
T008513,C0066,2026-03-11,23:41,CVS,49.27,Miami FL,Debit Card,216,0
T008514,C0011,2026-03-10,21:12,Best Buy,492.17,Charlotte NC,Debit Card,586,0
T008515,C0066,2026-02-02,18:55,Walmart,62.78,Miami FL,Debit Card,872,0
T008516,C0058,2026-02-18,16:18,Publix,349.43,Savannah GA,Credit Card,79,0
T008517,C0018,2026-02-06,11:43,Amazon,381.58,Atlanta GA,Credit Card,818,0
T008518,C0072,2026-02-14,20:06,Amazon,295.97,Miami FL,Debit Card,480,0
T008519,C0082,2026-01-14,19:35,CVS,15.84,Jonesboro GA,Debit Card,628,0
T008520,C0045,2026-02-04,07:11,Target,88.34,Charlotte NC,Credit Card,482,0
T008521,C0067,2026-03-10,09:57,PetSmart,26.9,Miami FL,Credit Card,635,0
T008522,C0094,2026-03-15,18:55,PetSmart,141.1,Savannah GA,Credit Card,1461,0
T008523,C0024,2026-03-14,17:12,Best Buy,79.56,Marietta GA,Credit Card,935,0
T008524,C0055,2026-03-12,17:12,Starbucks,363.51,Atlanta GA,Credit Card,401,0
T008525,C0092,2026-01-06,19:25,PetSmart,401.96,Marietta GA,Debit Card,978,0
T008526,C0048,2026-03-15,21:13,Shell,185.09,Miami FL,Credit Card,63,0
T008527,C0031,2026-02-02,17:50,PetSmart,238.96,Jonesboro GA,Credit Card,1721,0
T008528,C0089,2026-02-21,23:52,Walmart,6.97,Miami FL,Credit Card,314,0
T008529,C0073,2026-01-07,14:37,Shell,428.38,Miami FL,Credit Card,1441,0
T008530,C0054,2026-03-21,08:58,PetSmart,72.13,Marietta GA,Debit Card,1226,0
T008531,C0009,2026-03-08,06:02,Best Buy,348.42,Marietta GA,Debit Card,581,0
T008532,C0097,2026-03-09,23:35,PetSmart,87.47,Marietta GA,Credit Card,1484,0
T008533,C0022,2026-03-04,06:49,Amazon,283.44,Miami FL,Debit Card,1179,0
T008534,C0057,2026-01-22,15:43,PetSmart,161.42,Atlanta GA,Credit Card,384,0
T008535,C0035,2026-01-17,12:51,Shell,26.99,Marietta GA,Credit Card,322,0
T008536,C0013,2026-02-03,07:02,Walmart,238.52,Marietta GA,Debit Card,1235,0
T008537,C0024,2026-01-04,22:13,Publix,77.77,Charlotte NC,Debit Card,250,0
T008538,C0089,2026-02-05,12:01,Home Depot,122.4,Atlanta GA,Credit Card,1903,0
T008539,C0059,2026-02-12,15:22,Target,441.23,Jonesboro GA,Credit Card,81,0
T008540,C0071,2026-03-18,23:51,Starbucks,344.35,Savannah GA,Debit Card,1483,0
T008541,C0051,2026-03-05,14:32,Home Depot,299.48,Jonesboro GA,Credit Card,1159,0
T008542,C0088,2026-01-20,11:12,Shell,132.85,Savannah GA,Debit Card,380,0
T008543,C0069,2026-01-02,15:26,Best Buy,409.25,Jonesboro GA,Credit Card,600,0
T008544,C0060,2026-02-19,17:52,Target,149.89,Charlotte NC,Debit Card,1705,0
T008545,C0070,2026-02-22,19:50,Home Depot,484.0,Jonesboro GA,Credit Card,203,0
T008546,C0020,2026-02-25,07:51,Shell,46.29,Jonesboro GA,Credit Card,235,0
T008547,C0021,2026-01-14,09:44,Shell,417.78,Charlotte NC,Credit Card,868,0
T008548,C0007,2026-01-03,18:39,PetSmart,371.37,Savannah GA,Credit Card,1359,0
T008549,C0093,2026-03-13,14:30,Starbucks,50.72,Savannah GA,Credit Card,399,0
T008550,C0094,2026-01-09,15:04,Walmart,192.94,Marietta GA,Credit Card,1679,0
T008551,C0005,2026-01-24,17:47,CVS,132.15,Marietta GA,Debit Card,1879,0
T008552,C0039,2026-03-09,18:18,Walmart,399.7,Charlotte NC,Debit Card,333,0
T008553,C0074,2026-03-04,11:49,Best Buy,355.45,Charlotte NC,Credit Card,597,0
T008554,C0098,2026-01-09,22:55,PetSmart,339.1,Marietta GA,Debit Card,1167,0
T008555,C0073,2026-02-09,14:24,PetSmart,457.65,Atlanta GA,Debit Card,321,0
T008556,C0003,2026-02-15,21:04,Amazon,465.89,Savannah GA,Debit Card,1211,0
T008557,C0080,2026-01-26,15:44,Target,341.48,Charlotte NC,Debit Card,333,0
T008558,C0081,2026-01-13,14:01,Target,476.35,Jonesboro GA,Credit Card,979,0
T008559,C0084,2026-03-26,18:52,Home Depot,482.99,Atlanta GA,Credit Card,669,0
T008560,C0077,2026-01-25,22:51,Starbucks,249.83,Miami FL,Credit Card,484,0
T008561,C0073,2026-01-29,14:09,Shell,61.69,Marietta GA,Debit Card,639,0
T008562,C0063,2026-03-14,10:08,Walmart,334.41,Savannah GA,Debit Card,1731,0
T008563,C0017,2026-01-13,19:46,Publix,400.19,Charlotte NC,Debit Card,1839,0
T008564,C0038,2026-03-15,17:52,Walmart,425.89,Atlanta GA,Debit Card,363,0
T008565,C0034,2026-03-30,17:27,Target,320.4,Jonesboro GA,Credit Card,660,0
T008566,C0053,2026-03-06,07:53,Best Buy,44.35,Marietta GA,Debit Card,214,0
T008567,C0018,2026-03-05,17:40,Walmart,124.3,Savannah GA,Credit Card,1214,0
T008568,C0079,2026-02-10,18:29,PetSmart,300.82,Miami FL,Debit Card,759,0
T008569,C0054,2026-02-20,20:51,Shell,250.54,Savannah GA,Debit Card,553,0
T008570,C0074,2026-01-14,18:58,Target,352.8,Marietta GA,Debit Card,1226,0
T008571,C0098,2026-01-19,11:07,Shell,87.19,Atlanta GA,Credit Card,896,0
T008572,C0090,2026-01-18,15:46,Shell,103.8,Charlotte NC,Debit Card,617,0
T008573,C0089,2026-01-02,06:18,Starbucks,202.56,Atlanta GA,Debit Card,1201,0
T008574,C0066,2026-02-12,22:06,Amazon,419.14,Jonesboro GA,Credit Card,1595,0
T008575,C0080,2026-02-07,18:37,Home Depot,186.03,Marietta GA,Debit Card,147,0
T008576,C0042,2026-01-30,21:26,CVS,270.78,Charlotte NC,Credit Card,753,0
T008577,C0027,2026-02-28,23:13,CVS,23.0,Savannah GA,Credit Card,1597,0
T008578,C0033,2026-01-05,16:03,Target,251.48,Atlanta GA,Credit Card,1377,0
T008579,C0028,2026-02-25,14:02,Publix,60.57,Jonesboro GA,Debit Card,287,0
T008580,C0093,2026-01-20,07:42,CVS,484.49,Jonesboro GA,Credit Card,1417,0
T008581,C0072,2026-01-25,09:09,Publix,6.28,Miami FL,Debit Card,1652,0
T008582,C0097,2026-02-15,17:36,Target,455.66,Jonesboro GA,Debit Card,1617,0
T008583,C0023,2026-02-20,16:20,Shell,60.05,Atlanta GA,Debit Card,1892,0
T008584,C0028,2026-01-14,21:49,Best Buy,275.21,Atlanta GA,Credit Card,30,0
T008585,C0027,2026-01-20,17:12,Starbucks,336.94,Miami FL,Credit Card,1130,0
T008586,C0026,2026-03-31,09:30,Best Buy,137.42,Atlanta GA,Debit Card,1216,0
T008587,C0020,2026-02-09,23:07,Target,172.28,Charlotte NC,Debit Card,1821,0
T008588,C0009,2026-01-23,18:07,Target,278.75,Jonesboro GA,Debit Card,272,0
T008589,C0064,2026-02-17,12:34,Amazon,90.64,Savannah GA,Credit Card,1735,0
T008590,C0098,2026-02-16,16:40,Shell,433.09,Jonesboro GA,Credit Card,1226,0
T008591,C0077,2026-03-27,09:09,Best Buy,48.56,Savannah GA,Credit Card,270,0
T008592,C0026,2026-02-02,18:24,Target,158.6,Charlotte NC,Credit Card,1457,0
T008593,C0050,2026-03-30,18:11,Starbucks,480.21,Miami FL,Credit Card,190,0
T008594,C0043,2026-02-03,06:48,Amazon,477.41,Miami FL,Debit Card,816,0
T008595,C0001,2026-03-31,10:00,Target,365.28,Jonesboro GA,Debit Card,732,0
T008596,C0092,2026-02-27,17:14,Home Depot,132.6,Jonesboro GA,Debit Card,1297,0
T008597,C0026,2026-03-08,09:58,Best Buy,242.37,Atlanta GA,Credit Card,443,0
T008598,C0088,2026-03-30,13:27,Amazon,109.5,Jonesboro GA,Credit Card,1890,0
T008599,C0080,2026-03-06,06:43,Shell,178.32,Atlanta GA,Debit Card,36,0
T008600,C0058,2026-02-13,16:16,Publix,269.97,Savannah GA,Debit Card,1075,0
T008601,C0095,2026-02-18,08:09,Amazon,281.5,Miami FL,Debit Card,436,0
T008602,C0088,2026-02-13,06:30,Publix,306.84,Miami FL,Debit Card,1692,0
T008603,C0027,2026-01-17,14:43,Walmart,243.21,Charlotte NC,Credit Card,1407,0
T008604,C0068,2026-02-21,20:12,Publix,196.44,Savannah GA,Credit Card,230,0
T008605,C0028,2026-03-30,22:25,CVS,375.57,Charlotte NC,Debit Card,535,0
T008606,C0027,2026-03-04,06:07,Home Depot,170.34,Miami FL,Debit Card,1399,0
T008607,C0011,2026-02-15,12:57,Starbucks,102.44,Atlanta GA,Debit Card,1295,0
T008608,C0030,2026-01-22,22:52,CVS,449.96,Jonesboro GA,Credit Card,1556,0
T008609,C0099,2026-02-23,17:47,Starbucks,385.38,Miami FL,Credit Card,1309,0
T008610,C0098,2026-03-13,20:18,Best Buy,31.61,Atlanta GA,Debit Card,654,0
T008611,C0059,2026-01-11,12:15,PetSmart,143.89,Atlanta GA,Debit Card,720,0
T008612,C0064,2026-02-06,10:14,Home Depot,137.73,Marietta GA,Credit Card,1853,0
T008613,C0042,2026-03-17,13:37,Walmart,111.56,Savannah GA,Debit Card,1667,0
T008614,C0029,2026-01-19,19:12,CVS,199.05,Savannah GA,Credit Card,1141,0
T008615,C0091,2026-03-16,15:30,Starbucks,301.79,Marietta GA,Credit Card,1919,0
T008616,C0090,2026-02-02,17:26,Home Depot,142.91,Charlotte NC,Debit Card,1497,0
T008617,C0088,2026-03-11,19:32,Walmart,326.27,Marietta GA,Credit Card,1866,0
T008618,C0050,2026-03-18,15:59,Publix,240.03,Miami FL,Credit Card,1087,0
T008619,C0015,2026-02-06,22:53,Starbucks,150.95,Miami FL,Debit Card,1859,0
T008620,C0017,2026-02-14,08:40,PetSmart,285.15,Savannah GA,Credit Card,279,0
T008621,C0080,2026-01-30,18:19,CVS,415.13,Jonesboro GA,Credit Card,665,0
T008622,C0087,2026-01-16,23:32,PetSmart,291.33,Savannah GA,Credit Card,610,0
T008623,C0040,2026-02-27,06:35,Walmart,399.69,Charlotte NC,Credit Card,392,0
T008624,C0026,2026-03-25,10:22,Target,59.58,Charlotte NC,Debit Card,1078,0
T008625,C0070,2026-01-22,20:07,Starbucks,345.36,Charlotte NC,Debit Card,1338,0
T008626,C0065,2026-01-12,11:59,Walmart,166.35,Jonesboro GA,Debit Card,1141,0
T008627,C0078,2026-03-23,21:57,CVS,84.78,Jonesboro GA,Credit Card,656,0
T008628,C0097,2026-01-30,18:21,Shell,479.16,Savannah GA,Debit Card,284,0
T008629,C0065,2026-01-06,11:12,Amazon,155.02,Savannah GA,Credit Card,1798,0
T008630,C0059,2026-02-18,22:11,Target,184.57,Charlotte NC,Credit Card,257,0
T008631,C0094,2026-02-17,22:07,Starbucks,489.34,Atlanta GA,Credit Card,1628,0
T008632,C0031,2026-03-21,16:05,CVS,493.32,Charlotte NC,Debit Card,1304,0
T008633,C0088,2026-02-17,10:16,Best Buy,352.56,Charlotte NC,Credit Card,94,0
T008634,C0047,2026-02-16,08:50,Publix,91.01,Miami FL,Debit Card,1919,0
T008635,C0073,2026-02-15,11:54,CVS,388.87,Miami FL,Debit Card,377,0
T008636,C0077,2026-01-05,11:23,Starbucks,243.89,Miami FL,Debit Card,1321,0
T008637,C0075,2026-02-10,16:53,Home Depot,282.35,Jonesboro GA,Debit Card,613,0
T008638,C0018,2026-03-06,20:59,Starbucks,150.74,Atlanta GA,Debit Card,394,0
T008639,C0074,2026-02-01,17:43,Target,226.73,Marietta GA,Debit Card,1801,0
T008640,C0088,2026-02-24,12:09,Amazon,422.7,Savannah GA,Credit Card,452,0
T008641,C0007,2026-03-19,17:22,Walmart,223.02,Charlotte NC,Credit Card,1822,0
T008642,C0062,2026-02-17,09:25,Best Buy,299.73,Marietta GA,Credit Card,1778,0
T008643,C0053,2026-03-23,21:17,Starbucks,346.91,Atlanta GA,Debit Card,1660,0
T008644,C0072,2026-03-04,07:15,Best Buy,144.92,Marietta GA,Debit Card,1346,0
T008645,C0003,2026-03-08,19:42,Amazon,125.45,Savannah GA,Debit Card,1475,0
T008646,C0007,2026-03-29,20:21,Starbucks,414.76,Savannah GA,Debit Card,1944,0
T008647,C0065,2026-01-09,23:40,Shell,117.06,Atlanta GA,Debit Card,1159,0
T008648,C0053,2026-03-06,22:40,Publix,95.33,Miami FL,Debit Card,990,0
T008649,C0050,2026-02-23,07:00,Target,233.76,Savannah GA,Credit Card,533,0
T008650,C0038,2026-03-13,11:51,Target,433.49,Atlanta GA,Debit Card,1111,0
T008651,C0058,2026-01-12,14:42,Walmart,48.93,Marietta GA,Debit Card,1564,0
T008652,C0089,2026-01-03,21:03,CVS,172.65,Savannah GA,Debit Card,904,0
T008653,C0035,2026-01-10,11:43,Shell,331.7,Atlanta GA,Debit Card,686,0
T008654,C0030,2026-02-12,16:11,Shell,53.0,Savannah GA,Credit Card,1739,0
T008655,C0034,2026-03-28,11:03,Walmart,282.27,Marietta GA,Debit Card,262,0
T008656,C0047,2026-01-04,22:41,Home Depot,118.41,Atlanta GA,Credit Card,1861,0
T008657,C0030,2026-02-25,16:40,CVS,60.07,Jonesboro GA,Credit Card,1437,0
T008658,C0016,2026-01-27,14:20,Publix,443.05,Marietta GA,Credit Card,1652,0
T008659,C0099,2026-03-03,08:57,Walmart,19.43,Miami FL,Debit Card,1549,0
T008660,C0028,2026-01-02,23:56,PetSmart,404.85,Savannah GA,Debit Card,156,0
T008661,C0050,2026-01-08,19:18,Walmart,465.13,Savannah GA,Credit Card,87,0
T008662,C0046,2026-02-05,06:52,Target,93.11,Atlanta GA,Credit Card,1458,0
T008663,C0096,2026-01-06,20:39,Target,363.95,Charlotte NC,Debit Card,71,0
T008664,C0035,2026-01-13,20:12,Amazon,164.03,Miami FL,Credit Card,1542,0
T008665,C0019,2026-03-27,17:10,Shell,178.7,Savannah GA,Credit Card,347,0
T008666,C0038,2026-01-11,15:56,Target,466.12,Atlanta GA,Credit Card,1160,0
T008667,C0014,2026-02-19,17:34,Starbucks,437.18,Savannah GA,Credit Card,1454,0
T008668,C0029,2026-03-10,12:54,Publix,238.5,Charlotte NC,Credit Card,1517,0
T008669,C0084,2026-02-22,14:20,CVS,206.9,Savannah GA,Debit Card,1577,0
T008670,C0052,2026-03-19,12:56,Home Depot,222.34,Charlotte NC,Debit Card,195,0
T008671,C0080,2026-01-14,11:40,Publix,168.55,Savannah GA,Debit Card,529,0
T008672,C0077,2026-01-01,20:41,Shell,310.31,Jonesboro GA,Debit Card,1453,0
T008673,C0071,2026-03-06,14:16,Shell,429.5,Jonesboro GA,Debit Card,1250,0
T008674,C0084,2026-01-30,07:30,Walmart,405.49,Charlotte NC,Credit Card,1702,0
T008675,C0061,2026-03-29,07:41,Target,412.97,Jonesboro GA,Debit Card,1412,0
T008676,C0020,2026-01-10,22:15,Home Depot,420.57,Savannah GA,Credit Card,940,0
T008677,C0053,2026-03-11,23:06,CVS,257.79,Atlanta GA,Credit Card,1453,0
T008678,C0083,2026-01-06,15:29,Amazon,60.71,Savannah GA,Credit Card,36,0
T008679,C0066,2026-01-30,10:22,Shell,131.36,Jonesboro GA,Debit Card,861,0
T008680,C0061,2026-02-12,08:56,Starbucks,283.61,Atlanta GA,Credit Card,207,0
T008681,C0001,2026-03-28,10:25,CVS,364.59,Jonesboro GA,Debit Card,754,0
T008682,C0097,2026-02-13,17:05,Home Depot,40.07,Charlotte NC,Credit Card,644,0
T008683,C0056,2026-01-01,23:32,Starbucks,425.75,Charlotte NC,Credit Card,1140,0
T008684,C0096,2026-02-08,09:19,Home Depot,322.87,Charlotte NC,Debit Card,521,0
T008685,C0059,2026-02-17,16:27,PetSmart,93.48,Marietta GA,Credit Card,1645,0
T008686,C0075,2026-02-15,15:34,Amazon,284.03,Atlanta GA,Debit Card,1173,0
T008687,C0010,2026-03-01,19:55,Walmart,104.41,Charlotte NC,Debit Card,1923,0
T008688,C0092,2026-03-02,20:15,Target,122.24,Miami FL,Credit Card,211,0
T008689,C0013,2026-01-25,20:42,Walmart,346.72,Marietta GA,Debit Card,682,0
T008690,C0075,2026-02-10,09:44,Amazon,469.98,Marietta GA,Debit Card,740,0
T008691,C0086,2026-01-06,06:31,Target,289.43,Charlotte NC,Debit Card,572,0
T008692,C0056,2026-03-21,22:34,PetSmart,295.88,Marietta GA,Credit Card,196,0
T008693,C0014,2026-01-07,20:24,Home Depot,52.65,Miami FL,Credit Card,1781,0
T008694,C0099,2026-03-10,20:49,Walmart,446.55,Jonesboro GA,Debit Card,122,0
T008695,C0033,2026-03-01,19:37,Starbucks,347.68,Jonesboro GA,Credit Card,1496,0
T008696,C0053,2026-02-17,14:37,PetSmart,69.83,Charlotte NC,Credit Card,833,0
T008697,C0049,2026-03-23,21:13,Walmart,92.13,Savannah GA,Credit Card,1981,0
T008698,C0097,2026-02-16,20:07,PetSmart,277.17,Marietta GA,Credit Card,349,0
T008699,C0015,2026-02-19,18:33,Best Buy,94.04,Charlotte NC,Debit Card,1321,0
T008700,C0099,2026-03-09,07:41,Starbucks,136.23,Savannah GA,Credit Card,1684,0
T008701,C0034,2026-02-07,15:25,Starbucks,370.46,Savannah GA,Debit Card,1717,0
T008702,C0001,2026-03-19,13:09,Best Buy,469.02,Miami FL,Debit Card,174,0
T008703,C0080,2026-01-05,14:19,Target,98.36,Charlotte NC,Credit Card,289,0
T008704,C0013,2026-02-08,23:49,PetSmart,497.83,Miami FL,Debit Card,739,0
T008705,C0054,2026-02-23,11:16,Shell,145.19,Jonesboro GA,Credit Card,80,0
T008706,C0100,2026-01-13,18:59,Shell,498.49,Charlotte NC,Debit Card,471,0
T008707,C0012,2026-02-06,09:31,Best Buy,385.15,Charlotte NC,Debit Card,142,0
T008708,C0007,2026-01-03,14:53,Walmart,223.11,Marietta GA,Credit Card,1837,0
T008709,C0057,2026-01-06,19:51,Shell,70.68,Marietta GA,Credit Card,1819,0
T008710,C0087,2026-03-06,06:44,Best Buy,436.7,Atlanta GA,Debit Card,1733,0
T008711,C0069,2026-03-13,09:40,Publix,377.56,Savannah GA,Credit Card,1049,0
T008712,C0007,2026-01-19,14:09,Home Depot,222.27,Miami FL,Credit Card,1977,0
T008713,C0008,2026-03-13,20:55,PetSmart,13.82,Jonesboro GA,Credit Card,976,0
T008714,C0019,2026-02-20,20:14,Starbucks,388.55,Savannah GA,Debit Card,601,0
T008715,C0080,2026-01-12,16:45,Publix,487.03,Miami FL,Debit Card,103,0
T008716,C0006,2026-03-15,08:45,Home Depot,380.64,Jonesboro GA,Debit Card,626,0
T008717,C0089,2026-03-05,11:07,Best Buy,221.15,Jonesboro GA,Credit Card,322,0
T008718,C0057,2026-01-12,21:07,Target,75.17,Charlotte NC,Debit Card,1081,0
T008719,C0054,2026-03-31,21:08,PetSmart,255.05,Atlanta GA,Debit Card,1836,0
T008720,C0004,2026-02-10,14:29,Target,272.93,Savannah GA,Debit Card,190,0
T008721,C0032,2026-03-31,19:13,Amazon,279.2,Marietta GA,Debit Card,549,0
T008722,C0071,2026-02-08,13:56,Target,422.34,Marietta GA,Credit Card,816,0
T008723,C0019,2026-03-27,16:15,Publix,285.72,Charlotte NC,Debit Card,1981,0
T008724,C0096,2026-03-13,08:59,CVS,8.78,Charlotte NC,Credit Card,1133,0
T008725,C0064,2026-02-24,18:05,Best Buy,6.64,Marietta GA,Debit Card,86,0
T008726,C0009,2026-03-06,08:50,Walmart,288.48,Savannah GA,Credit Card,799,0
T008727,C0012,2026-03-15,23:27,Home Depot,359.25,Miami FL,Credit Card,694,0
T008728,C0025,2026-01-03,08:35,Best Buy,152.97,Savannah GA,Credit Card,176,0
T008729,C0072,2026-01-30,20:19,PetSmart,438.04,Miami FL,Debit Card,1570,0
T008730,C0092,2026-01-09,15:10,Amazon,92.52,Savannah GA,Credit Card,1582,0
T008731,C0085,2026-01-09,16:52,Best Buy,69.56,Atlanta GA,Credit Card,1492,0
T008732,C0021,2026-03-22,13:50,Target,398.17,Marietta GA,Credit Card,1678,0
T008733,C0028,2026-03-29,18:02,Home Depot,13.51,Savannah GA,Credit Card,1661,0
T008734,C0031,2026-03-30,17:29,Starbucks,303.03,Miami FL,Debit Card,495,0
T008735,C0060,2026-03-30,15:41,PetSmart,475.24,Jonesboro GA,Debit Card,240,0
T008736,C0003,2026-01-05,21:08,Home Depot,188.12,Miami FL,Debit Card,1612,0
T008737,C0044,2026-02-19,14:37,CVS,100.55,Jonesboro GA,Credit Card,642,0
T008738,C0089,2026-03-17,22:55,Target,470.72,Marietta GA,Credit Card,1843,0
T008739,C0033,2026-01-18,17:20,Publix,358.48,Jonesboro GA,Credit Card,624,0
T008740,C0080,2026-01-10,14:05,Shell,257.21,Marietta GA,Credit Card,1858,0
T008741,C0031,2026-02-10,22:49,Best Buy,78.21,Charlotte NC,Credit Card,913,0
T008742,C0014,2026-01-28,06:22,Amazon,464.23,Marietta GA,Credit Card,905,0
T008743,C0013,2026-03-25,13:31,Amazon,66.3,Atlanta GA,Credit Card,316,0
T008744,C0027,2026-01-16,12:47,Best Buy,258.26,Savannah GA,Credit Card,1809,0
T008745,C0048,2026-01-16,08:06,Starbucks,42.82,Charlotte NC,Credit Card,1087,0
T008746,C0075,2026-01-07,22:30,Walmart,333.01,Miami FL,Credit Card,1227,0
T008747,C0073,2026-03-25,08:12,Amazon,28.12,Marietta GA,Credit Card,1087,0
T008748,C0084,2026-01-03,11:01,CVS,411.86,Atlanta GA,Debit Card,1788,0
T008749,C0098,2026-03-26,22:40,Home Depot,330.28,Marietta GA,Debit Card,272,0
T008750,C0070,2026-02-10,22:26,Target,105.94,Jonesboro GA,Credit Card,397,0
T008751,C0070,2026-03-11,22:49,Amazon,184.36,Jonesboro GA,Credit Card,955,0
T008752,C0063,2026-03-13,21:36,CVS,231.35,Savannah GA,Credit Card,135,0
T008753,C0023,2026-01-21,12:41,Shell,134.33,Jonesboro GA,Debit Card,735,0
T008754,C0074,2026-02-04,06:44,Home Depot,139.54,Charlotte NC,Debit Card,1515,0
T008755,C0100,2026-01-19,07:51,CVS,19.49,Marietta GA,Debit Card,1022,0
T008756,C0048,2026-03-23,14:35,Shell,463.63,Marietta GA,Credit Card,1223,0
T008757,C0071,2026-03-11,23:49,Walmart,234.5,Atlanta GA,Debit Card,1770,0
T008758,C0027,2026-03-21,18:22,Best Buy,171.25,Marietta GA,Credit Card,1595,0
T008759,C0066,2026-02-01,14:34,Best Buy,140.21,Savannah GA,Credit Card,1771,0
T008760,C0033,2026-02-28,12:41,Publix,124.63,Jonesboro GA,Debit Card,1577,0
T008761,C0023,2026-03-29,20:03,Best Buy,133.99,Marietta GA,Credit Card,1067,0
T008762,C0086,2026-03-17,18:26,Target,182.88,Atlanta GA,Debit Card,1679,0
T008763,C0012,2026-03-08,14:59,Shell,197.55,Jonesboro GA,Debit Card,1228,0
T008764,C0008,2026-01-07,21:02,Home Depot,237.94,Charlotte NC,Debit Card,816,0
T008765,C0015,2026-01-22,12:52,Target,469.73,Jonesboro GA,Credit Card,1341,0
T008766,C0044,2026-02-14,22:21,CVS,191.62,Savannah GA,Credit Card,1779,0
T008767,C0046,2026-03-27,15:18,Starbucks,16.33,Marietta GA,Debit Card,469,0
T008768,C0056,2026-02-06,23:42,Walmart,269.37,Charlotte NC,Debit Card,1469,0
T008769,C0092,2026-03-05,15:20,Best Buy,268.9,Charlotte NC,Credit Card,930,0
T008770,C0096,2026-01-17,19:41,Publix,264.01,Savannah GA,Debit Card,467,0
T008771,C0056,2026-03-06,21:14,CVS,319.48,Charlotte NC,Credit Card,1357,0
T008772,C0007,2026-03-31,07:29,Amazon,483.25,Savannah GA,Debit Card,989,0
T008773,C0036,2026-02-08,06:36,Best Buy,111.44,Savannah GA,Debit Card,1477,0
T008774,C0088,2026-01-04,09:44,PetSmart,172.29,Atlanta GA,Debit Card,1406,0
T008775,C0026,2026-01-30,08:49,Amazon,432.8,Marietta GA,Debit Card,992,0
T008776,C0093,2026-03-21,19:44,Starbucks,351.32,Charlotte NC,Debit Card,488,0
T008777,C0013,2026-02-02,06:48,Home Depot,121.02,Miami FL,Debit Card,327,0
T008778,C0051,2026-03-08,16:55,Target,65.56,Charlotte NC,Credit Card,341,0
T008779,C0049,2026-01-06,20:44,Amazon,460.35,Marietta GA,Credit Card,1989,0
T008780,C0067,2026-03-12,15:26,Publix,259.6,Savannah GA,Debit Card,318,0
T008781,C0005,2026-03-31,08:05,Publix,14.16,Jonesboro GA,Credit Card,1091,0
T008782,C0054,2026-02-21,13:47,Best Buy,237.6,Miami FL,Credit Card,651,0
T008783,C0006,2026-02-26,20:46,Target,144.99,Miami FL,Credit Card,554,0
T008784,C0014,2026-03-24,17:57,Home Depot,234.27,Atlanta GA,Credit Card,1650,0
T008785,C0096,2026-03-09,11:47,Target,297.02,Marietta GA,Credit Card,1132,0
T008786,C0072,2026-02-04,12:50,Starbucks,350.82,Savannah GA,Debit Card,1250,0
T008787,C0034,2026-01-14,23:51,Best Buy,226.11,Marietta GA,Debit Card,1448,0
T008788,C0068,2026-02-05,21:14,Best Buy,162.08,Charlotte NC,Credit Card,1745,0
T008789,C0060,2026-03-30,20:11,Shell,59.97,Jonesboro GA,Debit Card,948,0
T008790,C0034,2026-03-30,23:01,PetSmart,66.34,Miami FL,Credit Card,935,0
T008791,C0010,2026-03-07,09:43,Starbucks,214.86,Marietta GA,Credit Card,326,0
T008792,C0093,2026-01-21,13:28,Target,138.83,Jonesboro GA,Debit Card,532,0
T008793,C0076,2026-01-03,14:43,CVS,333.62,Savannah GA,Debit Card,240,0
T008794,C0033,2026-02-20,14:12,Publix,46.48,Miami FL,Debit Card,338,0
T008795,C0032,2026-01-17,22:29,Publix,202.25,Miami FL,Credit Card,955,0
T008796,C0042,2026-01-02,15:09,Publix,23.55,Jonesboro GA,Debit Card,168,0
T008797,C0001,2026-03-08,22:21,CVS,297.37,Miami FL,Debit Card,970,0
T008798,C0053,2026-03-26,18:43,Walmart,359.68,Atlanta GA,Debit Card,935,0
T008799,C0074,2026-03-10,12:24,Amazon,249.24,Miami FL,Credit Card,1337,0
T008800,C0092,2026-03-18,07:45,Walmart,292.88,Charlotte NC,Debit Card,1771,0
T008801,C0073,2026-03-05,22:15,PetSmart,407.51,Charlotte NC,Credit Card,1968,0
T008802,C0090,2026-01-14,12:25,Amazon,440.47,Miami FL,Credit Card,1830,0
T008803,C0017,2026-02-12,10:45,Shell,45.46,Atlanta GA,Credit Card,1477,0
T008804,C0049,2026-02-02,16:26,Shell,146.52,Savannah GA,Debit Card,1445,0
T008805,C0025,2026-02-09,18:29,Starbucks,16.12,Marietta GA,Debit Card,1538,0
T008806,C0067,2026-03-13,06:48,Home Depot,252.92,Charlotte NC,Debit Card,1729,0
T008807,C0048,2026-01-24,06:01,CVS,242.18,Jonesboro GA,Debit Card,291,0
T008808,C0069,2026-01-29,20:55,CVS,116.11,Charlotte NC,Credit Card,222,0
T008809,C0038,2026-03-06,22:03,Starbucks,100.3,Charlotte NC,Debit Card,1645,0
T008810,C0016,2026-01-23,14:38,Amazon,433.68,Charlotte NC,Debit Card,351,0
T008811,C0069,2026-03-15,18:38,Home Depot,392.31,Jonesboro GA,Credit Card,1606,0
T008812,C0054,2026-02-13,13:40,Publix,266.81,Savannah GA,Credit Card,983,0
T008813,C0041,2026-01-18,08:52,Target,10.9,Marietta GA,Credit Card,1781,0
T008814,C0041,2026-01-01,11:58,CVS,168.33,Charlotte NC,Credit Card,406,0
T008815,C0020,2026-03-24,08:15,Shell,119.3,Savannah GA,Credit Card,1630,0
T008816,C0094,2026-03-10,15:00,Amazon,34.49,Savannah GA,Credit Card,1291,0
T008817,C0088,2026-01-30,23:54,Best Buy,288.31,Jonesboro GA,Credit Card,771,0
T008818,C0042,2026-01-25,11:49,Publix,315.52,Atlanta GA,Debit Card,1804,0
T008819,C0098,2026-02-08,14:43,Walmart,330.75,Atlanta GA,Credit Card,1640,0
T008820,C0092,2026-02-19,09:00,CVS,24.56,Atlanta GA,Credit Card,1078,0
T008821,C0048,2026-01-16,12:26,Publix,32.09,Charlotte NC,Debit Card,551,0
T008822,C0001,2026-01-14,09:32,Best Buy,190.44,Jonesboro GA,Credit Card,309,0
T008823,C0024,2026-01-22,17:03,Starbucks,116.05,Jonesboro GA,Credit Card,189,0
T008824,C0004,2026-01-21,09:13,Starbucks,101.38,Marietta GA,Credit Card,1195,0
T008825,C0074,2026-03-06,09:18,Starbucks,463.6,Charlotte NC,Debit Card,412,0
T008826,C0064,2026-01-13,14:50,Amazon,90.17,Jonesboro GA,Credit Card,1947,0
T008827,C0080,2026-01-11,16:14,Target,30.94,Savannah GA,Credit Card,1427,0
T008828,C0019,2026-03-06,15:42,Target,307.29,Atlanta GA,Debit Card,1648,0
T008829,C0023,2026-02-01,16:53,Home Depot,466.45,Atlanta GA,Debit Card,276,0
T008830,C0092,2026-01-16,20:38,CVS,345.4,Charlotte NC,Debit Card,1644,0
T008831,C0069,2026-03-27,09:38,Target,124.57,Savannah GA,Debit Card,1699,0
T008832,C0084,2026-01-27,09:52,Target,141.8,Atlanta GA,Debit Card,920,0
T008833,C0089,2026-01-15,06:59,PetSmart,335.5,Atlanta GA,Credit Card,2000,0
T008834,C0039,2026-02-22,14:42,Home Depot,408.49,Miami FL,Credit Card,742,0
T008835,C0049,2026-03-20,23:12,Starbucks,316.74,Charlotte NC,Credit Card,1324,0
T008836,C0023,2026-01-19,12:39,PetSmart,384.51,Marietta GA,Debit Card,963,0
T008837,C0017,2026-03-23,16:24,Publix,30.43,Charlotte NC,Credit Card,748,0
T008838,C0053,2026-02-24,20:53,PetSmart,440.77,Miami FL,Credit Card,176,0
T008839,C0019,2026-01-03,09:14,PetSmart,402.93,Miami FL,Debit Card,74,0
T008840,C0045,2026-01-26,13:41,CVS,163.98,Savannah GA,Credit Card,1560,0
T008841,C0022,2026-02-28,12:01,Shell,403.88,Charlotte NC,Debit Card,841,0
T008842,C0072,2026-02-25,09:36,Best Buy,482.23,Miami FL,Debit Card,404,0
T008843,C0008,2026-02-14,15:02,Starbucks,273.84,Charlotte NC,Credit Card,579,0
T008844,C0002,2026-02-19,22:42,Starbucks,217.14,Savannah GA,Credit Card,553,0
T008845,C0041,2026-03-25,10:10,Walmart,399.36,Atlanta GA,Debit Card,731,0
T008846,C0070,2026-01-03,19:00,Shell,313.34,Miami FL,Credit Card,624,0
T008847,C0043,2026-03-12,08:18,CVS,354.71,Miami FL,Credit Card,1873,0
T008848,C0061,2026-03-01,09:53,Walmart,154.05,Jonesboro GA,Debit Card,1020,0
T008849,C0019,2026-03-07,09:20,CVS,203.1,Atlanta GA,Credit Card,1716,0
T008850,C0032,2026-03-11,15:52,Amazon,116.53,Jonesboro GA,Debit Card,456,0
T008851,C0003,2026-02-28,22:32,CVS,211.66,Charlotte NC,Credit Card,1364,0
T008852,C0026,2026-01-23,07:32,Amazon,490.73,Atlanta GA,Credit Card,728,0
T008853,C0089,2026-02-13,22:00,Starbucks,203.05,Atlanta GA,Debit Card,417,0
T008854,C0034,2026-02-15,19:22,Shell,270.87,Atlanta GA,Debit Card,1533,0
T008855,C0079,2026-03-31,13:49,Publix,374.71,Atlanta GA,Debit Card,1270,0
T008856,C0099,2026-02-07,15:55,Publix,494.29,Atlanta GA,Debit Card,1812,0
T008857,C0091,2026-01-03,17:17,CVS,378.69,Charlotte NC,Credit Card,685,0
T008858,C0047,2026-03-09,12:04,Shell,95.38,Miami FL,Credit Card,1739,0
T008859,C0013,2026-03-16,15:57,PetSmart,464.89,Charlotte NC,Debit Card,582,0
T008860,C0017,2026-03-23,16:42,Starbucks,74.62,Miami FL,Credit Card,1055,0
T008861,C0059,2026-03-18,19:47,Shell,475.41,Marietta GA,Debit Card,479,0
T008862,C0001,2026-02-13,06:36,Shell,412.67,Miami FL,Debit Card,1650,0
T008863,C0039,2026-01-09,19:12,PetSmart,356.53,Miami FL,Debit Card,1148,0
T008864,C0071,2026-02-13,11:22,Starbucks,11.63,Miami FL,Credit Card,239,0
T008865,C0022,2026-02-01,09:05,Target,193.67,Atlanta GA,Debit Card,918,0
T008866,C0049,2026-03-22,19:55,Publix,115.26,Jonesboro GA,Debit Card,485,0
T008867,C0001,2026-01-25,12:20,Walmart,411.13,Charlotte NC,Debit Card,1219,0
T008868,C0006,2026-01-02,20:42,Target,411.89,Jonesboro GA,Debit Card,1864,0
T008869,C0081,2026-01-12,14:59,Publix,285.64,Jonesboro GA,Debit Card,828,0
T008870,C0094,2026-01-19,22:12,PetSmart,311.42,Marietta GA,Debit Card,1508,0
T008871,C0087,2026-03-02,20:16,CVS,187.43,Savannah GA,Credit Card,1463,0
T008872,C0013,2026-02-16,19:43,Best Buy,460.57,Atlanta GA,Debit Card,835,0
T008873,C0097,2026-02-20,12:15,Publix,158.42,Savannah GA,Debit Card,814,0
T008874,C0046,2026-01-15,08:03,Publix,61.71,Miami FL,Debit Card,895,0
T008875,C0074,2026-03-20,11:17,Best Buy,301.59,Savannah GA,Debit Card,1855,0
T008876,C0075,2026-01-26,19:38,Best Buy,159.04,Marietta GA,Credit Card,1908,0
T008877,C0023,2026-01-24,22:13,Home Depot,175.61,Jonesboro GA,Credit Card,1047,0
T008878,C0077,2026-01-09,21:47,Shell,317.27,Savannah GA,Debit Card,471,0
T008879,C0029,2026-03-02,23:27,Amazon,62.31,Savannah GA,Credit Card,1008,0
T008880,C0050,2026-02-12,07:13,Walmart,144.96,Jonesboro GA,Credit Card,702,0
T008881,C0071,2026-03-20,23:40,Target,460.7,Savannah GA,Debit Card,1895,0
T008882,C0082,2026-02-09,18:19,Walmart,59.0,Charlotte NC,Debit Card,1165,0
T008883,C0064,2026-02-20,15:27,Best Buy,428.61,Atlanta GA,Debit Card,1666,0
T008884,C0004,2026-02-06,10:34,Amazon,332.31,Savannah GA,Credit Card,1627,0
T008885,C0056,2026-03-21,10:05,Best Buy,252.17,Marietta GA,Credit Card,965,0
T008886,C0029,2026-02-23,20:14,Best Buy,490.04,Savannah GA,Debit Card,1273,0
T008887,C0008,2026-01-21,21:43,Best Buy,466.09,Charlotte NC,Credit Card,1043,0
T008888,C0097,2026-02-27,19:04,Starbucks,209.69,Charlotte NC,Credit Card,1960,0
T008889,C0034,2026-03-30,21:40,PetSmart,208.56,Charlotte NC,Debit Card,272,0
T008890,C0054,2026-01-15,10:52,Shell,83.11,Atlanta GA,Credit Card,430,0
T008891,C0033,2026-02-13,20:11,CVS,408.16,Charlotte NC,Debit Card,576,0
T008892,C0089,2026-02-04,23:45,Shell,230.42,Miami FL,Credit Card,1890,0
T008893,C0024,2026-03-23,08:01,Best Buy,400.94,Atlanta GA,Debit Card,1214,0
T008894,C0077,2026-01-10,23:15,Publix,258.85,Charlotte NC,Debit Card,447,0
T008895,C0067,2026-01-31,09:22,Walmart,114.44,Savannah GA,Credit Card,836,0
T008896,C0098,2026-02-01,07:34,Best Buy,173.39,Savannah GA,Credit Card,1629,0
T008897,C0043,2026-02-19,07:25,Target,273.83,Miami FL,Credit Card,1194,0
T008898,C0052,2026-03-15,08:04,Starbucks,211.26,Jonesboro GA,Debit Card,117,0
T008899,C0025,2026-03-09,18:13,Walmart,437.98,Miami FL,Debit Card,1167,0
T008900,C0089,2026-02-04,09:59,Walmart,404.42,Jonesboro GA,Credit Card,826,0
T008901,C0010,2026-01-01,18:12,Best Buy,104.6,Savannah GA,Credit Card,701,0
T008902,C0037,2026-02-23,08:40,Home Depot,288.84,Jonesboro GA,Credit Card,1686,0
T008903,C0097,2026-01-01,16:54,Walmart,259.92,Jonesboro GA,Credit Card,1366,0
T008904,C0062,2026-02-02,07:10,Shell,183.31,Charlotte NC,Debit Card,644,0
T008905,C0098,2026-01-28,23:38,CVS,37.99,Marietta GA,Debit Card,1255,0
T008906,C0098,2026-02-06,14:43,Starbucks,172.47,Savannah GA,Credit Card,580,0
T008907,C0044,2026-02-26,12:41,Home Depot,174.25,Charlotte NC,Credit Card,157,0
T008908,C0016,2026-01-10,14:44,CVS,70.45,Charlotte NC,Debit Card,752,0
T008909,C0087,2026-02-17,18:27,PetSmart,415.85,Charlotte NC,Credit Card,497,0
T008910,C0056,2026-03-08,08:26,Amazon,59.7,Atlanta GA,Debit Card,430,0
T008911,C0057,2026-01-12,20:15,CVS,118.15,Miami FL,Debit Card,433,0
T008912,C0097,2026-03-22,13:25,Amazon,201.02,Miami FL,Debit Card,1199,0
T008913,C0098,2026-03-22,07:50,Publix,367.16,Savannah GA,Credit Card,264,0
T008914,C0043,2026-01-16,19:09,Walmart,138.88,Charlotte NC,Credit Card,1278,0
T008915,C0023,2026-01-16,13:16,Amazon,205.53,Charlotte NC,Debit Card,1698,0
T008916,C0025,2026-01-23,06:56,Amazon,48.78,Jonesboro GA,Debit Card,690,0
T008917,C0063,2026-01-29,23:27,Shell,410.96,Miami FL,Credit Card,35,0
T008918,C0049,2026-03-27,22:28,Home Depot,384.43,Marietta GA,Debit Card,98,0
T008919,C0019,2026-03-30,16:56,Shell,158.28,Jonesboro GA,Debit Card,1593,0
T008920,C0030,2026-03-23,07:30,Target,237.86,Charlotte NC,Credit Card,90,0
T008921,C0002,2026-02-25,20:19,CVS,276.83,Savannah GA,Credit Card,570,0
T008922,C0030,2026-03-25,21:58,Publix,142.49,Miami FL,Credit Card,175,0
T008923,C0053,2026-02-19,06:26,Target,107.31,Jonesboro GA,Debit Card,1420,0
T008924,C0011,2026-03-29,11:13,Walmart,422.78,Charlotte NC,Credit Card,172,0
T008925,C0024,2026-03-05,11:27,Amazon,445.77,Atlanta GA,Credit Card,1061,0
T008926,C0037,2026-02-22,07:12,PetSmart,273.53,Marietta GA,Credit Card,731,0
T008927,C0004,2026-01-06,18:09,Amazon,484.95,Charlotte NC,Debit Card,1069,0
T008928,C0093,2026-02-07,23:21,CVS,140.9,Jonesboro GA,Credit Card,1696,0
T008929,C0013,2026-03-13,13:37,Target,265.07,Charlotte NC,Debit Card,357,0
T008930,C0010,2026-03-05,23:22,Target,318.4,Jonesboro GA,Credit Card,1111,0
T008931,C0058,2026-03-03,19:59,Amazon,196.42,Marietta GA,Debit Card,1536,0
T008932,C0052,2026-01-04,21:13,Home Depot,31.96,Marietta GA,Credit Card,996,0
T008933,C0002,2026-02-07,19:54,Amazon,398.53,Miami FL,Debit Card,580,0
T008934,C0030,2026-03-08,11:23,Home Depot,13.35,Charlotte NC,Debit Card,1407,0
T008935,C0058,2026-02-13,17:16,Walmart,450.35,Jonesboro GA,Debit Card,365,0
T008936,C0072,2026-01-23,09:03,Amazon,316.2,Jonesboro GA,Debit Card,1220,0
T008937,C0035,2026-02-06,20:53,Amazon,177.43,Miami FL,Credit Card,1670,0
T008938,C0076,2026-01-16,22:48,Shell,8.26,Charlotte NC,Credit Card,1729,0
T008939,C0055,2026-03-01,17:50,Walmart,386.91,Miami FL,Credit Card,1493,0
T008940,C0029,2026-02-27,19:50,CVS,384.4,Marietta GA,Debit Card,48,0
T008941,C0004,2026-03-07,13:38,Shell,24.71,Marietta GA,Debit Card,872,0
T008942,C0097,2026-03-29,12:50,Publix,317.8,Jonesboro GA,Debit Card,1594,0
T008943,C0066,2026-02-22,13:16,Walmart,112.46,Charlotte NC,Debit Card,938,0
T008944,C0081,2026-01-06,14:49,Target,250.23,Charlotte NC,Debit Card,1698,0
T008945,C0100,2026-03-29,15:16,PetSmart,175.63,Charlotte NC,Credit Card,742,0
T008946,C0017,2026-02-03,09:18,CVS,259.76,Marietta GA,Debit Card,1148,0
T008947,C0001,2026-01-23,09:41,Home Depot,166.54,Savannah GA,Debit Card,1067,0
T008948,C0074,2026-03-03,18:49,Amazon,176.55,Atlanta GA,Credit Card,1096,0
T008949,C0052,2026-01-09,23:59,CVS,402.42,Charlotte NC,Debit Card,602,0
T008950,C0011,2026-01-14,21:57,Best Buy,35.96,Jonesboro GA,Debit Card,1159,0
T008951,C0087,2026-02-21,19:12,PetSmart,19.81,Jonesboro GA,Credit Card,1831,0
T008952,C0017,2026-01-05,11:49,Best Buy,214.32,Marietta GA,Debit Card,726,0
T008953,C0097,2026-01-30,16:30,PetSmart,171.82,Miami FL,Debit Card,1159,0
T008954,C0050,2026-02-24,06:14,Best Buy,451.25,Savannah GA,Debit Card,1916,0
T008955,C0019,2026-03-13,19:05,Target,142.25,Atlanta GA,Credit Card,763,0
T008956,C0036,2026-03-30,09:34,PetSmart,449.98,Miami FL,Debit Card,1419,0
T008957,C0045,2026-03-30,11:30,Target,258.78,Miami FL,Debit Card,1549,0
T008958,C0054,2026-01-29,21:07,Starbucks,257.97,Miami FL,Credit Card,86,0
T008959,C0048,2026-01-26,13:44,CVS,487.41,Savannah GA,Credit Card,1273,0
T008960,C0066,2026-02-01,10:59,Walmart,355.51,Jonesboro GA,Debit Card,1035,0
T008961,C0024,2026-03-04,16:34,Starbucks,350.9,Jonesboro GA,Credit Card,1552,0
T008962,C0092,2026-03-15,18:58,Target,71.32,Atlanta GA,Debit Card,1554,0
T008963,C0079,2026-02-04,20:28,PetSmart,39.9,Atlanta GA,Debit Card,983,0
T008964,C0016,2026-03-20,12:33,Best Buy,345.5,Marietta GA,Credit Card,133,0
T008965,C0077,2026-02-20,09:05,Best Buy,258.16,Marietta GA,Debit Card,1091,0
T008966,C0096,2026-03-29,14:49,CVS,281.48,Atlanta GA,Credit Card,1607,0
T008967,C0092,2026-01-06,22:56,Shell,219.68,Atlanta GA,Credit Card,1879,0
T008968,C0029,2026-03-23,12:23,Publix,144.64,Charlotte NC,Debit Card,1352,0
T008969,C0040,2026-03-12,15:10,Walmart,388.61,Miami FL,Debit Card,1765,0
T008970,C0001,2026-03-20,11:32,Shell,316.12,Miami FL,Debit Card,1044,0
T008971,C0050,2026-02-10,13:48,PetSmart,219.57,Charlotte NC,Debit Card,1096,0
T008972,C0053,2026-02-13,12:48,Best Buy,159.38,Miami FL,Credit Card,1241,0
T008973,C0017,2026-01-26,21:13,Shell,372.71,Atlanta GA,Credit Card,415,0
T008974,C0023,2026-03-08,09:38,Best Buy,420.51,Charlotte NC,Debit Card,1331,0
T008975,C0039,2026-01-19,06:33,Shell,385.13,Jonesboro GA,Credit Card,637,0
T008976,C0018,2026-01-14,10:05,PetSmart,307.04,Marietta GA,Debit Card,676,0
T008977,C0061,2026-03-09,11:36,Home Depot,353.84,Savannah GA,Debit Card,1965,0
T008978,C0056,2026-02-10,10:43,Target,395.88,Marietta GA,Credit Card,1843,0
T008979,C0066,2026-01-07,18:10,PetSmart,64.5,Atlanta GA,Credit Card,615,0
T008980,C0055,2026-01-17,10:22,Publix,316.02,Marietta GA,Credit Card,860,0
T008981,C0020,2026-01-20,10:46,Shell,233.25,Jonesboro GA,Credit Card,1909,0
T008982,C0005,2026-02-23,19:50,Best Buy,133.9,Savannah GA,Debit Card,1044,0
T008983,C0007,2026-01-09,07:36,Amazon,222.72,Savannah GA,Credit Card,1885,0
T008984,C0048,2026-03-06,22:46,Publix,120.65,Savannah GA,Debit Card,294,0
T008985,C0044,2026-02-28,08:06,PetSmart,345.45,Miami FL,Debit Card,1003,0
T008986,C0083,2026-03-31,18:39,Target,427.59,Charlotte NC,Debit Card,248,0
T008987,C0089,2026-03-11,08:32,Target,421.76,Charlotte NC,Debit Card,1177,0
T008988,C0063,2026-03-17,09:33,Publix,182.91,Miami FL,Credit Card,1321,0
T008989,C0055,2026-02-04,07:32,Starbucks,235.92,Marietta GA,Credit Card,1356,0
T008990,C0060,2026-02-14,18:53,Target,241.03,Miami FL,Debit Card,1827,0
T008991,C0023,2026-02-03,21:45,Target,415.1,Atlanta GA,Credit Card,1636,0
T008992,C0009,2026-02-12,19:33,CVS,219.94,Jonesboro GA,Credit Card,724,0
T008993,C0076,2026-01-01,23:59,Walmart,451.09,Atlanta GA,Credit Card,883,0
T008994,C0009,2026-01-07,10:50,Shell,296.59,Savannah GA,Credit Card,1792,0
T008995,C0059,2026-03-06,12:28,Shell,238.08,Marietta GA,Credit Card,1358,0
T008996,C0055,2026-02-05,21:00,Starbucks,363.23,Marietta GA,Credit Card,220,0
T008997,C0019,2026-02-22,11:39,Best Buy,375.05,Charlotte NC,Credit Card,293,0
T008998,C0052,2026-02-19,10:03,Best Buy,447.87,Miami FL,Credit Card,222,0
T008999,C0030,2026-03-07,21:27,Shell,129.48,Marietta GA,Credit Card,499,0
T009000,C0004,2026-03-06,09:05,Starbucks,499.81,Charlotte NC,Debit Card,1158,0
T009001,C0003,2026-03-11,16:12,Amazon,345.36,Atlanta GA,Debit Card,776,0
T009002,C0076,2026-01-24,19:15,Target,463.45,Marietta GA,Debit Card,1049,0
T009003,C0094,2026-03-29,09:38,Shell,152.02,Savannah GA,Credit Card,1096,0
T009004,C0064,2026-01-16,21:09,Home Depot,110.61,Atlanta GA,Credit Card,434,0
T009005,C0098,2026-01-29,11:45,Starbucks,323.33,Miami FL,Credit Card,1462,0
T009006,C0059,2026-03-09,21:03,Publix,389.38,Jonesboro GA,Credit Card,792,0
T009007,C0041,2026-02-12,15:31,Shell,399.57,Jonesboro GA,Credit Card,691,0
T009008,C0046,2026-01-26,19:53,Amazon,490.18,Marietta GA,Debit Card,1298,0
T009009,C0006,2026-02-08,09:17,PetSmart,363.78,Atlanta GA,Credit Card,1411,0
T009010,C0014,2026-03-02,23:29,Walmart,433.15,Charlotte NC,Debit Card,1083,0
T009011,C0073,2026-03-30,18:58,Best Buy,371.12,Savannah GA,Debit Card,51,0
T009012,C0001,2026-03-19,15:08,Shell,174.21,Jonesboro GA,Debit Card,1046,0
T009013,C0048,2026-01-22,18:54,Amazon,230.1,Savannah GA,Credit Card,1892,0
T009014,C0089,2026-02-02,15:17,CVS,228.25,Jonesboro GA,Credit Card,1196,0
T009015,C0061,2026-03-17,16:59,Target,191.95,Marietta GA,Credit Card,179,0
T009016,C0038,2026-01-06,07:37,Amazon,462.64,Savannah GA,Credit Card,227,0
T009017,C0100,2026-02-09,07:08,Starbucks,121.69,Jonesboro GA,Debit Card,1261,0
T009018,C0063,2026-03-19,21:01,Walmart,121.86,Miami FL,Debit Card,1952,0
T009019,C0056,2026-03-05,14:35,Shell,106.63,Atlanta GA,Credit Card,1207,0
T009020,C0051,2026-01-29,21:24,PetSmart,217.09,Miami FL,Credit Card,1276,0
T009021,C0017,2026-03-15,13:07,Shell,8.11,Savannah GA,Credit Card,1147,0
T009022,C0003,2026-03-19,15:01,Shell,389.51,Charlotte NC,Debit Card,700,0
T009023,C0005,2026-03-19,06:26,Publix,294.78,Atlanta GA,Debit Card,1589,0
T009024,C0008,2026-01-21,20:00,Amazon,318.6,Jonesboro GA,Debit Card,1854,0
T009025,C0050,2026-03-18,09:31,Target,24.6,Atlanta GA,Debit Card,1680,0
T009026,C0014,2026-01-20,23:56,CVS,126.09,Charlotte NC,Debit Card,226,0
T009027,C0060,2026-03-20,23:33,PetSmart,8.01,Charlotte NC,Debit Card,667,0
T009028,C0061,2026-01-10,09:23,CVS,330.11,Savannah GA,Debit Card,1540,0
T009029,C0038,2026-01-28,13:44,Publix,213.42,Charlotte NC,Credit Card,1342,0
T009030,C0076,2026-03-01,06:02,Home Depot,195.94,Marietta GA,Credit Card,1244,0
T009031,C0059,2026-01-18,23:43,Shell,277.96,Atlanta GA,Debit Card,1848,0
T009032,C0091,2026-01-13,23:34,PetSmart,247.32,Charlotte NC,Debit Card,971,0
T009033,C0024,2026-02-14,21:53,Amazon,173.79,Atlanta GA,Debit Card,1154,0
T009034,C0053,2026-02-02,09:47,Target,430.57,Savannah GA,Debit Card,1668,0
T009035,C0026,2026-01-22,06:26,Walmart,466.26,Atlanta GA,Credit Card,628,0
T009036,C0052,2026-03-04,11:39,Starbucks,327.22,Atlanta GA,Debit Card,1056,0
T009037,C0031,2026-01-04,11:54,Best Buy,358.16,Atlanta GA,Debit Card,1060,0
T009038,C0090,2026-03-07,06:11,Starbucks,104.62,Miami FL,Debit Card,922,0
T009039,C0040,2026-03-13,07:14,CVS,417.49,Charlotte NC,Credit Card,182,0
T009040,C0045,2026-02-25,16:41,Target,89.03,Charlotte NC,Credit Card,1633,0
T009041,C0068,2026-03-16,11:22,Target,234.06,Charlotte NC,Debit Card,988,0
T009042,C0068,2026-03-09,09:08,Amazon,489.65,Savannah GA,Credit Card,485,0
T009043,C0003,2026-02-11,10:27,Publix,78.51,Charlotte NC,Credit Card,129,0
T009044,C0006,2026-01-14,11:58,Target,272.02,Charlotte NC,Credit Card,1876,0
T009045,C0032,2026-03-13,07:59,Walmart,264.84,Savannah GA,Credit Card,1719,0
T009046,C0010,2026-03-22,12:47,Starbucks,72.42,Marietta GA,Credit Card,1616,0
T009047,C0097,2026-01-13,07:04,Best Buy,475.13,Jonesboro GA,Credit Card,94,0
T009048,C0057,2026-01-07,17:45,Shell,454.42,Jonesboro GA,Credit Card,134,0
T009049,C0005,2026-03-22,20:07,CVS,38.08,Miami FL,Credit Card,688,0
T009050,C0065,2026-01-11,08:53,Walmart,315.75,Miami FL,Debit Card,1826,0
T009051,C0042,2026-01-21,16:03,Walmart,58.1,Charlotte NC,Debit Card,1748,0
T009052,C0010,2026-02-12,07:33,Target,389.8,Marietta GA,Debit Card,402,0
T009053,C0051,2026-03-17,21:15,PetSmart,285.23,Atlanta GA,Credit Card,1172,0
T009054,C0002,2026-01-31,21:58,PetSmart,145.7,Miami FL,Credit Card,1859,0
T009055,C0014,2026-01-15,15:07,CVS,141.55,Atlanta GA,Credit Card,553,0
T009056,C0049,2026-02-10,19:04,Home Depot,394.89,Miami FL,Credit Card,116,0
T009057,C0073,2026-02-07,23:46,Publix,397.92,Miami FL,Credit Card,520,0
T009058,C0044,2026-01-30,19:47,CVS,236.45,Atlanta GA,Credit Card,408,0
T009059,C0039,2026-01-30,12:46,PetSmart,180.21,Miami FL,Credit Card,1382,0
T009060,C0093,2026-03-15,08:57,Shell,11.69,Savannah GA,Debit Card,1021,0
T009061,C0071,2026-03-24,18:59,Amazon,99.77,Jonesboro GA,Debit Card,1752,0
T009062,C0035,2026-02-12,22:35,Walmart,266.09,Charlotte NC,Debit Card,179,0
T009063,C0013,2026-01-11,21:01,Home Depot,227.85,Jonesboro GA,Debit Card,936,0
T009064,C0058,2026-02-25,10:58,Publix,498.51,Savannah GA,Debit Card,975,0
T009065,C0010,2026-01-05,15:11,Walmart,56.19,Charlotte NC,Debit Card,1623,0
T009066,C0098,2026-02-14,13:35,Walmart,239.02,Marietta GA,Credit Card,829,0
T009067,C0068,2026-03-01,23:01,Starbucks,164.33,Miami FL,Credit Card,49,0
T009068,C0093,2026-02-24,06:03,PetSmart,445.53,Charlotte NC,Debit Card,1712,0
T009069,C0067,2026-02-11,16:03,Publix,358.5,Marietta GA,Debit Card,1558,0
T009070,C0057,2026-02-09,13:48,Shell,132.97,Miami FL,Credit Card,1239,0
T009071,C0034,2026-01-23,19:49,Shell,202.94,Savannah GA,Credit Card,473,0
T009072,C0077,2026-01-30,23:56,Publix,358.72,Atlanta GA,Credit Card,1921,0
T009073,C0030,2026-02-10,16:57,Amazon,474.9,Jonesboro GA,Debit Card,399,0
T009074,C0074,2026-03-28,20:05,CVS,233.27,Marietta GA,Debit Card,419,0
T009075,C0048,2026-02-20,06:03,Home Depot,63.1,Miami FL,Debit Card,195,0
T009076,C0027,2026-03-28,21:32,Target,411.9,Atlanta GA,Credit Card,941,0
T009077,C0009,2026-03-09,11:36,Home Depot,334.64,Savannah GA,Debit Card,1778,0
T009078,C0031,2026-02-27,21:09,Walmart,461.71,Miami FL,Credit Card,1707,0
T009079,C0041,2026-01-07,06:54,Home Depot,408.75,Jonesboro GA,Credit Card,879,0
T009080,C0024,2026-02-19,18:00,Publix,207.11,Atlanta GA,Debit Card,714,0
T009081,C0001,2026-01-24,17:47,Best Buy,468.43,Miami FL,Credit Card,787,0
T009082,C0094,2026-03-23,23:16,Starbucks,102.82,Miami FL,Debit Card,82,0
T009083,C0057,2026-01-23,14:52,Walmart,292.84,Jonesboro GA,Credit Card,277,0
T009084,C0053,2026-01-25,21:36,Target,499.38,Savannah GA,Debit Card,1326,0
T009085,C0057,2026-01-29,12:48,Amazon,167.68,Atlanta GA,Credit Card,144,0
T009086,C0015,2026-03-09,19:18,CVS,66.54,Marietta GA,Debit Card,947,0
T009087,C0003,2026-02-10,07:10,Shell,371.72,Miami FL,Debit Card,448,0
T009088,C0011,2026-03-04,09:54,Amazon,356.16,Savannah GA,Debit Card,735,0
T009089,C0049,2026-01-13,16:47,Publix,411.35,Atlanta GA,Credit Card,1479,0
T009090,C0004,2026-01-29,22:09,Walmart,279.6,Savannah GA,Debit Card,923,0
T009091,C0069,2026-01-19,09:58,Starbucks,75.82,Atlanta GA,Credit Card,682,0
T009092,C0019,2026-03-28,19:43,Best Buy,244.46,Marietta GA,Credit Card,996,0
T009093,C0074,2026-03-01,09:46,Publix,159.95,Charlotte NC,Debit Card,1579,0
T009094,C0065,2026-01-03,06:27,Best Buy,74.64,Miami FL,Debit Card,1769,0
T009095,C0077,2026-03-07,20:51,PetSmart,174.65,Marietta GA,Debit Card,1499,0
T009096,C0083,2026-03-26,12:07,CVS,426.54,Jonesboro GA,Credit Card,1325,0
T009097,C0045,2026-03-23,23:05,Target,438.9,Atlanta GA,Credit Card,1681,0
T009098,C0064,2026-02-12,20:04,Home Depot,498.0,Marietta GA,Credit Card,1886,0
T009099,C0080,2026-02-22,19:46,Walmart,347.76,Miami FL,Credit Card,256,0
T009100,C0062,2026-03-07,13:51,Best Buy,265.28,Jonesboro GA,Credit Card,983,0
T009101,C0049,2026-02-27,08:08,Walmart,326.78,Savannah GA,Credit Card,1979,0
T009102,C0046,2026-02-14,23:16,Publix,446.57,Charlotte NC,Credit Card,1204,0
T009103,C0026,2026-01-21,19:17,CVS,478.55,Atlanta GA,Debit Card,1976,0
T009104,C0008,2026-02-04,15:13,Home Depot,465.89,Marietta GA,Debit Card,592,0
T009105,C0008,2026-02-10,08:03,Starbucks,345.46,Miami FL,Debit Card,1076,0
T009106,C0059,2026-02-25,18:46,PetSmart,160.34,Atlanta GA,Debit Card,1426,0
T009107,C0032,2026-03-06,08:34,Publix,422.15,Savannah GA,Credit Card,898,0
T009108,C0098,2026-03-01,12:35,Home Depot,35.19,Marietta GA,Credit Card,1533,0
T009109,C0088,2026-01-01,09:07,Best Buy,120.5,Jonesboro GA,Debit Card,300,0
T009110,C0051,2026-02-28,10:08,CVS,264.89,Miami FL,Credit Card,566,0
T009111,C0074,2026-03-28,13:19,PetSmart,476.83,Savannah GA,Credit Card,1700,0
T009112,C0069,2026-01-29,09:01,PetSmart,26.6,Savannah GA,Debit Card,1491,0
T009113,C0080,2026-01-26,08:58,Home Depot,134.23,Savannah GA,Credit Card,282,0
T009114,C0041,2026-02-12,10:11,PetSmart,387.16,Atlanta GA,Credit Card,1804,0
T009115,C0059,2026-02-03,19:27,Target,204.22,Charlotte NC,Credit Card,1753,0
T009116,C0056,2026-01-05,15:11,Publix,273.16,Savannah GA,Debit Card,1333,0
T009117,C0092,2026-02-26,14:37,CVS,111.44,Atlanta GA,Credit Card,1957,0
T009118,C0058,2026-03-05,08:10,Amazon,184.75,Savannah GA,Debit Card,1716,0
T009119,C0011,2026-02-08,08:20,Starbucks,219.13,Jonesboro GA,Debit Card,750,0
T009120,C0061,2026-01-09,08:15,Starbucks,479.12,Atlanta GA,Credit Card,1223,0
T009121,C0049,2026-03-06,11:36,Home Depot,88.57,Marietta GA,Credit Card,954,0
T009122,C0056,2026-01-03,21:51,PetSmart,93.46,Charlotte NC,Credit Card,1982,0
T009123,C0011,2026-03-24,13:12,Target,18.72,Marietta GA,Debit Card,863,0
T009124,C0053,2026-02-06,10:31,Home Depot,410.48,Miami FL,Debit Card,1177,0
T009125,C0027,2026-03-04,12:10,Best Buy,143.18,Savannah GA,Debit Card,1990,0
T009126,C0038,2026-03-15,16:54,Publix,475.62,Savannah GA,Credit Card,778,0
T009127,C0035,2026-02-28,18:02,CVS,240.43,Savannah GA,Debit Card,563,0
T009128,C0009,2026-01-15,21:05,Starbucks,241.69,Miami FL,Credit Card,818,0
T009129,C0075,2026-03-24,23:12,CVS,158.44,Jonesboro GA,Debit Card,1223,0
T009130,C0049,2026-01-02,15:10,Amazon,249.05,Marietta GA,Debit Card,1227,0
T009131,C0088,2026-03-02,09:10,Publix,495.66,Jonesboro GA,Debit Card,131,0
T009132,C0005,2026-01-06,23:02,PetSmart,194.52,Marietta GA,Credit Card,809,0
T009133,C0072,2026-03-23,21:40,Starbucks,126.39,Jonesboro GA,Credit Card,926,0
T009134,C0051,2026-03-21,23:14,PetSmart,67.95,Jonesboro GA,Credit Card,1212,0
T009135,C0013,2026-01-07,17:32,Home Depot,305.58,Savannah GA,Debit Card,1114,0
T009136,C0039,2026-02-05,19:52,Target,258.8,Miami FL,Debit Card,635,0
T009137,C0088,2026-02-04,18:28,Target,421.31,Atlanta GA,Credit Card,123,0
T009138,C0090,2026-03-19,12:34,Walmart,376.81,Savannah GA,Credit Card,1655,0
T009139,C0034,2026-03-30,18:15,PetSmart,19.51,Marietta GA,Credit Card,1050,0
T009140,C0001,2026-01-05,23:08,PetSmart,283.22,Marietta GA,Credit Card,310,0
T009141,C0051,2026-02-13,15:24,Target,156.82,Savannah GA,Credit Card,615,0
T009142,C0079,2026-03-02,17:10,Home Depot,378.87,Jonesboro GA,Credit Card,1710,0
T009143,C0040,2026-02-16,17:01,Walmart,40.72,Charlotte NC,Credit Card,629,0
T009144,C0076,2026-02-06,08:09,Amazon,276.36,Jonesboro GA,Debit Card,1990,0
T009145,C0061,2026-02-16,13:12,PetSmart,420.48,Atlanta GA,Credit Card,1994,0
T009146,C0067,2026-01-31,11:38,PetSmart,332.63,Miami FL,Credit Card,284,0
T009147,C0020,2026-01-11,23:31,Amazon,368.21,Miami FL,Credit Card,599,0
T009148,C0084,2026-01-19,18:10,Walmart,129.75,Atlanta GA,Debit Card,1128,0
T009149,C0094,2026-03-26,21:24,Shell,479.77,Marietta GA,Credit Card,114,0
T009150,C0094,2026-01-18,14:17,Amazon,239.58,Jonesboro GA,Debit Card,1883,0
T009151,C0019,2026-01-21,19:18,Shell,429.61,Savannah GA,Credit Card,1939,0
T009152,C0062,2026-01-29,15:47,Starbucks,322.63,Miami FL,Credit Card,513,0
T009153,C0021,2026-01-20,20:21,Best Buy,94.21,Atlanta GA,Credit Card,798,0
T009154,C0013,2026-02-09,14:42,PetSmart,266.2,Charlotte NC,Debit Card,1887,0
T009155,C0010,2026-03-06,08:46,PetSmart,313.47,Marietta GA,Credit Card,1653,0
T009156,C0066,2026-03-26,10:17,Target,148.05,Charlotte NC,Credit Card,254,0
T009157,C0022,2026-03-19,21:23,CVS,181.32,Savannah GA,Credit Card,359,0
T009158,C0018,2026-03-21,13:37,Home Depot,78.73,Charlotte NC,Credit Card,1033,0
T009159,C0099,2026-03-19,11:39,Shell,409.73,Miami FL,Credit Card,502,0
T009160,C0053,2026-02-05,17:21,PetSmart,416.05,Savannah GA,Debit Card,582,0
T009161,C0099,2026-02-09,10:50,CVS,140.32,Jonesboro GA,Debit Card,1259,0
T009162,C0083,2026-03-13,12:10,PetSmart,77.68,Marietta GA,Debit Card,1652,0
T009163,C0030,2026-03-28,17:23,Amazon,105.39,Jonesboro GA,Credit Card,1442,0
T009164,C0058,2026-03-18,12:57,Amazon,50.72,Savannah GA,Debit Card,186,0
T009165,C0014,2026-02-23,14:22,Best Buy,61.36,Jonesboro GA,Credit Card,1951,0
T009166,C0049,2026-02-26,07:22,CVS,455.65,Savannah GA,Debit Card,1008,0
T009167,C0014,2026-01-12,23:14,PetSmart,312.93,Atlanta GA,Debit Card,1890,0
T009168,C0030,2026-03-22,17:21,Amazon,200.76,Marietta GA,Debit Card,65,0
T009169,C0016,2026-01-08,13:46,Amazon,61.06,Jonesboro GA,Debit Card,563,0
T009170,C0011,2026-03-26,10:01,Target,100.32,Marietta GA,Debit Card,1944,0
T009171,C0085,2026-02-28,13:52,Starbucks,46.1,Marietta GA,Credit Card,1136,0
T009172,C0023,2026-01-06,18:34,Starbucks,388.46,Charlotte NC,Debit Card,836,0
T009173,C0081,2026-01-01,21:01,Home Depot,213.49,Charlotte NC,Debit Card,1309,0
T009174,C0080,2026-03-18,22:54,Best Buy,402.19,Jonesboro GA,Debit Card,957,0
T009175,C0041,2026-03-21,16:36,Best Buy,290.2,Miami FL,Credit Card,1630,0
T009176,C0011,2026-03-09,15:37,Target,311.07,Atlanta GA,Credit Card,1360,0
T009177,C0027,2026-03-14,13:09,Home Depot,12.04,Marietta GA,Debit Card,1942,0
T009178,C0057,2026-02-19,15:54,Publix,310.76,Marietta GA,Credit Card,1055,0
T009179,C0096,2026-01-11,13:46,Best Buy,32.31,Marietta GA,Credit Card,1951,0
T009180,C0097,2026-01-26,11:15,Walmart,391.29,Savannah GA,Debit Card,1259,0
T009181,C0089,2026-03-26,23:24,Best Buy,413.66,Miami FL,Credit Card,808,0
T009182,C0040,2026-02-19,15:53,Target,51.1,Atlanta GA,Debit Card,1467,0
T009183,C0100,2026-01-19,12:39,Shell,304.51,Savannah GA,Debit Card,880,0
T009184,C0100,2026-02-25,06:03,Publix,282.92,Miami FL,Debit Card,1109,0
T009185,C0002,2026-01-24,11:26,Walmart,6.54,Jonesboro GA,Debit Card,112,0
T009186,C0096,2026-03-26,12:58,Walmart,430.12,Miami FL,Debit Card,1183,0
T009187,C0011,2026-02-01,09:56,Amazon,311.72,Charlotte NC,Debit Card,1843,0
T009188,C0003,2026-01-21,06:19,Publix,54.92,Marietta GA,Credit Card,1818,0
T009189,C0095,2026-02-23,09:27,Shell,122.9,Marietta GA,Credit Card,98,0
T009190,C0098,2026-03-13,12:45,Target,78.4,Atlanta GA,Debit Card,1118,0
T009191,C0022,2026-02-16,09:00,Target,24.41,Marietta GA,Credit Card,1903,0
T009192,C0054,2026-02-08,21:43,Walmart,404.88,Charlotte NC,Debit Card,83,0
T009193,C0037,2026-03-28,20:53,Starbucks,292.9,Charlotte NC,Credit Card,1408,0
T009194,C0052,2026-01-05,07:38,Best Buy,55.77,Charlotte NC,Credit Card,1985,0
T009195,C0040,2026-03-22,14:08,Publix,300.43,Marietta GA,Credit Card,305,0
T009196,C0028,2026-01-11,14:56,Best Buy,86.39,Jonesboro GA,Credit Card,1797,0
T009197,C0062,2026-02-18,10:12,Starbucks,11.42,Charlotte NC,Debit Card,497,0
T009198,C0017,2026-02-04,15:52,PetSmart,292.88,Jonesboro GA,Credit Card,1837,0
T009199,C0034,2026-03-27,15:47,Home Depot,250.31,Marietta GA,Credit Card,1220,0
T009200,C0028,2026-02-25,22:30,Best Buy,202.13,Atlanta GA,Credit Card,1967,0
T009201,C0096,2026-01-26,20:10,Best Buy,463.62,Marietta GA,Credit Card,341,0
T009202,C0085,2026-03-09,13:25,Publix,274.9,Savannah GA,Debit Card,457,0
T009203,C0077,2026-01-28,22:39,Target,55.62,Savannah GA,Credit Card,1171,0
T009204,C0070,2026-02-26,23:33,Target,286.65,Atlanta GA,Credit Card,289,0
T009205,C0023,2026-01-18,12:17,Amazon,267.24,Marietta GA,Debit Card,1798,0
T009206,C0019,2026-01-17,10:26,Starbucks,454.74,Marietta GA,Debit Card,648,0
T009207,C0010,2026-01-19,12:57,Walmart,319.77,Atlanta GA,Debit Card,41,0
T009208,C0047,2026-02-27,19:00,Best Buy,378.69,Savannah GA,Debit Card,1520,0
T009209,C0098,2026-01-16,21:16,Best Buy,181.8,Atlanta GA,Credit Card,517,0
T009210,C0039,2026-01-31,23:53,Starbucks,273.02,Atlanta GA,Credit Card,1078,0
T009211,C0073,2026-01-13,19:38,Amazon,128.22,Charlotte NC,Credit Card,873,0
T009212,C0034,2026-01-20,18:42,Best Buy,383.99,Savannah GA,Credit Card,1801,0
T009213,C0094,2026-02-14,09:40,Home Depot,372.72,Savannah GA,Debit Card,1313,0
T009214,C0014,2026-02-05,21:51,PetSmart,61.69,Savannah GA,Debit Card,1663,0
T009215,C0088,2026-03-16,20:24,Best Buy,393.82,Charlotte NC,Debit Card,901,0
T009216,C0039,2026-02-17,07:11,Best Buy,460.19,Miami FL,Credit Card,1156,0
T009217,C0021,2026-02-05,23:11,PetSmart,208.24,Savannah GA,Debit Card,710,0
T009218,C0092,2026-02-07,15:51,Shell,192.63,Jonesboro GA,Debit Card,956,0
T009219,C0086,2026-01-25,21:42,Home Depot,28.67,Marietta GA,Credit Card,821,0
T009220,C0066,2026-03-28,22:04,Amazon,485.46,Jonesboro GA,Credit Card,510,0
T009221,C0063,2026-01-06,15:26,Starbucks,90.57,Charlotte NC,Debit Card,1561,0
T009222,C0047,2026-03-05,07:21,Amazon,37.92,Jonesboro GA,Credit Card,1688,0
T009223,C0061,2026-03-12,12:56,Starbucks,230.0,Savannah GA,Debit Card,119,0
T009224,C0007,2026-02-04,12:12,Starbucks,100.2,Charlotte NC,Credit Card,129,0
T009225,C0063,2026-03-23,08:08,PetSmart,362.53,Miami FL,Credit Card,1896,0
T009226,C0012,2026-03-11,15:03,Publix,126.83,Marietta GA,Credit Card,1782,0
T009227,C0073,2026-02-24,11:31,CVS,172.57,Jonesboro GA,Debit Card,281,0
T009228,C0072,2026-03-18,23:23,Target,103.94,Atlanta GA,Debit Card,613,0
T009229,C0036,2026-02-18,14:45,Home Depot,197.55,Atlanta GA,Debit Card,916,0
T009230,C0018,2026-02-23,16:04,CVS,334.29,Charlotte NC,Credit Card,847,0
T009231,C0045,2026-02-02,21:53,Target,163.01,Marietta GA,Debit Card,433,0
T009232,C0062,2026-01-09,15:07,Walmart,393.49,Jonesboro GA,Credit Card,774,0
T009233,C0019,2026-03-09,21:51,Amazon,222.06,Miami FL,Debit Card,151,0
T009234,C0099,2026-02-14,07:26,Walmart,139.19,Atlanta GA,Debit Card,1334,0
T009235,C0077,2026-03-27,12:32,Amazon,202.24,Jonesboro GA,Debit Card,1796,0
T009236,C0084,2026-02-08,12:41,Target,444.29,Marietta GA,Credit Card,468,0
T009237,C0056,2026-03-05,19:03,Walmart,7.83,Savannah GA,Credit Card,295,0
T009238,C0082,2026-02-01,21:15,Walmart,20.87,Charlotte NC,Debit Card,1873,0
T009239,C0051,2026-02-25,20:27,Best Buy,124.76,Miami FL,Credit Card,63,0
T009240,C0058,2026-03-24,19:01,CVS,448.78,Atlanta GA,Debit Card,120,0
T009241,C0044,2026-03-16,14:36,Publix,371.02,Miami FL,Credit Card,415,0
T009242,C0036,2026-02-19,08:23,Shell,328.23,Miami FL,Credit Card,1294,0
T009243,C0006,2026-03-13,10:26,Starbucks,306.71,Miami FL,Debit Card,1373,0
T009244,C0023,2026-02-27,15:56,Starbucks,459.78,Jonesboro GA,Debit Card,1624,0
T009245,C0014,2026-01-06,22:40,CVS,498.62,Jonesboro GA,Debit Card,1981,0
T009246,C0079,2026-02-23,13:17,Walmart,17.39,Savannah GA,Debit Card,57,0
T009247,C0075,2026-01-11,19:36,Target,439.2,Charlotte NC,Debit Card,476,0
T009248,C0016,2026-02-07,16:50,Amazon,191.96,Marietta GA,Credit Card,1660,0
T009249,C0023,2026-01-25,11:47,Home Depot,334.64,Atlanta GA,Debit Card,1585,0
T009250,C0050,2026-03-07,09:25,Shell,408.17,Jonesboro GA,Debit Card,648,0
T009251,C0075,2026-01-21,22:26,Shell,396.38,Savannah GA,Credit Card,1159,0
T009252,C0015,2026-03-01,15:41,Publix,184.01,Miami FL,Credit Card,1568,0
T009253,C0003,2026-02-26,06:27,PetSmart,287.72,Charlotte NC,Debit Card,63,0
T009254,C0086,2026-01-08,18:01,Home Depot,175.28,Atlanta GA,Credit Card,348,0
T009255,C0090,2026-02-03,23:37,CVS,475.64,Miami FL,Credit Card,1857,0
T009256,C0090,2026-02-22,21:22,PetSmart,240.6,Atlanta GA,Debit Card,1276,0
T009257,C0051,2026-03-26,06:11,Publix,388.76,Atlanta GA,Credit Card,1754,0
T009258,C0015,2026-03-30,19:19,CVS,312.15,Charlotte NC,Debit Card,1660,0
T009259,C0083,2026-02-22,06:05,PetSmart,346.35,Atlanta GA,Debit Card,856,0
T009260,C0044,2026-02-22,10:21,Best Buy,158.65,Atlanta GA,Credit Card,874,0
T009261,C0075,2026-01-09,19:50,Publix,423.76,Atlanta GA,Credit Card,1671,0
T009262,C0018,2026-01-14,14:11,Home Depot,91.64,Charlotte NC,Credit Card,1910,0
T009263,C0020,2026-02-19,21:33,Home Depot,252.07,Charlotte NC,Debit Card,734,0
T009264,C0016,2026-03-11,06:41,Amazon,305.47,Savannah GA,Credit Card,593,0
T009265,C0035,2026-01-05,07:47,Best Buy,344.45,Marietta GA,Debit Card,1336,0
T009266,C0084,2026-02-27,09:17,Starbucks,307.16,Savannah GA,Credit Card,284,0
T009267,C0014,2026-02-14,22:32,Starbucks,306.99,Atlanta GA,Credit Card,1947,0
T009268,C0094,2026-01-26,18:40,Home Depot,293.83,Jonesboro GA,Credit Card,1325,0
T009269,C0093,2026-01-29,15:37,Starbucks,49.95,Savannah GA,Credit Card,552,0
T009270,C0055,2026-01-21,16:57,Walmart,361.2,Savannah GA,Credit Card,1933,0
T009271,C0017,2026-02-13,11:08,Target,274.33,Miami FL,Credit Card,370,0
T009272,C0079,2026-01-24,13:05,Amazon,158.99,Atlanta GA,Credit Card,192,0
T009273,C0047,2026-01-02,14:55,Shell,316.81,Savannah GA,Debit Card,1307,0
T009274,C0094,2026-01-23,06:24,CVS,43.69,Miami FL,Credit Card,1383,0
T009275,C0005,2026-02-09,13:48,Publix,436.66,Marietta GA,Debit Card,1481,0
T009276,C0022,2026-01-10,10:53,Home Depot,421.64,Jonesboro GA,Debit Card,1253,0
T009277,C0086,2026-03-07,14:12,CVS,349.63,Marietta GA,Debit Card,187,0
T009278,C0001,2026-03-09,20:26,PetSmart,135.07,Jonesboro GA,Credit Card,1736,0
T009279,C0036,2026-01-01,11:03,Starbucks,7.24,Savannah GA,Credit Card,1736,0
T009280,C0097,2026-02-23,23:12,Target,35.11,Miami FL,Debit Card,332,0
T009281,C0097,2026-01-15,18:11,CVS,32.67,Marietta GA,Debit Card,1755,0
T009282,C0066,2026-01-05,20:15,Walmart,272.64,Atlanta GA,Debit Card,381,0
T009283,C0067,2026-03-22,07:29,Target,442.1,Miami FL,Debit Card,1035,0
T009284,C0020,2026-02-14,07:42,Target,218.27,Miami FL,Credit Card,714,0
T009285,C0055,2026-01-03,07:51,Publix,143.38,Jonesboro GA,Credit Card,337,0
T009286,C0056,2026-01-18,20:28,PetSmart,38.99,Atlanta GA,Debit Card,680,0
T009287,C0030,2026-01-27,08:44,CVS,133.24,Miami FL,Debit Card,1314,0
T009288,C0081,2026-03-17,22:07,Best Buy,272.24,Atlanta GA,Credit Card,1839,0
T009289,C0036,2026-03-15,11:36,Starbucks,255.99,Charlotte NC,Credit Card,1933,0
T009290,C0031,2026-02-05,10:10,Walmart,339.64,Atlanta GA,Debit Card,1883,0
T009291,C0075,2026-01-14,19:52,Shell,203.5,Savannah GA,Debit Card,871,0
T009292,C0100,2026-01-07,08:53,Target,234.37,Atlanta GA,Debit Card,71,0
T009293,C0074,2026-03-12,19:25,Starbucks,119.3,Atlanta GA,Debit Card,688,0
T009294,C0046,2026-02-12,21:10,PetSmart,492.67,Atlanta GA,Debit Card,1191,0
T009295,C0006,2026-03-11,19:51,Amazon,328.31,Jonesboro GA,Credit Card,672,0
T009296,C0010,2026-03-26,13:41,PetSmart,488.49,Savannah GA,Debit Card,1007,0
T009297,C0020,2026-01-04,18:12,PetSmart,419.17,Marietta GA,Debit Card,735,0
T009298,C0079,2026-03-31,17:04,Amazon,387.05,Atlanta GA,Credit Card,1387,0
T009299,C0006,2026-03-17,22:11,Walmart,91.46,Miami FL,Credit Card,1519,0
T009300,C0035,2026-01-11,09:00,Home Depot,112.91,Savannah GA,Credit Card,419,0
T009301,C0042,2026-03-30,08:03,Home Depot,235.28,Atlanta GA,Debit Card,1860,0
T009302,C0076,2026-02-02,16:53,Target,468.95,Marietta GA,Credit Card,1406,0
T009303,C0075,2026-03-19,18:14,Amazon,305.86,Miami FL,Debit Card,1098,0
T009304,C0085,2026-02-05,18:34,Shell,166.23,Jonesboro GA,Credit Card,1931,0
T009305,C0015,2026-01-25,07:00,CVS,90.63,Savannah GA,Debit Card,420,0
T009306,C0057,2026-03-29,17:30,Amazon,235.45,Savannah GA,Credit Card,1939,0
T009307,C0097,2026-03-30,23:53,Walmart,168.95,Miami FL,Credit Card,1483,0
T009308,C0002,2026-02-24,22:11,PetSmart,111.04,Savannah GA,Credit Card,870,0
T009309,C0009,2026-02-15,17:28,Shell,201.28,Charlotte NC,Debit Card,747,0
T009310,C0029,2026-02-22,19:35,Target,467.16,Atlanta GA,Credit Card,1277,0
T009311,C0091,2026-02-26,08:17,PetSmart,239.83,Jonesboro GA,Credit Card,1101,0
T009312,C0077,2026-03-21,09:43,Target,178.1,Marietta GA,Debit Card,860,0
T009313,C0045,2026-02-05,20:16,Amazon,285.91,Miami FL,Debit Card,49,0
T009314,C0009,2026-02-23,22:55,Publix,410.38,Miami FL,Debit Card,1784,0
T009315,C0037,2026-02-16,14:21,CVS,402.09,Marietta GA,Debit Card,1766,0
T009316,C0100,2026-01-20,14:01,Starbucks,420.66,Miami FL,Credit Card,1695,0
T009317,C0018,2026-03-16,15:12,Amazon,72.5,Atlanta GA,Credit Card,1290,0
T009318,C0057,2026-01-14,07:09,Target,491.5,Charlotte NC,Debit Card,1747,0
T009319,C0086,2026-03-26,10:43,Amazon,62.49,Miami FL,Debit Card,1443,0
T009320,C0076,2026-02-26,21:52,Walmart,25.03,Atlanta GA,Debit Card,1519,0
T009321,C0034,2026-03-07,12:08,CVS,285.81,Charlotte NC,Credit Card,635,0
T009322,C0073,2026-02-24,20:01,Publix,8.01,Atlanta GA,Credit Card,1428,0
T009323,C0023,2026-02-23,13:50,Shell,41.27,Miami FL,Credit Card,641,0
T009324,C0093,2026-01-19,21:17,PetSmart,234.32,Charlotte NC,Debit Card,1557,0
T009325,C0050,2026-03-30,20:09,PetSmart,457.38,Miami FL,Credit Card,271,0
T009326,C0099,2026-03-16,10:30,PetSmart,41.28,Miami FL,Credit Card,1266,0
T009327,C0004,2026-02-20,15:11,Walmart,475.08,Savannah GA,Debit Card,1121,0
T009328,C0064,2026-02-19,12:43,Amazon,332.38,Jonesboro GA,Debit Card,778,0
T009329,C0066,2026-01-28,17:18,PetSmart,48.21,Marietta GA,Credit Card,1521,0
T009330,C0079,2026-02-10,19:50,Starbucks,237.54,Jonesboro GA,Debit Card,1981,0
T009331,C0038,2026-03-10,09:55,Shell,106.73,Marietta GA,Credit Card,1556,0
T009332,C0048,2026-01-24,13:56,Best Buy,212.87,Atlanta GA,Credit Card,512,0
T009333,C0085,2026-02-25,06:54,Starbucks,355.69,Miami FL,Credit Card,1089,0
T009334,C0038,2026-01-05,21:08,Best Buy,487.54,Charlotte NC,Debit Card,619,0
T009335,C0100,2026-03-21,21:06,Home Depot,259.31,Atlanta GA,Credit Card,1630,0
T009336,C0063,2026-02-10,11:31,CVS,280.69,Atlanta GA,Debit Card,955,0
T009337,C0090,2026-01-21,21:20,Target,368.76,Atlanta GA,Debit Card,1468,0
T009338,C0002,2026-02-24,08:54,PetSmart,484.49,Charlotte NC,Credit Card,1723,0
T009339,C0031,2026-02-20,13:49,Starbucks,33.05,Atlanta GA,Debit Card,363,0
T009340,C0022,2026-01-13,20:36,Amazon,323.14,Savannah GA,Credit Card,1305,0
T009341,C0011,2026-01-30,19:24,Target,18.04,Atlanta GA,Credit Card,214,0
T009342,C0097,2026-01-15,20:37,CVS,231.49,Charlotte NC,Debit Card,1987,0
T009343,C0056,2026-02-21,18:31,CVS,193.48,Savannah GA,Credit Card,223,0
T009344,C0097,2026-01-23,19:42,Shell,398.53,Atlanta GA,Debit Card,1442,0
T009345,C0047,2026-01-28,11:58,CVS,31.89,Savannah GA,Credit Card,257,0
T009346,C0018,2026-02-15,09:49,PetSmart,47.17,Atlanta GA,Credit Card,1301,0
T009347,C0057,2026-02-28,13:06,Walmart,378.52,Miami FL,Debit Card,1659,0
T009348,C0055,2026-03-21,10:35,PetSmart,482.0,Marietta GA,Debit Card,1747,0
T009349,C0034,2026-01-12,20:32,Starbucks,262.2,Savannah GA,Debit Card,1758,0
T009350,C0036,2026-03-25,09:08,Walmart,273.23,Jonesboro GA,Debit Card,65,0
T009351,C0053,2026-03-02,13:30,Target,258.63,Marietta GA,Debit Card,55,0
T009352,C0014,2026-03-31,17:33,Shell,244.6,Jonesboro GA,Debit Card,1357,0
T009353,C0078,2026-01-19,17:38,Starbucks,486.43,Savannah GA,Credit Card,1066,0
T009354,C0030,2026-03-27,12:26,Amazon,297.47,Charlotte NC,Credit Card,1057,0
T009355,C0054,2026-01-11,10:45,Shell,161.46,Marietta GA,Credit Card,1680,0
T009356,C0051,2026-03-09,10:30,Target,363.3,Atlanta GA,Credit Card,1027,0
T009357,C0041,2026-03-14,23:44,Best Buy,99.6,Charlotte NC,Debit Card,465,0
T009358,C0063,2026-01-21,19:48,Best Buy,118.0,Charlotte NC,Debit Card,1762,0
T009359,C0040,2026-02-26,12:01,Starbucks,386.81,Savannah GA,Debit Card,208,0
T009360,C0034,2026-03-04,14:15,Starbucks,331.0,Marietta GA,Debit Card,608,0
T009361,C0005,2026-03-04,18:27,PetSmart,75.19,Atlanta GA,Debit Card,561,0
T009362,C0062,2026-01-04,16:24,Home Depot,263.26,Charlotte NC,Debit Card,543,0
T009363,C0016,2026-02-20,07:46,Amazon,203.41,Atlanta GA,Credit Card,344,0
T009364,C0079,2026-01-26,17:55,PetSmart,170.11,Marietta GA,Debit Card,871,0
T009365,C0001,2026-02-03,22:00,CVS,42.7,Miami FL,Credit Card,853,0
T009366,C0071,2026-03-17,17:43,Target,315.19,Atlanta GA,Debit Card,32,0
T009367,C0027,2026-01-30,21:20,Best Buy,217.83,Marietta GA,Credit Card,74,0
T009368,C0043,2026-02-23,06:10,Shell,477.6,Marietta GA,Credit Card,1016,0
T009369,C0072,2026-01-08,18:57,Shell,145.2,Savannah GA,Credit Card,1439,0
T009370,C0067,2026-02-03,17:33,Amazon,299.54,Savannah GA,Debit Card,1019,0
T009371,C0090,2026-03-02,08:02,Walmart,377.18,Marietta GA,Credit Card,1565,0
T009372,C0043,2026-02-22,20:19,Best Buy,371.8,Jonesboro GA,Credit Card,247,0
T009373,C0048,2026-03-28,10:18,Home Depot,307.17,Savannah GA,Debit Card,1515,0
T009374,C0003,2026-02-10,17:57,Home Depot,418.99,Savannah GA,Debit Card,64,0
T009375,C0059,2026-03-15,18:40,Publix,133.06,Savannah GA,Debit Card,537,0
T009376,C0100,2026-01-16,18:19,CVS,155.57,Marietta GA,Credit Card,370,0
T009377,C0036,2026-02-07,16:05,Walmart,203.28,Jonesboro GA,Credit Card,1239,0
T009378,C0010,2026-01-18,10:27,Best Buy,322.08,Atlanta GA,Credit Card,1425,0
T009379,C0043,2026-01-18,15:14,Best Buy,212.87,Savannah GA,Credit Card,1783,0
T009380,C0036,2026-03-08,07:34,Target,425.33,Savannah GA,Credit Card,1279,0
T009381,C0091,2026-02-22,10:42,Best Buy,56.16,Jonesboro GA,Debit Card,1999,0
T009382,C0015,2026-02-18,23:29,Target,410.01,Miami FL,Credit Card,1567,0
T009383,C0047,2026-01-23,22:30,PetSmart,89.36,Jonesboro GA,Credit Card,907,0
T009384,C0063,2026-03-02,08:34,Walmart,137.18,Charlotte NC,Debit Card,822,0
T009385,C0073,2026-03-19,07:16,Shell,117.6,Charlotte NC,Credit Card,105,0
T009386,C0070,2026-03-08,13:20,Walmart,74.57,Miami FL,Debit Card,1520,0
T009387,C0090,2026-01-24,20:02,Publix,54.99,Charlotte NC,Debit Card,1231,0
T009388,C0028,2026-01-09,10:21,Target,364.84,Miami FL,Credit Card,1639,0
T009389,C0084,2026-01-28,10:46,CVS,475.09,Jonesboro GA,Credit Card,620,0
T009390,C0016,2026-01-23,07:27,Starbucks,204.56,Savannah GA,Debit Card,1180,0
T009391,C0042,2026-03-20,06:45,Best Buy,422.09,Savannah GA,Credit Card,341,0
T009392,C0066,2026-01-10,09:40,Home Depot,38.97,Jonesboro GA,Debit Card,299,0
T009393,C0004,2026-02-18,08:55,Target,81.58,Jonesboro GA,Credit Card,1777,0
T009394,C0043,2026-03-30,20:42,Publix,234.53,Jonesboro GA,Credit Card,1848,0
T009395,C0012,2026-02-15,10:55,Shell,159.24,Atlanta GA,Credit Card,1097,0
T009396,C0069,2026-03-06,22:01,PetSmart,366.9,Savannah GA,Debit Card,1681,0
T009397,C0080,2026-03-30,16:09,Walmart,464.49,Charlotte NC,Debit Card,809,0
T009398,C0004,2026-03-06,17:53,Publix,484.95,Charlotte NC,Credit Card,630,0
T009399,C0094,2026-03-04,10:52,Best Buy,434.04,Jonesboro GA,Credit Card,1599,0
T009400,C0072,2026-01-10,15:16,Target,87.9,Atlanta GA,Credit Card,1173,0
T009401,C0069,2026-01-05,11:38,Best Buy,214.51,Marietta GA,Debit Card,680,0
T009402,C0048,2026-03-14,20:21,Shell,378.91,Miami FL,Debit Card,1712,0
T009403,C0024,2026-01-08,17:26,Best Buy,23.82,Jonesboro GA,Debit Card,315,0
T009404,C0068,2026-01-19,07:45,Shell,440.29,Jonesboro GA,Credit Card,1937,0
T009405,C0070,2026-03-18,19:11,Target,215.92,Charlotte NC,Credit Card,1289,0
T009406,C0088,2026-03-23,19:05,Amazon,365.36,Miami FL,Debit Card,428,0
T009407,C0049,2026-01-01,12:31,Target,9.18,Jonesboro GA,Credit Card,558,0
T009408,C0081,2026-01-20,06:39,CVS,66.42,Charlotte NC,Credit Card,888,0
T009409,C0079,2026-03-05,20:54,Home Depot,29.34,Savannah GA,Credit Card,1431,0
T009410,C0042,2026-02-12,18:08,PetSmart,184.24,Atlanta GA,Debit Card,1443,0
T009411,C0025,2026-02-09,19:54,CVS,250.88,Charlotte NC,Debit Card,1471,0
T009412,C0079,2026-02-28,22:50,Target,418.2,Charlotte NC,Debit Card,796,0
T009413,C0080,2026-03-12,06:37,Walmart,64.45,Miami FL,Debit Card,670,0
T009414,C0077,2026-01-28,10:24,CVS,191.17,Atlanta GA,Debit Card,1749,0
T009415,C0052,2026-01-08,13:06,Starbucks,367.93,Charlotte NC,Debit Card,775,0
T009416,C0032,2026-01-31,13:00,Walmart,407.18,Miami FL,Debit Card,1767,0
T009417,C0021,2026-02-23,19:35,Shell,462.78,Savannah GA,Debit Card,1366,0
T009418,C0072,2026-02-07,08:03,PetSmart,215.33,Charlotte NC,Credit Card,1070,0
T009419,C0007,2026-03-25,10:57,CVS,8.8,Charlotte NC,Credit Card,1183,0
T009420,C0079,2026-03-09,16:22,Best Buy,92.1,Savannah GA,Credit Card,266,0
T009421,C0044,2026-02-06,08:28,PetSmart,132.82,Atlanta GA,Credit Card,1682,0
T009422,C0010,2026-02-13,21:40,Walmart,328.12,Atlanta GA,Credit Card,113,0
T009423,C0043,2026-03-24,15:53,Home Depot,482.12,Marietta GA,Credit Card,1243,0
T009424,C0036,2026-02-17,07:27,Amazon,145.77,Charlotte NC,Debit Card,456,0
T009425,C0052,2026-03-30,11:32,Home Depot,284.11,Jonesboro GA,Credit Card,847,0
T009426,C0093,2026-03-28,08:04,Amazon,129.63,Savannah GA,Credit Card,1683,0
T009427,C0047,2026-01-13,18:22,Starbucks,138.16,Jonesboro GA,Debit Card,1951,0
T009428,C0007,2026-01-04,17:18,Best Buy,354.44,Jonesboro GA,Credit Card,154,0
T009429,C0097,2026-02-05,22:09,Best Buy,188.03,Miami FL,Debit Card,818,0
T009430,C0072,2026-02-01,13:02,Starbucks,172.82,Savannah GA,Credit Card,157,0
T009431,C0075,2026-01-10,08:30,Starbucks,142.85,Charlotte NC,Credit Card,1000,0
T009432,C0016,2026-03-04,13:07,Publix,217.37,Jonesboro GA,Credit Card,1479,0
T009433,C0062,2026-01-17,09:49,Shell,56.58,Marietta GA,Credit Card,1452,0
T009434,C0075,2026-03-15,21:02,Starbucks,212.81,Savannah GA,Credit Card,992,0
T009435,C0025,2026-01-30,08:01,CVS,185.16,Miami FL,Debit Card,1663,0
T009436,C0031,2026-03-08,19:12,CVS,386.09,Miami FL,Debit Card,711,0
T009437,C0077,2026-03-27,21:55,Shell,116.49,Atlanta GA,Credit Card,758,0
T009438,C0049,2026-03-04,07:38,PetSmart,128.37,Jonesboro GA,Debit Card,839,0
T009439,C0033,2026-03-07,17:04,Starbucks,209.72,Marietta GA,Debit Card,920,0
T009440,C0004,2026-03-21,08:19,Amazon,36.5,Atlanta GA,Credit Card,572,0
T009441,C0017,2026-02-05,07:15,Amazon,159.27,Miami FL,Credit Card,312,0
T009442,C0062,2026-02-02,11:09,Shell,131.16,Atlanta GA,Debit Card,775,0
T009443,C0048,2026-03-21,11:40,CVS,252.19,Marietta GA,Credit Card,49,0
T009444,C0061,2026-02-07,22:24,Shell,337.05,Jonesboro GA,Credit Card,365,0
T009445,C0078,2026-03-23,22:56,PetSmart,491.92,Miami FL,Credit Card,615,0
T009446,C0042,2026-03-15,09:57,Amazon,380.06,Miami FL,Credit Card,1315,0
T009447,C0056,2026-03-30,06:47,Best Buy,349.74,Atlanta GA,Debit Card,1216,0
T009448,C0072,2026-02-27,07:04,CVS,273.29,Marietta GA,Debit Card,992,0
T009449,C0019,2026-02-03,20:48,Target,268.91,Jonesboro GA,Credit Card,609,0
T009450,C0034,2026-03-29,13:41,Walmart,162.28,Atlanta GA,Credit Card,214,0
T009451,C0086,2026-02-23,15:37,Starbucks,357.77,Marietta GA,Credit Card,410,0
T009452,C0029,2026-02-09,17:55,Starbucks,152.05,Savannah GA,Credit Card,100,0
T009453,C0029,2026-02-24,14:39,Home Depot,155.79,Miami FL,Credit Card,1227,0
T009454,C0042,2026-02-10,12:46,Starbucks,79.87,Charlotte NC,Credit Card,998,0
T009455,C0061,2026-02-26,08:24,Shell,322.05,Marietta GA,Credit Card,619,0
T009456,C0071,2026-02-15,15:46,Shell,65.31,Marietta GA,Debit Card,1408,0
T009457,C0052,2026-01-30,22:23,Starbucks,164.81,Savannah GA,Credit Card,1859,0
T009458,C0046,2026-03-17,09:46,Publix,492.55,Miami FL,Debit Card,1876,0
T009459,C0082,2026-02-04,21:29,Home Depot,113.77,Miami FL,Credit Card,1430,0
T009460,C0033,2026-03-13,16:13,Shell,393.88,Charlotte NC,Debit Card,1472,0
T009461,C0078,2026-01-07,23:52,Target,115.44,Atlanta GA,Credit Card,455,0
T009462,C0019,2026-02-24,09:57,Target,428.27,Marietta GA,Credit Card,1910,0
T009463,C0098,2026-01-12,20:13,PetSmart,181.45,Savannah GA,Credit Card,1750,0
T009464,C0087,2026-03-23,22:40,Target,78.26,Charlotte NC,Credit Card,1699,0
T009465,C0032,2026-01-19,22:06,Amazon,221.35,Atlanta GA,Credit Card,33,0
T009466,C0008,2026-01-02,17:16,PetSmart,42.39,Jonesboro GA,Debit Card,1100,0
T009467,C0038,2026-03-13,07:03,Walmart,436.87,Jonesboro GA,Credit Card,1139,0
T009468,C0049,2026-03-25,08:20,Best Buy,261.93,Savannah GA,Debit Card,1767,0
T009469,C0027,2026-01-31,13:59,CVS,82.05,Marietta GA,Debit Card,1288,0
T009470,C0027,2026-02-04,15:27,Best Buy,288.64,Jonesboro GA,Debit Card,1927,0
T009471,C0047,2026-03-08,23:33,CVS,184.55,Marietta GA,Credit Card,771,0
T009472,C0007,2026-03-18,08:26,PetSmart,187.27,Marietta GA,Credit Card,408,0
T009473,C0085,2026-03-03,11:26,CVS,435.07,Charlotte NC,Credit Card,1271,0
T009474,C0017,2026-01-06,18:26,Publix,461.44,Marietta GA,Credit Card,329,0
T009475,C0058,2026-01-09,10:49,Starbucks,246.01,Jonesboro GA,Credit Card,106,0
T009476,C0002,2026-03-08,22:10,Home Depot,240.42,Jonesboro GA,Credit Card,296,0
T009477,C0019,2026-03-17,13:56,PetSmart,258.74,Marietta GA,Debit Card,159,0
T009478,C0064,2026-03-26,21:13,Home Depot,255.03,Jonesboro GA,Debit Card,589,0
T009479,C0007,2026-03-30,18:28,Publix,455.65,Marietta GA,Debit Card,963,0
T009480,C0002,2026-02-21,21:52,Amazon,223.92,Savannah GA,Credit Card,319,0
T009481,C0072,2026-01-16,14:43,Walmart,224.46,Marietta GA,Debit Card,857,0
T009482,C0095,2026-02-13,21:33,Publix,97.22,Atlanta GA,Credit Card,328,0
T009483,C0023,2026-03-20,20:59,Amazon,487.04,Charlotte NC,Debit Card,104,0
T009484,C0070,2026-02-18,10:39,Amazon,220.18,Jonesboro GA,Credit Card,784,0
T009485,C0087,2026-02-04,23:54,Amazon,157.92,Savannah GA,Debit Card,1000,0
T009486,C0063,2026-03-14,14:07,PetSmart,172.69,Charlotte NC,Debit Card,1056,0
T009487,C0069,2026-03-09,22:58,Amazon,273.16,Savannah GA,Credit Card,1471,0
T009488,C0096,2026-02-26,18:18,Walmart,87.27,Miami FL,Credit Card,628,0
T009489,C0093,2026-02-15,10:52,Home Depot,416.56,Atlanta GA,Debit Card,717,0
T009490,C0091,2026-02-14,16:08,Amazon,315.08,Miami FL,Credit Card,1905,0
T009491,C0042,2026-03-15,20:59,Walmart,30.14,Atlanta GA,Credit Card,440,0
T009492,C0094,2026-03-02,22:30,PetSmart,332.76,Savannah GA,Credit Card,144,0
T009493,C0026,2026-02-13,22:49,Amazon,419.92,Marietta GA,Credit Card,458,0
T009494,C0081,2026-03-21,10:32,Best Buy,102.57,Marietta GA,Credit Card,1718,0
T009495,C0045,2026-02-04,13:40,Home Depot,235.39,Charlotte NC,Debit Card,817,0
T009496,C0003,2026-01-18,23:43,Shell,124.46,Miami FL,Credit Card,1358,0
T009497,C0015,2026-01-06,15:45,PetSmart,8.18,Charlotte NC,Debit Card,981,0
T009498,C0009,2026-02-19,17:04,Home Depot,338.89,Miami FL,Credit Card,1762,0
T009499,C0030,2026-02-05,11:36,Target,443.5,Miami FL,Credit Card,862,0
T009500,C0058,2026-03-12,18:47,Amazon,130.18,Atlanta GA,Debit Card,448,0
T009501,C0069,2026-01-08,20:35,Best Buy,419.74,Jonesboro GA,Debit Card,1443,0
T009502,C0097,2026-03-18,14:39,Target,231.16,Marietta GA,Debit Card,280,0
T009503,C0061,2026-03-20,23:32,Best Buy,477.55,Jonesboro GA,Debit Card,297,0
T009504,C0029,2026-03-03,07:18,CVS,360.12,Atlanta GA,Debit Card,1309,0
T009505,C0013,2026-02-16,19:54,Shell,263.28,Charlotte NC,Credit Card,291,0
T009506,C0031,2026-03-05,11:37,Amazon,59.39,Marietta GA,Credit Card,126,0
T009507,C0005,2026-03-29,15:41,Amazon,460.87,Savannah GA,Credit Card,1036,0
T009508,C0008,2026-03-20,17:05,CVS,63.96,Charlotte NC,Debit Card,430,0
T009509,C0007,2026-03-18,07:40,PetSmart,186.73,Jonesboro GA,Debit Card,46,0
T009510,C0026,2026-02-16,21:41,Publix,321.85,Miami FL,Credit Card,1802,0
T009511,C0005,2026-01-20,19:15,Home Depot,414.04,Marietta GA,Credit Card,1663,0
T009512,C0093,2026-01-30,21:04,Walmart,250.86,Marietta GA,Credit Card,1751,0
T009513,C0083,2026-02-05,18:06,Best Buy,365.06,Jonesboro GA,Credit Card,330,0
T009514,C0081,2026-03-10,09:54,Publix,306.94,Charlotte NC,Debit Card,1452,0
T009515,C0022,2026-01-04,12:03,Amazon,343.96,Marietta GA,Credit Card,1134,0
T009516,C0092,2026-03-28,17:25,CVS,341.07,Miami FL,Credit Card,522,0
T009517,C0087,2026-01-22,09:22,Target,453.01,Atlanta GA,Debit Card,459,0
T009518,C0007,2026-02-28,19:04,Home Depot,32.38,Atlanta GA,Debit Card,985,0
T009519,C0063,2026-03-07,13:15,Home Depot,414.16,Atlanta GA,Credit Card,300,0
T009520,C0029,2026-01-19,12:42,Shell,73.08,Jonesboro GA,Debit Card,1381,0
T009521,C0011,2026-02-19,11:51,PetSmart,260.86,Charlotte NC,Debit Card,258,0
T009522,C0094,2026-03-25,19:21,Shell,210.5,Marietta GA,Debit Card,926,0
T009523,C0003,2026-02-02,09:26,PetSmart,38.44,Savannah GA,Credit Card,477,0
T009524,C0041,2026-01-24,08:58,Walmart,36.76,Charlotte NC,Credit Card,76,0
T009525,C0049,2026-01-06,18:18,Target,438.41,Atlanta GA,Debit Card,688,0
T009526,C0044,2026-03-15,14:48,Home Depot,17.28,Marietta GA,Credit Card,161,0
T009527,C0089,2026-02-18,09:38,Starbucks,182.87,Jonesboro GA,Debit Card,659,0
T009528,C0053,2026-01-20,12:47,Publix,6.21,Marietta GA,Debit Card,1077,0
T009529,C0086,2026-01-24,13:10,PetSmart,402.96,Miami FL,Credit Card,1571,0
T009530,C0095,2026-02-26,06:38,Amazon,487.52,Charlotte NC,Debit Card,1158,0
T009531,C0073,2026-02-15,08:31,Publix,493.05,Marietta GA,Debit Card,152,0
T009532,C0016,2026-01-12,11:07,Amazon,252.79,Charlotte NC,Debit Card,794,0
T009533,C0048,2026-03-21,13:55,Publix,281.8,Marietta GA,Debit Card,32,0
T009534,C0097,2026-01-14,18:05,Home Depot,106.02,Savannah GA,Credit Card,1820,0
T009535,C0072,2026-01-09,09:44,Home Depot,386.21,Atlanta GA,Debit Card,401,0
T009536,C0009,2026-03-27,06:27,Starbucks,29.71,Savannah GA,Credit Card,1442,0
T009537,C0016,2026-02-19,21:17,Walmart,364.12,Charlotte NC,Credit Card,1955,0
T009538,C0054,2026-01-25,15:36,CVS,258.07,Savannah GA,Debit Card,1632,0
T009539,C0025,2026-01-28,15:34,Target,362.29,Savannah GA,Credit Card,512,0
T009540,C0047,2026-03-11,16:28,Publix,290.22,Savannah GA,Debit Card,643,0
T009541,C0063,2026-02-12,19:18,Target,58.07,Savannah GA,Debit Card,1098,0
T009542,C0074,2026-02-03,18:37,Best Buy,80.53,Jonesboro GA,Credit Card,821,0
T009543,C0030,2026-03-10,19:00,Target,166.02,Miami FL,Credit Card,1231,0
T009544,C0079,2026-02-02,12:03,Amazon,197.03,Charlotte NC,Credit Card,1256,0
T009545,C0020,2026-03-07,10:16,Best Buy,407.39,Marietta GA,Credit Card,70,0
T009546,C0015,2026-01-27,23:07,Publix,227.99,Marietta GA,Credit Card,133,0
T009547,C0009,2026-01-27,11:18,Home Depot,123.03,Miami FL,Debit Card,1646,0
T009548,C0062,2026-03-16,18:49,Target,174.09,Jonesboro GA,Credit Card,1003,0
T009549,C0030,2026-02-19,20:49,CVS,56.06,Atlanta GA,Credit Card,391,0
T009550,C0067,2026-03-10,14:02,Target,323.97,Miami FL,Debit Card,966,0
T009551,C0031,2026-03-29,23:22,Shell,287.97,Marietta GA,Credit Card,1315,0
T009552,C0058,2026-03-08,19:45,Amazon,311.25,Jonesboro GA,Debit Card,974,0
T009553,C0044,2026-02-12,15:59,Home Depot,35.08,Miami FL,Debit Card,341,0
T009554,C0086,2026-02-17,17:30,Starbucks,24.59,Charlotte NC,Debit Card,962,0
T009555,C0084,2026-03-30,13:26,Starbucks,361.55,Atlanta GA,Credit Card,1623,0
T009556,C0071,2026-02-25,14:14,Home Depot,279.24,Charlotte NC,Credit Card,671,0
T009557,C0092,2026-03-11,21:31,Amazon,20.74,Miami FL,Credit Card,875,0
T009558,C0058,2026-02-02,08:57,Target,462.41,Marietta GA,Debit Card,172,0
T009559,C0048,2026-01-14,10:44,Amazon,483.71,Charlotte NC,Credit Card,1041,0
T009560,C0093,2026-02-21,11:03,Walmart,448.16,Savannah GA,Credit Card,868,0
T009561,C0083,2026-02-05,20:59,Starbucks,132.97,Savannah GA,Credit Card,54,0
T009562,C0073,2026-01-02,20:04,CVS,133.69,Savannah GA,Debit Card,914,0
T009563,C0019,2026-02-15,10:27,Amazon,447.65,Miami FL,Credit Card,1414,0
T009564,C0045,2026-02-26,19:56,Publix,473.1,Jonesboro GA,Debit Card,1391,0
T009565,C0066,2026-01-01,07:55,Target,419.9,Atlanta GA,Credit Card,762,0
T009566,C0054,2026-02-01,07:47,Publix,176.24,Charlotte NC,Debit Card,1390,0
T009567,C0033,2026-03-18,12:33,Walmart,103.61,Savannah GA,Debit Card,969,0
T009568,C0021,2026-02-16,12:14,PetSmart,328.46,Atlanta GA,Debit Card,750,0
T009569,C0080,2026-02-08,14:35,Starbucks,101.51,Jonesboro GA,Credit Card,1877,0
T009570,C0017,2026-01-02,09:47,Amazon,274.66,Charlotte NC,Credit Card,995,0
T009571,C0009,2026-01-10,09:34,Walmart,245.96,Savannah GA,Credit Card,913,0
T009572,C0067,2026-02-13,14:12,CVS,294.16,Marietta GA,Credit Card,597,0
T009573,C0081,2026-03-13,15:03,Publix,71.15,Savannah GA,Credit Card,1686,0
T009574,C0028,2026-03-12,22:29,Home Depot,434.97,Jonesboro GA,Credit Card,1633,0
T009575,C0001,2026-01-15,23:41,Shell,285.86,Miami FL,Credit Card,974,0
T009576,C0029,2026-03-14,16:03,Starbucks,166.7,Marietta GA,Credit Card,1290,0
T009577,C0054,2026-01-04,17:54,Starbucks,155.83,Marietta GA,Credit Card,1562,0
T009578,C0094,2026-03-12,23:15,CVS,472.19,Charlotte NC,Credit Card,527,0
T009579,C0026,2026-03-26,13:20,Amazon,106.22,Savannah GA,Debit Card,1556,0
T009580,C0068,2026-03-16,22:38,Walmart,308.2,Jonesboro GA,Credit Card,1444,0
T009581,C0044,2026-03-08,23:00,CVS,145.15,Charlotte NC,Credit Card,692,0
T009582,C0079,2026-03-04,14:25,Publix,174.39,Atlanta GA,Debit Card,646,0
T009583,C0018,2026-02-23,13:25,Starbucks,30.9,Savannah GA,Credit Card,630,0
T009584,C0060,2026-01-18,22:58,Walmart,34.65,Jonesboro GA,Debit Card,1312,0
T009585,C0006,2026-03-21,15:57,Shell,303.87,Charlotte NC,Credit Card,1319,0
T009586,C0035,2026-03-26,20:31,PetSmart,101.83,Savannah GA,Credit Card,1611,0
T009587,C0078,2026-02-27,07:07,CVS,465.24,Marietta GA,Credit Card,529,0
T009588,C0002,2026-02-04,09:37,Amazon,431.17,Savannah GA,Debit Card,1865,0
T009589,C0013,2026-02-12,20:37,PetSmart,15.57,Miami FL,Debit Card,1863,0
T009590,C0087,2026-01-07,11:31,PetSmart,15.13,Marietta GA,Credit Card,1552,0
T009591,C0009,2026-01-24,16:23,Amazon,411.14,Savannah GA,Credit Card,1025,0
T009592,C0067,2026-01-17,10:04,Shell,128.36,Atlanta GA,Credit Card,269,0
T009593,C0029,2026-01-09,23:25,Home Depot,310.03,Miami FL,Debit Card,917,0
T009594,C0004,2026-03-16,16:31,PetSmart,44.51,Atlanta GA,Debit Card,356,0
T009595,C0099,2026-03-06,14:22,Shell,280.93,Atlanta GA,Debit Card,1459,0
T009596,C0027,2026-02-14,12:46,Best Buy,314.81,Miami FL,Credit Card,1816,0
T009597,C0040,2026-02-06,11:57,Walmart,150.48,Jonesboro GA,Credit Card,1716,0
T009598,C0082,2026-03-02,13:17,Amazon,385.61,Atlanta GA,Credit Card,755,0
T009599,C0052,2026-01-04,21:42,Publix,296.93,Atlanta GA,Credit Card,375,0
T009600,C0050,2026-01-29,18:08,PetSmart,423.57,Jonesboro GA,Debit Card,679,0
T009601,C0094,2026-03-12,06:41,CVS,223.16,Miami FL,Credit Card,1492,0
T009602,C0024,2026-01-18,20:15,PetSmart,97.08,Atlanta GA,Debit Card,1016,0
T009603,C0090,2026-01-26,22:27,Starbucks,455.83,Charlotte NC,Credit Card,258,0
T009604,C0060,2026-03-12,12:21,Target,100.46,Savannah GA,Credit Card,1106,0
T009605,C0014,2026-02-15,10:19,PetSmart,19.44,Miami FL,Credit Card,1348,0
T009606,C0042,2026-03-24,23:13,Walmart,229.55,Marietta GA,Debit Card,780,0
T009607,C0040,2026-01-26,16:30,Starbucks,467.82,Atlanta GA,Credit Card,1296,0
T009608,C0051,2026-01-08,16:29,Target,151.89,Jonesboro GA,Debit Card,1226,0
T009609,C0073,2026-02-13,11:10,PetSmart,114.19,Miami FL,Debit Card,1023,0
T009610,C0091,2026-03-01,15:27,CVS,11.43,Atlanta GA,Credit Card,748,0
T009611,C0044,2026-01-31,06:11,Walmart,382.84,Savannah GA,Debit Card,1369,0
T009612,C0001,2026-03-25,11:12,Walmart,396.4,Savannah GA,Debit Card,350,0
T009613,C0007,2026-01-21,10:56,Shell,322.68,Marietta GA,Credit Card,600,0
T009614,C0060,2026-02-07,22:20,Walmart,263.36,Jonesboro GA,Credit Card,129,0
T009615,C0010,2026-02-13,06:35,Amazon,73.21,Savannah GA,Debit Card,1290,0
T009616,C0031,2026-03-09,16:57,Starbucks,423.79,Charlotte NC,Credit Card,1548,0
T009617,C0089,2026-01-09,13:10,Home Depot,164.91,Charlotte NC,Debit Card,814,0
T009618,C0078,2026-01-13,06:08,Shell,156.67,Jonesboro GA,Debit Card,1235,0
T009619,C0015,2026-02-13,22:13,Starbucks,220.67,Atlanta GA,Debit Card,1320,0
T009620,C0046,2026-02-24,10:00,PetSmart,445.46,Atlanta GA,Debit Card,1096,0
T009621,C0095,2026-03-05,12:16,CVS,291.51,Marietta GA,Debit Card,1169,0
T009622,C0028,2026-03-05,14:09,Starbucks,262.22,Miami FL,Debit Card,853,0
T009623,C0065,2026-01-08,09:29,CVS,226.45,Atlanta GA,Credit Card,1008,0
T009624,C0045,2026-03-24,08:26,Shell,21.03,Savannah GA,Debit Card,1841,0
T009625,C0081,2026-02-24,19:19,Home Depot,231.57,Atlanta GA,Debit Card,1517,0
T009626,C0002,2026-01-15,11:01,CVS,282.24,Charlotte NC,Debit Card,68,0
T009627,C0027,2026-02-28,07:42,CVS,352.51,Atlanta GA,Credit Card,659,0
T009628,C0057,2026-02-06,07:35,Best Buy,151.91,Jonesboro GA,Debit Card,1136,0
T009629,C0072,2026-03-04,11:04,Home Depot,102.6,Jonesboro GA,Credit Card,1907,0
T009630,C0074,2026-03-13,06:33,Amazon,432.15,Atlanta GA,Debit Card,1367,0
T009631,C0039,2026-02-06,19:10,Home Depot,13.48,Marietta GA,Debit Card,144,0
T009632,C0071,2026-01-22,09:23,PetSmart,114.17,Marietta GA,Debit Card,1595,0
T009633,C0051,2026-03-04,19:54,Amazon,491.15,Jonesboro GA,Credit Card,1061,0
T009634,C0019,2026-02-13,15:30,Publix,255.97,Marietta GA,Credit Card,658,0
T009635,C0027,2026-02-27,17:20,Starbucks,479.22,Charlotte NC,Debit Card,517,0
T009636,C0068,2026-02-14,14:04,Amazon,220.61,Jonesboro GA,Credit Card,416,0
T009637,C0074,2026-02-01,10:36,Walmart,436.49,Savannah GA,Debit Card,1023,0
T009638,C0073,2026-01-18,11:07,Starbucks,96.95,Charlotte NC,Credit Card,1611,0
T009639,C0019,2026-01-02,13:09,Amazon,446.86,Charlotte NC,Debit Card,1329,0
T009640,C0084,2026-03-28,11:43,Starbucks,398.73,Miami FL,Debit Card,1539,0
T009641,C0056,2026-02-24,09:01,Walmart,73.78,Atlanta GA,Debit Card,1575,0
T009642,C0068,2026-02-19,21:30,Shell,405.7,Atlanta GA,Credit Card,1436,0
T009643,C0083,2026-02-01,23:25,PetSmart,447.41,Jonesboro GA,Credit Card,422,0
T009644,C0086,2026-02-07,10:07,PetSmart,462.46,Savannah GA,Credit Card,935,0
T009645,C0070,2026-01-22,22:46,Publix,84.42,Charlotte NC,Debit Card,1391,0
T009646,C0003,2026-01-12,20:47,Shell,201.02,Charlotte NC,Credit Card,633,0
T009647,C0024,2026-03-25,23:27,Amazon,380.41,Miami FL,Credit Card,1264,0
T009648,C0012,2026-03-10,09:58,CVS,288.82,Atlanta GA,Credit Card,1001,0
T009649,C0039,2026-02-10,12:31,Publix,358.36,Jonesboro GA,Credit Card,1791,0
T009650,C0002,2026-01-23,12:14,Walmart,458.84,Jonesboro GA,Credit Card,1762,0
T009651,C0050,2026-01-11,08:25,Starbucks,146.78,Miami FL,Debit Card,1834,0
T009652,C0078,2026-02-01,23:38,Starbucks,327.71,Savannah GA,Debit Card,506,0
T009653,C0087,2026-03-26,19:41,Target,475.81,Charlotte NC,Credit Card,558,0
T009654,C0075,2026-02-27,08:27,Walmart,357.4,Marietta GA,Debit Card,1110,0
T009655,C0067,2026-01-29,08:38,CVS,296.99,Savannah GA,Credit Card,91,0
T009656,C0010,2026-02-04,06:23,Walmart,480.19,Atlanta GA,Debit Card,1581,0
T009657,C0063,2026-01-29,23:05,Shell,435.9,Jonesboro GA,Debit Card,1453,0
T009658,C0064,2026-03-18,06:50,Target,244.37,Savannah GA,Debit Card,1741,0
T009659,C0099,2026-03-09,17:12,PetSmart,125.64,Miami FL,Credit Card,510,0
T009660,C0062,2026-03-30,16:48,Amazon,103.41,Savannah GA,Credit Card,940,0
T009661,C0052,2026-03-01,11:24,Starbucks,352.98,Charlotte NC,Credit Card,1903,0
T009662,C0053,2026-02-16,22:49,CVS,440.85,Marietta GA,Credit Card,725,0
T009663,C0023,2026-01-29,17:59,Target,75.3,Miami FL,Debit Card,828,0
T009664,C0028,2026-01-18,14:13,CVS,144.57,Jonesboro GA,Debit Card,1522,0
T009665,C0038,2026-01-19,18:48,CVS,400.35,Atlanta GA,Credit Card,1601,0
T009666,C0075,2026-02-09,14:19,Starbucks,438.91,Savannah GA,Credit Card,1178,0
T009667,C0027,2026-02-17,15:21,Walmart,453.97,Jonesboro GA,Credit Card,1372,0
T009668,C0068,2026-01-29,20:31,CVS,39.73,Savannah GA,Credit Card,1637,0
T009669,C0022,2026-02-25,18:47,Home Depot,161.9,Savannah GA,Debit Card,1130,0
T009670,C0004,2026-03-30,20:53,PetSmart,172.54,Marietta GA,Debit Card,284,0
T009671,C0003,2026-02-22,17:20,PetSmart,258.84,Atlanta GA,Debit Card,1763,0
T009672,C0005,2026-01-18,12:04,Starbucks,240.78,Savannah GA,Debit Card,565,0
T009673,C0053,2026-02-27,18:22,Shell,80.08,Marietta GA,Credit Card,1028,0
T009674,C0074,2026-01-11,12:19,Best Buy,177.78,Savannah GA,Debit Card,497,0
T009675,C0099,2026-02-26,18:47,Shell,234.45,Charlotte NC,Debit Card,374,0
T009676,C0030,2026-02-01,20:35,Best Buy,206.9,Charlotte NC,Debit Card,1876,0
T009677,C0055,2026-02-15,21:31,Target,420.5,Marietta GA,Credit Card,1614,0
T009678,C0053,2026-03-21,17:58,PetSmart,33.23,Charlotte NC,Debit Card,1681,0
T009679,C0004,2026-01-11,09:05,Best Buy,177.73,Charlotte NC,Credit Card,740,0
T009680,C0085,2026-01-23,10:29,Publix,485.4,Savannah GA,Debit Card,1399,0
T009681,C0072,2026-02-03,23:00,Target,205.6,Charlotte NC,Credit Card,1611,0
T009682,C0091,2026-03-19,13:57,Shell,237.44,Savannah GA,Debit Card,437,0
T009683,C0072,2026-01-07,10:40,Amazon,394.88,Miami FL,Debit Card,1973,0
T009684,C0060,2026-02-19,12:54,Home Depot,339.31,Savannah GA,Credit Card,1414,0
T009685,C0014,2026-01-05,12:44,Shell,161.87,Atlanta GA,Credit Card,1749,0
T009686,C0078,2026-01-10,11:01,PetSmart,45.28,Miami FL,Debit Card,1755,0
T009687,C0009,2026-03-04,13:55,Target,195.49,Miami FL,Credit Card,885,0
T009688,C0070,2026-03-24,15:59,Publix,230.11,Marietta GA,Credit Card,980,0
T009689,C0054,2026-02-06,21:49,Target,174.42,Atlanta GA,Debit Card,420,0
T009690,C0065,2026-01-10,07:22,Shell,262.09,Atlanta GA,Credit Card,1766,0
T009691,C0019,2026-03-03,19:46,Target,15.32,Marietta GA,Debit Card,874,0
T009692,C0062,2026-02-19,18:18,Home Depot,308.88,Savannah GA,Credit Card,753,0
T009693,C0026,2026-01-27,09:02,Amazon,230.61,Miami FL,Credit Card,1678,0
T009694,C0057,2026-01-25,08:02,Shell,17.44,Savannah GA,Debit Card,991,0
T009695,C0057,2026-03-15,19:16,PetSmart,127.03,Marietta GA,Debit Card,192,0
T009696,C0035,2026-02-17,21:52,Shell,243.02,Atlanta GA,Credit Card,1734,0
T009697,C0073,2026-01-18,07:39,Home Depot,91.82,Miami FL,Credit Card,1277,0
T009698,C0088,2026-01-10,10:00,Amazon,451.58,Jonesboro GA,Credit Card,1984,0
T009699,C0080,2026-02-21,21:55,Home Depot,173.61,Savannah GA,Debit Card,1500,0
T009700,C0008,2026-03-12,20:02,Walmart,180.13,Jonesboro GA,Debit Card,1709,0
T009701,C0013,2026-02-28,07:12,Starbucks,492.22,Charlotte NC,Credit Card,591,0
T009702,C0013,2026-01-10,07:05,Target,271.72,Savannah GA,Credit Card,48,0
T009703,C0068,2026-02-13,10:55,Amazon,188.88,Atlanta GA,Credit Card,1641,0
T009704,C0058,2026-02-11,19:57,Home Depot,404.24,Atlanta GA,Credit Card,106,0
T009705,C0066,2026-03-26,15:05,Home Depot,394.25,Savannah GA,Credit Card,1261,0
T009706,C0050,2026-03-18,14:16,Starbucks,406.5,Miami FL,Debit Card,928,0
T009707,C0037,2026-03-05,11:15,Best Buy,362.73,Miami FL,Credit Card,374,0
T009708,C0085,2026-03-03,19:45,Target,287.8,Miami FL,Credit Card,1134,0
T009709,C0045,2026-02-18,10:44,Amazon,98.87,Miami FL,Credit Card,577,0
T009710,C0015,2026-03-13,18:15,CVS,235.61,Jonesboro GA,Credit Card,233,0
T009711,C0070,2026-03-21,23:41,CVS,261.58,Marietta GA,Debit Card,779,0
T009712,C0053,2026-02-28,12:29,Home Depot,443.9,Savannah GA,Debit Card,1439,0
T009713,C0077,2026-01-05,22:20,CVS,269.55,Jonesboro GA,Debit Card,1543,0
T009714,C0089,2026-01-19,09:59,CVS,221.05,Charlotte NC,Debit Card,810,0
T009715,C0028,2026-02-18,14:55,Shell,278.48,Miami FL,Debit Card,1917,0
T009716,C0067,2026-01-15,08:32,Walmart,168.25,Atlanta GA,Credit Card,612,0
T009717,C0018,2026-01-21,10:51,Best Buy,371.77,Jonesboro GA,Credit Card,1841,0
T009718,C0007,2026-02-11,21:49,Publix,164.43,Miami FL,Credit Card,1162,0
T009719,C0067,2026-02-18,11:46,Walmart,176.48,Charlotte NC,Credit Card,946,0
T009720,C0032,2026-01-03,19:45,Home Depot,201.24,Marietta GA,Debit Card,1452,0
T009721,C0059,2026-01-01,08:55,Walmart,186.25,Savannah GA,Credit Card,1402,0
T009722,C0061,2026-01-13,23:45,CVS,486.02,Marietta GA,Debit Card,1966,0
T009723,C0008,2026-02-18,13:46,CVS,352.99,Jonesboro GA,Debit Card,400,0
T009724,C0032,2026-03-30,13:25,Starbucks,218.47,Charlotte NC,Credit Card,1455,0
T009725,C0044,2026-03-14,21:13,Shell,45.57,Charlotte NC,Credit Card,274,0
T009726,C0009,2026-01-19,20:10,Target,423.12,Marietta GA,Credit Card,394,0
T009727,C0015,2026-03-27,09:39,Best Buy,246.81,Marietta GA,Credit Card,1246,0
T009728,C0029,2026-02-01,13:17,Home Depot,331.81,Miami FL,Credit Card,1887,0
T009729,C0003,2026-02-01,16:18,CVS,271.83,Charlotte NC,Debit Card,924,0
T009730,C0075,2026-02-24,10:16,Starbucks,194.76,Marietta GA,Credit Card,341,0
T009731,C0075,2026-02-18,13:37,CVS,488.99,Charlotte NC,Debit Card,65,0
T009732,C0058,2026-01-27,22:59,Shell,214.45,Marietta GA,Debit Card,1315,0
T009733,C0080,2026-01-04,06:11,Target,266.23,Marietta GA,Credit Card,1717,0
T009734,C0029,2026-03-29,12:04,PetSmart,15.57,Atlanta GA,Debit Card,615,0
T009735,C0009,2026-02-01,18:07,PetSmart,346.73,Charlotte NC,Credit Card,357,0
T009736,C0030,2026-03-12,14:21,CVS,275.97,Marietta GA,Credit Card,1323,0
T009737,C0036,2026-03-30,16:10,CVS,410.83,Savannah GA,Debit Card,523,0
T009738,C0099,2026-02-26,10:22,Home Depot,282.61,Charlotte NC,Debit Card,73,0
T009739,C0099,2026-01-18,13:28,Best Buy,116.2,Savannah GA,Credit Card,1704,0
T009740,C0091,2026-01-14,13:19,Walmart,442.54,Miami FL,Credit Card,1932,0
T009741,C0051,2026-03-31,08:21,Shell,303.79,Jonesboro GA,Credit Card,1414,0
T009742,C0030,2026-01-25,10:52,Amazon,282.45,Miami FL,Debit Card,1390,0
T009743,C0055,2026-03-09,08:32,Publix,63.47,Atlanta GA,Credit Card,661,0
T009744,C0084,2026-02-08,16:38,Home Depot,320.04,Miami FL,Credit Card,1809,0
T009745,C0008,2026-02-19,20:59,Amazon,383.56,Charlotte NC,Credit Card,1900,0
T009746,C0074,2026-03-13,07:24,CVS,145.59,Atlanta GA,Credit Card,1315,0
T009747,C0004,2026-01-15,21:53,Best Buy,36.97,Jonesboro GA,Debit Card,667,0
T009748,C0061,2026-02-08,07:27,Starbucks,94.03,Savannah GA,Debit Card,1134,0
T009749,C0070,2026-02-13,12:35,PetSmart,243.3,Savannah GA,Credit Card,885,0
T009750,C0050,2026-02-26,12:52,Home Depot,355.22,Miami FL,Debit Card,1522,0
T009751,C0039,2026-03-07,12:06,Starbucks,365.0,Atlanta GA,Credit Card,843,0
T009752,C0078,2026-03-15,17:15,Home Depot,361.72,Marietta GA,Credit Card,1493,0
T009753,C0039,2026-02-21,22:01,Starbucks,168.09,Charlotte NC,Credit Card,2000,0
T009754,C0059,2026-02-10,18:22,Amazon,201.02,Jonesboro GA,Credit Card,1834,0
T009755,C0023,2026-03-25,07:51,CVS,190.25,Charlotte NC,Credit Card,428,0
T009756,C0051,2026-03-22,19:40,Target,446.66,Atlanta GA,Credit Card,1938,0
T009757,C0003,2026-01-13,16:00,Publix,470.6,Atlanta GA,Credit Card,125,0
T009758,C0080,2026-02-04,19:09,Home Depot,88.95,Charlotte NC,Debit Card,950,0
T009759,C0014,2026-01-02,17:36,Best Buy,401.17,Savannah GA,Debit Card,531,0
T009760,C0098,2026-03-05,11:15,Publix,187.77,Jonesboro GA,Credit Card,1216,0
T009761,C0064,2026-02-06,10:41,Shell,398.51,Marietta GA,Debit Card,696,0
T009762,C0070,2026-03-04,15:27,CVS,309.2,Atlanta GA,Debit Card,697,0
T009763,C0012,2026-02-17,18:13,CVS,214.57,Miami FL,Debit Card,1898,0
T009764,C0096,2026-01-24,23:42,Target,397.72,Savannah GA,Credit Card,1164,0
T009765,C0066,2026-03-20,15:06,CVS,281.23,Jonesboro GA,Debit Card,1451,0
T009766,C0064,2026-02-15,10:33,Starbucks,347.42,Savannah GA,Credit Card,1158,0
T009767,C0018,2026-01-13,15:12,Home Depot,430.9,Atlanta GA,Credit Card,1386,0
T009768,C0092,2026-01-06,06:41,Walmart,177.93,Charlotte NC,Credit Card,289,0
T009769,C0100,2026-03-27,19:36,CVS,148.49,Charlotte NC,Credit Card,1453,0
T009770,C0071,2026-02-10,13:16,Walmart,273.96,Miami FL,Debit Card,802,0
T009771,C0064,2026-03-06,16:41,Walmart,441.15,Miami FL,Debit Card,105,0
T009772,C0097,2026-01-16,10:07,Best Buy,38.35,Atlanta GA,Debit Card,970,0
T009773,C0068,2026-01-24,18:27,Home Depot,220.1,Charlotte NC,Credit Card,1949,0
T009774,C0052,2026-01-18,11:56,CVS,137.93,Miami FL,Debit Card,514,0
T009775,C0030,2026-02-21,08:05,Home Depot,486.52,Jonesboro GA,Debit Card,973,0
T009776,C0073,2026-02-28,08:43,Publix,461.89,Jonesboro GA,Debit Card,1999,0
T009777,C0011,2026-02-02,15:41,PetSmart,309.99,Atlanta GA,Debit Card,1329,0
T009778,C0010,2026-02-02,16:54,Publix,498.96,Marietta GA,Debit Card,177,0
T009779,C0088,2026-01-30,10:06,Home Depot,457.65,Marietta GA,Credit Card,1746,0
T009780,C0088,2026-01-06,15:52,Home Depot,402.4,Atlanta GA,Debit Card,1224,0
T009781,C0014,2026-01-08,21:08,Publix,10.53,Savannah GA,Credit Card,914,0
T009782,C0008,2026-02-07,07:41,PetSmart,40.04,Savannah GA,Debit Card,1748,0
T009783,C0055,2026-02-06,15:22,Shell,171.58,Atlanta GA,Credit Card,241,0
T009784,C0093,2026-01-18,14:50,Starbucks,496.48,Miami FL,Credit Card,357,0
T009785,C0069,2026-02-24,19:51,CVS,59.52,Miami FL,Credit Card,1591,0
T009786,C0037,2026-03-09,13:50,CVS,337.01,Savannah GA,Credit Card,347,0
T009787,C0041,2026-03-12,17:39,CVS,153.53,Jonesboro GA,Debit Card,252,0
T009788,C0097,2026-03-16,12:14,Amazon,179.09,Marietta GA,Debit Card,553,0
T009789,C0047,2026-01-12,22:31,Home Depot,276.41,Marietta GA,Credit Card,258,0
T009790,C0051,2026-02-14,19:35,CVS,373.96,Jonesboro GA,Debit Card,1845,0
T009791,C0100,2026-03-22,11:19,CVS,376.44,Charlotte NC,Credit Card,1354,0
T009792,C0059,2026-02-12,21:42,Best Buy,238.85,Miami FL,Credit Card,1198,0
T009793,C0057,2026-02-11,14:26,Publix,98.93,Charlotte NC,Credit Card,414,0
T009794,C0055,2026-01-14,12:43,PetSmart,477.86,Charlotte NC,Debit Card,918,0
T009795,C0002,2026-03-17,14:59,Best Buy,411.43,Marietta GA,Debit Card,575,0
T009796,C0060,2026-02-11,21:24,Starbucks,159.12,Savannah GA,Credit Card,1257,0
T009797,C0076,2026-01-14,15:33,CVS,159.71,Miami FL,Debit Card,1242,0
T009798,C0032,2026-01-27,19:01,Amazon,201.75,Charlotte NC,Credit Card,167,0
T009799,C0040,2026-03-29,20:31,Shell,185.41,Savannah GA,Credit Card,1378,0
T009800,C0010,2026-02-16,18:05,CVS,167.51,Jonesboro GA,Debit Card,569,0
T009801,C0005,2026-01-11,22:18,CVS,409.83,Savannah GA,Debit Card,241,0
T009802,C0019,2026-02-01,17:08,Best Buy,166.17,Jonesboro GA,Credit Card,1254,0
T009803,C0029,2026-03-31,21:12,Starbucks,205.82,Marietta GA,Debit Card,1454,0
T009804,C0085,2026-03-07,19:17,Walmart,94.38,Jonesboro GA,Debit Card,720,0
T009805,C0087,2026-02-21,08:29,Amazon,50.67,Marietta GA,Debit Card,1691,0
T009806,C0033,2026-03-20,14:22,CVS,321.43,Miami FL,Credit Card,1346,0
T009807,C0021,2026-01-02,17:20,Starbucks,261.05,Savannah GA,Credit Card,1639,0
T009808,C0034,2026-02-23,23:33,PetSmart,355.28,Atlanta GA,Credit Card,1022,0
T009809,C0031,2026-02-23,10:01,Walmart,406.32,Charlotte NC,Credit Card,1701,0
T009810,C0045,2026-02-20,14:03,Best Buy,120.12,Charlotte NC,Credit Card,1610,0
T009811,C0075,2026-01-21,20:05,PetSmart,377.44,Savannah GA,Credit Card,1926,0
T009812,C0085,2026-02-22,13:07,Starbucks,463.17,Charlotte NC,Credit Card,70,0
T009813,C0094,2026-02-17,15:02,CVS,454.36,Savannah GA,Debit Card,931,0
T009814,C0064,2026-02-23,22:09,Shell,480.74,Miami FL,Credit Card,1937,0
T009815,C0002,2026-01-12,10:29,Shell,420.7,Marietta GA,Credit Card,1023,0
T009816,C0028,2026-01-22,21:34,Target,151.54,Savannah GA,Debit Card,1267,0
T009817,C0083,2026-03-13,21:10,Shell,274.6,Marietta GA,Debit Card,582,0
T009818,C0018,2026-03-30,18:20,PetSmart,140.04,Jonesboro GA,Credit Card,1735,0
T009819,C0008,2026-03-15,17:13,Publix,414.81,Miami FL,Credit Card,250,0
T009820,C0055,2026-03-23,14:35,Shell,190.03,Savannah GA,Credit Card,1651,0
T009821,C0072,2026-01-05,21:41,PetSmart,352.37,Jonesboro GA,Credit Card,1323,0
T009822,C0081,2026-03-11,22:43,Amazon,175.72,Marietta GA,Debit Card,1205,0
T009823,C0031,2026-03-03,08:53,Starbucks,320.53,Marietta GA,Credit Card,1981,0
T009824,C0005,2026-03-11,09:36,Home Depot,468.26,Marietta GA,Credit Card,578,0
T009825,C0008,2026-03-03,20:22,Amazon,286.5,Marietta GA,Debit Card,1336,0
T009826,C0081,2026-03-11,13:22,CVS,195.08,Marietta GA,Credit Card,1082,0
T009827,C0071,2026-03-28,23:26,Shell,292.67,Jonesboro GA,Debit Card,1029,0
T009828,C0082,2026-01-19,13:44,Home Depot,254.22,Atlanta GA,Credit Card,1443,0
T009829,C0014,2026-03-05,18:42,Target,405.55,Miami FL,Debit Card,605,0
T009830,C0058,2026-02-15,18:24,Publix,444.63,Charlotte NC,Credit Card,534,0
T009831,C0067,2026-01-22,11:28,Home Depot,453.1,Charlotte NC,Credit Card,48,0
T009832,C0052,2026-01-31,07:34,CVS,230.74,Savannah GA,Debit Card,1696,0
T009833,C0040,2026-02-27,20:02,Starbucks,454.41,Miami FL,Debit Card,1333,0
T009834,C0018,2026-03-27,14:55,Amazon,337.71,Savannah GA,Credit Card,895,0
T009835,C0030,2026-01-03,08:56,Best Buy,75.02,Charlotte NC,Credit Card,1945,0
T009836,C0045,2026-02-02,08:46,Shell,69.66,Savannah GA,Credit Card,389,0
T009837,C0082,2026-01-25,09:42,Starbucks,340.0,Miami FL,Debit Card,1238,0
T009838,C0034,2026-01-20,19:58,Target,408.22,Charlotte NC,Debit Card,1526,0
T009839,C0087,2026-02-12,22:03,Publix,63.46,Charlotte NC,Credit Card,1751,0
T009840,C0023,2026-03-22,11:06,Walmart,50.61,Marietta GA,Credit Card,1396,0
T009841,C0090,2026-02-09,10:03,Home Depot,39.57,Atlanta GA,Debit Card,1981,0
T009842,C0015,2026-02-11,21:50,Home Depot,372.93,Charlotte NC,Debit Card,489,0
T009843,C0002,2026-03-02,10:30,CVS,207.87,Miami FL,Credit Card,1834,0
T009844,C0025,2026-02-13,23:19,Home Depot,211.03,Atlanta GA,Credit Card,1772,0
T009845,C0047,2026-02-14,15:47,Best Buy,343.1,Marietta GA,Credit Card,44,0
T009846,C0095,2026-02-11,19:32,Publix,5.38,Marietta GA,Debit Card,235,0
T009847,C0097,2026-03-08,17:43,Publix,416.08,Jonesboro GA,Credit Card,352,0
T009848,C0013,2026-03-14,19:08,PetSmart,95.05,Charlotte NC,Debit Card,1931,0
T009849,C0020,2026-02-06,19:30,CVS,362.64,Marietta GA,Credit Card,249,0
T009850,C0070,2026-02-26,12:08,Shell,41.75,Jonesboro GA,Debit Card,956,0
T009851,C0039,2026-03-27,18:28,Amazon,200.21,Atlanta GA,Debit Card,1767,0
T009852,C0084,2026-01-13,22:46,Shell,470.48,Charlotte NC,Credit Card,1947,0
T009853,C0092,2026-03-16,17:12,Shell,455.79,Savannah GA,Debit Card,735,0
T009854,C0074,2026-01-19,14:57,Best Buy,480.57,Atlanta GA,Debit Card,1944,0
T009855,C0007,2026-03-31,10:56,Home Depot,194.39,Jonesboro GA,Debit Card,89,0
T009856,C0099,2026-02-08,20:07,Publix,96.29,Savannah GA,Credit Card,1120,0
T009857,C0008,2026-02-07,13:29,Amazon,404.03,Charlotte NC,Credit Card,241,0
T009858,C0008,2026-01-24,18:03,Shell,323.2,Charlotte NC,Debit Card,1241,0
T009859,C0052,2026-02-28,20:21,Walmart,161.12,Atlanta GA,Debit Card,1622,0
T009860,C0019,2026-02-22,19:31,Starbucks,255.68,Atlanta GA,Debit Card,939,0
T009861,C0039,2026-03-22,08:25,Home Depot,10.6,Atlanta GA,Credit Card,445,0
T009862,C0089,2026-02-24,13:59,Best Buy,67.07,Miami FL,Debit Card,463,0
T009863,C0056,2026-02-10,16:57,Target,487.43,Miami FL,Credit Card,1250,0
T009864,C0097,2026-01-19,23:31,Best Buy,85.26,Jonesboro GA,Debit Card,1726,0
T009865,C0071,2026-02-08,20:24,Target,338.67,Charlotte NC,Debit Card,408,0
T009866,C0087,2026-03-04,07:50,Amazon,83.12,Miami FL,Credit Card,1771,0
T009867,C0077,2026-03-01,21:05,Shell,280.81,Savannah GA,Credit Card,1829,0
T009868,C0096,2026-02-03,19:03,Best Buy,261.89,Jonesboro GA,Credit Card,553,0
T009869,C0085,2026-03-26,13:27,CVS,79.92,Miami FL,Credit Card,1863,0
T009870,C0026,2026-03-26,11:38,Starbucks,449.64,Marietta GA,Credit Card,947,0
T009871,C0077,2026-02-08,21:09,Home Depot,110.18,Atlanta GA,Credit Card,1560,0
T009872,C0006,2026-03-10,19:24,CVS,454.59,Savannah GA,Debit Card,1018,0
T009873,C0045,2026-02-26,18:29,Target,190.31,Miami FL,Debit Card,81,0
T009874,C0032,2026-03-21,08:19,CVS,243.08,Charlotte NC,Credit Card,504,0
T009875,C0070,2026-01-01,16:56,Amazon,338.68,Miami FL,Debit Card,479,0
T009876,C0002,2026-02-18,07:57,Home Depot,110.26,Charlotte NC,Credit Card,240,0
T009877,C0038,2026-01-11,23:43,Best Buy,178.47,Savannah GA,Credit Card,1178,0
T009878,C0067,2026-01-07,13:10,Home Depot,439.33,Charlotte NC,Credit Card,1548,0
T009879,C0022,2026-01-05,15:56,Shell,122.15,Charlotte NC,Credit Card,429,0
T009880,C0058,2026-02-20,19:49,Shell,227.28,Jonesboro GA,Debit Card,1916,0
T009881,C0093,2026-01-11,10:31,Amazon,13.82,Miami FL,Debit Card,709,0
T009882,C0065,2026-02-17,15:57,Shell,246.91,Charlotte NC,Credit Card,1728,0
T009883,C0058,2026-01-07,08:37,CVS,234.82,Marietta GA,Credit Card,338,0
T009884,C0033,2026-03-03,18:13,Best Buy,308.07,Savannah GA,Debit Card,533,0
T009885,C0061,2026-02-10,09:55,Target,302.32,Charlotte NC,Credit Card,979,0
T009886,C0004,2026-01-07,22:51,Home Depot,211.07,Savannah GA,Credit Card,254,0
T009887,C0060,2026-01-28,16:10,Walmart,200.74,Marietta GA,Debit Card,619,0
T009888,C0020,2026-02-05,16:15,Home Depot,292.25,Atlanta GA,Debit Card,1674,0
T009889,C0090,2026-01-21,20:08,Home Depot,174.92,Jonesboro GA,Debit Card,600,0
T009890,C0035,2026-03-22,23:28,PetSmart,396.97,Jonesboro GA,Credit Card,1320,0
T009891,C0083,2026-01-12,15:56,CVS,332.12,Charlotte NC,Credit Card,1090,0
T009892,C0019,2026-03-20,11:23,CVS,482.68,Marietta GA,Credit Card,1417,0
T009893,C0074,2026-02-11,06:24,CVS,485.81,Savannah GA,Debit Card,884,0
T009894,C0004,2026-03-09,18:22,Target,175.96,Atlanta GA,Debit Card,223,0
T009895,C0011,2026-02-17,23:06,Publix,165.36,Atlanta GA,Credit Card,1671,0
T009896,C0070,2026-03-25,06:22,Walmart,210.92,Charlotte NC,Credit Card,897,0
T009897,C0088,2026-01-25,19:01,PetSmart,321.57,Savannah GA,Credit Card,112,0
T009898,C0069,2026-01-04,19:15,Shell,272.27,Charlotte NC,Credit Card,1505,0
T009899,C0078,2026-02-01,19:37,CVS,267.16,Marietta GA,Debit Card,1467,0
T009900,C0015,2026-02-27,11:53,Walmart,332.94,Miami FL,Debit Card,1823,0
T009901,C0009,2026-01-01,09:27,CVS,102.98,Atlanta GA,Debit Card,706,0
T009902,C0012,2026-03-03,11:06,Best Buy,20.45,Miami FL,Credit Card,698,0
T009903,C0026,2026-01-27,16:32,Publix,15.1,Savannah GA,Credit Card,951,0
T009904,C0011,2026-03-26,17:20,PetSmart,9.9,Atlanta GA,Credit Card,1957,0
T009905,C0085,2026-02-27,22:37,Publix,376.07,Atlanta GA,Credit Card,54,0
T009906,C0008,2026-01-17,17:22,Publix,76.54,Marietta GA,Debit Card,1389,0
T009907,C0034,2026-01-22,12:11,Amazon,132.55,Charlotte NC,Credit Card,1350,0
T009908,C0011,2026-01-01,10:21,Starbucks,103.56,Charlotte NC,Debit Card,1085,0
T009909,C0085,2026-03-22,08:15,Amazon,112.93,Marietta GA,Credit Card,306,0
T009910,C0018,2026-03-25,21:41,PetSmart,445.96,Savannah GA,Credit Card,569,0
T009911,C0039,2026-03-23,22:06,PetSmart,10.92,Charlotte NC,Credit Card,277,0
T009912,C0004,2026-03-13,21:26,PetSmart,404.57,Charlotte NC,Credit Card,1719,0
T009913,C0049,2026-01-26,15:40,PetSmart,173.07,Miami FL,Debit Card,1362,0
T009914,C0025,2026-01-29,20:02,Amazon,258.61,Jonesboro GA,Debit Card,1629,0
T009915,C0009,2026-02-21,08:13,Target,103.61,Miami FL,Credit Card,832,0
T009916,C0028,2026-01-03,16:03,PetSmart,16.9,Charlotte NC,Debit Card,481,0
T009917,C0032,2026-03-26,21:35,Publix,200.57,Atlanta GA,Credit Card,1575,0
T009918,C0037,2026-01-31,19:51,Publix,314.46,Charlotte NC,Debit Card,1811,0
T009919,C0022,2026-03-26,10:51,Publix,126.28,Marietta GA,Credit Card,916,0
T009920,C0001,2026-01-17,18:56,Starbucks,97.34,Savannah GA,Credit Card,1293,0
T009921,C0078,2026-03-01,06:08,Starbucks,320.13,Savannah GA,Credit Card,407,0
T009922,C0078,2026-03-04,16:05,Shell,13.05,Charlotte NC,Credit Card,1764,0
T009923,C0009,2026-03-31,14:00,Walmart,304.66,Marietta GA,Credit Card,1207,0
T009924,C0100,2026-03-13,17:40,CVS,211.91,Savannah GA,Debit Card,807,0
T009925,C0036,2026-02-26,08:13,Publix,380.53,Miami FL,Credit Card,1824,0
T009926,C0005,2026-02-07,15:11,Amazon,393.44,Marietta GA,Credit Card,1504,0
T009927,C0022,2026-01-28,10:05,Target,369.53,Marietta GA,Debit Card,1608,0
T009928,C0032,2026-02-07,11:39,Amazon,325.03,Atlanta GA,Credit Card,707,0
T009929,C0049,2026-03-18,12:43,Walmart,377.27,Marietta GA,Credit Card,33,0
T009930,C0075,2026-01-04,11:01,Publix,322.95,Miami FL,Debit Card,1606,0
T009931,C0058,2026-03-30,11:20,Publix,14.83,Marietta GA,Credit Card,761,0
T009932,C0051,2026-02-25,06:27,CVS,258.16,Marietta GA,Credit Card,1476,0
T009933,C0021,2026-03-09,21:18,Amazon,136.51,Charlotte NC,Credit Card,647,0
T009934,C0030,2026-02-15,19:08,PetSmart,178.53,Marietta GA,Credit Card,1962,0
T009935,C0063,2026-03-17,21:24,Best Buy,22.32,Marietta GA,Credit Card,1595,0
T009936,C0030,2026-02-01,20:57,Starbucks,231.66,Jonesboro GA,Credit Card,820,0
T009937,C0063,2026-03-16,09:17,Shell,119.6,Miami FL,Credit Card,329,0
T009938,C0002,2026-03-20,15:04,Amazon,388.93,Savannah GA,Debit Card,1658,0
T009939,C0040,2026-01-31,22:35,Amazon,19.36,Atlanta GA,Debit Card,995,0
T009940,C0090,2026-02-17,13:45,Home Depot,483.78,Jonesboro GA,Credit Card,1629,0
T009941,C0026,2026-01-24,23:56,PetSmart,444.41,Atlanta GA,Debit Card,607,0
T009942,C0002,2026-01-29,22:00,Home Depot,208.74,Charlotte NC,Debit Card,404,0
T009943,C0085,2026-01-07,07:52,Home Depot,39.16,Jonesboro GA,Credit Card,617,0
T009944,C0083,2026-03-31,17:45,Target,466.99,Savannah GA,Debit Card,220,0
T009945,C0048,2026-03-03,07:12,Publix,134.53,Miami FL,Debit Card,1811,0
T009946,C0018,2026-03-20,17:46,Target,12.39,Miami FL,Debit Card,113,0
T009947,C0093,2026-01-30,17:39,Home Depot,86.51,Miami FL,Debit Card,572,0
T009948,C0002,2026-03-11,07:57,Starbucks,208.85,Charlotte NC,Credit Card,901,0
T009949,C0071,2026-01-27,18:55,Target,315.77,Marietta GA,Debit Card,329,0
T009950,C0019,2026-01-24,19:21,Shell,219.2,Charlotte NC,Debit Card,775,0
T009951,C0053,2026-01-17,13:21,Target,330.12,Jonesboro GA,Debit Card,1380,0
T009952,C0045,2026-03-30,23:18,Target,233.38,Savannah GA,Credit Card,962,0
T009953,C0077,2026-03-16,14:59,Starbucks,444.92,Savannah GA,Credit Card,1824,0
T009954,C0036,2026-01-29,18:03,Best Buy,115.74,Atlanta GA,Debit Card,888,0
T009955,C0091,2026-03-29,06:27,Home Depot,251.73,Jonesboro GA,Debit Card,1511,0
T009956,C0090,2026-01-09,11:24,PetSmart,306.31,Jonesboro GA,Credit Card,91,0
T009957,C0020,2026-02-27,08:06,Home Depot,16.57,Savannah GA,Credit Card,82,0
T009958,C0055,2026-01-19,12:09,Shell,445.97,Miami FL,Credit Card,1969,0
T009959,C0046,2026-03-11,23:59,Home Depot,35.67,Savannah GA,Credit Card,1758,0
T009960,C0013,2026-03-19,15:24,Shell,272.82,Miami FL,Debit Card,1436,0
T009961,C0043,2026-01-23,10:38,Shell,94.24,Atlanta GA,Credit Card,872,0
T009962,C0008,2026-03-13,11:50,Best Buy,128.58,Miami FL,Credit Card,1526,0
T009963,C0016,2026-03-21,16:52,PetSmart,372.21,Charlotte NC,Credit Card,325,0
T009964,C0089,2026-03-08,10:13,Target,218.14,Miami FL,Debit Card,1665,0
T009965,C0085,2026-02-28,19:45,CVS,164.94,Savannah GA,Debit Card,789,0
T009966,C0075,2026-03-13,21:52,Shell,115.95,Charlotte NC,Debit Card,1343,0
T009967,C0085,2026-02-26,09:57,Home Depot,296.92,Jonesboro GA,Debit Card,1697,0
T009968,C0011,2026-02-06,22:57,Home Depot,349.17,Miami FL,Debit Card,262,0
T009969,C0068,2026-03-03,23:53,PetSmart,103.51,Atlanta GA,Debit Card,963,0
T009970,C0034,2026-02-26,12:10,PetSmart,384.94,Marietta GA,Debit Card,1738,0
T009971,C0050,2026-02-13,13:25,Home Depot,211.38,Atlanta GA,Credit Card,661,0
T009972,C0007,2026-03-31,11:43,PetSmart,71.03,Charlotte NC,Debit Card,1133,0
T009973,C0020,2026-03-17,16:45,Walmart,316.44,Savannah GA,Debit Card,1293,0
T009974,C0053,2026-02-01,10:17,Starbucks,49.11,Charlotte NC,Debit Card,733,0
T009975,C0077,2026-01-10,15:42,Target,123.87,Charlotte NC,Credit Card,1429,0
T009976,C0011,2026-03-08,10:21,Shell,406.73,Marietta GA,Credit Card,1771,0
T009977,C0033,2026-02-09,12:34,Publix,129.26,Charlotte NC,Credit Card,1941,0
T009978,C0019,2026-02-18,10:02,Publix,265.97,Atlanta GA,Credit Card,744,0
T009979,C0009,2026-01-10,17:37,Walmart,348.14,Marietta GA,Debit Card,651,0
T009980,C0097,2026-03-11,12:18,CVS,360.43,Charlotte NC,Credit Card,1217,0
T009981,C0037,2026-01-18,20:03,Starbucks,179.52,Miami FL,Credit Card,888,0
T009982,C0002,2026-03-03,18:18,PetSmart,141.14,Savannah GA,Credit Card,322,0
T009983,C0030,2026-03-24,07:15,Best Buy,248.88,Miami FL,Credit Card,1629,0
T009984,C0017,2026-01-09,20:41,Shell,117.21,Marietta GA,Credit Card,966,0
T009985,C0076,2026-01-14,20:03,Starbucks,479.44,Charlotte NC,Credit Card,103,0
T009986,C0047,2026-02-20,06:39,Starbucks,430.56,Jonesboro GA,Debit Card,79,0
T009987,C0013,2026-01-05,23:18,Starbucks,243.29,Savannah GA,Credit Card,1887,0
T009988,C0003,2026-03-15,14:12,Starbucks,323.29,Savannah GA,Credit Card,216,0
T009989,C0045,2026-03-19,21:07,Starbucks,379.91,Atlanta GA,Credit Card,997,0
T009990,C0067,2026-03-25,18:44,Best Buy,175.79,Charlotte NC,Credit Card,1761,0
T009991,C0012,2026-03-11,18:17,Publix,214.26,Savannah GA,Credit Card,1400,0
T009992,C0050,2026-02-11,18:36,Publix,145.78,Charlotte NC,Credit Card,822,0
T009993,C0001,2026-03-22,21:52,Best Buy,117.76,Marietta GA,Debit Card,663,0
T009994,C0078,2026-03-02,08:51,Starbucks,266.65,Miami FL,Credit Card,1596,0
T009995,C0010,2026-02-06,12:07,Amazon,120.54,Charlotte NC,Debit Card,506,0
T009996,C0032,2026-03-04,07:27,Target,344.96,Atlanta GA,Credit Card,1506,0
T009997,C0037,2026-03-09,12:57,Publix,442.47,Jonesboro GA,Debit Card,1671,0
T009998,C0074,2026-03-02,08:01,CVS,425.01,Atlanta GA,Debit Card,519,0
T009999,C0006,2026-01-15,18:04,Amazon,296.0,Marietta GA,Debit Card,1081,0
T010000,C0043,2026-01-07,19:16,Walmart,202.38,Marietta GA,Debit Card,608,0
T010001,C0025,2026-03-15,02:03,Electronics Store,5000.0,Miami FL,Credit Card,420,1
T010002,C0025,2026-03-15,02:09,Electronics Store,5000.0,Miami FL,Credit Card,420,1
T010003,C0025,2026-03-15,02:16,Electronics Store,5000.0,Miami FL,Credit Card,420,1
T010004,C0025,2026-03-15,02:22,Electronics Store,5000.0,Miami FL,Credit Card,420,1
T010005,C0068,2026-02-18,14:35,Luxury Retail,7500.0,Atlanta GA,Credit Card,980,1
T010006,C0084,2026-01-28,18:02,Online Marketplace,820.4,Charlotte NC,Debit Card,260,1
T010007,C0084,2026-01-28,18:08,Online Marketplace,910.25,Charlotte NC,Debit Card,260,1
T010008,C0084,2026-01-28,18:14,Online Marketplace,760.9,Charlotte NC,Debit Card,260,1
T010009,C0084,2026-01-28,18:19,Online Marketplace,845.75,Charlotte NC,Debit Card,260,1
T010010,C0091,2026-03-02,11:05,Wire Transfer,2000.0,Savannah GA,Credit Card,710,1
T010011,C0091,2026-03-02,11:17,Wire Transfer,2000.0,Savannah GA,Credit Card,710,1
T010012,C0091,2026-03-02,11:29,Wire Transfer,2000.0,Savannah GA,Credit Card,710,1
T010013,C0042,2026-02-10,01:45,Hotel,3200.0,Miami FL,Credit Card,1450,0
